Acc. Surface Area [m^2/g],Void Fraction,PLD,LCD,Density,Channel Volume
-0.33070092003714935,0.05545991628508402,0.2312085189895395,-0.008559136973538797,0.03469956846480883,0.02512045254892051
0.1080992904899176,0.05545990339402728,0.23120851027973324,-0.00855914412337988,0.034699583971329634,0.025120470987167177
-0.3307009299693166,0.1447728095401545,0.23120851261774095,-0.008559141705821602,0.034699587659755116,0.025120472168782732
-0.33070097294985346,0.055459909179868844,0.15207748075675545,-0.008559123950544742,0.03469957681178739,0.025120462630487405
-0.3307009454932997,0.05545989458138749,0.23120852256737048,-0.1421082323611094,0.03469959327291392,0.02512047251026764
-0.3307009196413373,0.05545991678372963,0.2312085282756017,-0.008559141529258366,0.04288411464658571,0.02512045293503133
-0.33070092780399163,0.055459926574258175,0.2312085324743144,-0.008559127514793858,0.034699580001567205,-0.0059846259575958086
0.10809934993352126,0.1447728755360005,0.1520775053979985,-0.14210827192485662,0.0428841227316298,-0.005984646347739542
0.04270965749553102,-0.207366664534978,-0.15384022069047215,0.047381121925233693,-0.07175634194669937,-0.033168284154574686
-0.20030361240690878,-0.20736664249173692,-0.15384021175753643,0.04738113685355849,-0.07175633158185525,-0.03316827366555417
0.0427096635627095,-0.10395963630677824,-0.1538402273086832,0.047381120464221334,-0.07175634225714023,-0.0331682847230695
0.042709663325998404,-0.207366646063747,-0.17855077027149194,0.04738111177381752,-0.07175634251907467,-0.033168284154574665
0.042709668393945355,-0.20736665319612577,-0.1538402124191635,0.10094711163158852,-0.07175636300817133,-0.033168304304126615
0.04270965847535995,-0.20736666744536117,-0.15384022384920784,0.04738112191553235,0.014085080688043261,-0.033168284377704034
0.04270965763910994,-0.2073666658155466,-0.15384022135791997,0.047381122086274784,-0.07175634360949819,0.00808045791733708
-0.20030360961682167,-0.1039596231305041,-0.17855077089431398,0.100947096150291,0.01408507890494854,0.008080458348073694
0.14979536947794267,0.1736349448018397,-0.0024963162373751735,0.10585230282934695,0.005674753433171012,0.013033622285971998
0.19350919243879625,0.17363495649381863,-0.002496284714046393,0.10585232384619306,0.005674714100314206,0.013033582485513742
0.1497953172462683,-0.24338482222325805,-0.0024962925410364177,0.10585232738327863,0.005674778068593387,0.013033643811165074
0.14979536539176486,0.17363493618516568,-0.060574219143018186,0.10585232548182831,0.005674734453593011,0.013033602817449688
0.14979535662957164,0.1736349274986424,-0.0024962544150185506,-0.03469469159996765,0.0056747181263441466,0.013033583226691337
0.14979537082836036,0.17363494623762882,-0.0024963160258874018,0.10585230360544912,-0.053376764251152176,0.013033622524623423
0.1497953613870778,0.17363493500160995,-0.002496317248248281,0.10585229851227879,0.0056747512988901015,-0.03841994275377764
0.19350920743114952,-0.24338476345486332,-0.06057423550325138,-0.03469474344165058,-0.05337681414869923,-0.03841996367167066
-0.11332981059482947,-0.0708832180981213,-0.19073406119132422,-0.17908482202522785,0.04232233533984994,-0.01210626891891775
-0.018737128107265202,-0.07088322070970508,-0.1907340623671191,-0.1790848178148736,0.042322322553567014,-0.01210624857534015
-0.11332981363132907,0.024705098022241245,-0.19073406148042235,-0.1790848164644559,0.04232232285430667,-0.012106248334748604
-0.1133298487033852,-0.07088324245802756,0.41431574618521494,-0.17908481386839425,0.04232233018459133,-0.012106227876696102
-0.11332980991185963,-0.07088321971047362,-0.1907340562708366,0.06411643050184171,0.042322332183054395,-0.012106266481957006
-0.11332982676685792,-0.07088323080679387,-0.19073406772222382,-0.1790848206457062,0.037044310457228447,-0.01210626090372292
-0.11332980942873593,-0.07088321727933355,-0.19073405897361237,-0.17908482051182872,0.04232233458703085,0.02669402528554221
-0.01873717472578096,0.02470505690434949,0.4143158122683723,0.06411645508099657,0.0370443409269985,0.02669403360147642
-0.028347322994765566,0.23011424453191784,-0.09098045715751756,-0.045719778064328,0.03981176854770943,0.010786171259436164
0.15517031152849092,0.23011429341859196,-0.09098045044811451,-0.04571977176237858,0.03981170821352858,0.010786110436310947
-0.028347313402142957,-0.17215702193401142,-0.09098044214576179,-0.045719769886151576,0.03981175115137989,0.010786151587187098
-0.02834728499874476,0.23011428426834774,-0.13351742862917804,-0.04571977917997482,0.03981172908097508,0.010786131627780061
-0.028347296287150468,0.23011426351731656,-0.09098045672872113,0.054309326328802865,0.03981174976021673,0.01078615044049605
-0.028347342692237997,0.23011423452020024,-0.09098047771646336,-0.04571979931206446,-0.10405670570520073,0.010786151468831426
-0.028347322963721472,0.23011424456296195,-0.09098045712647346,-0.04571977809537208,0.039811768516665326,0.015432830125791969
0.15517031029254832,-0.17215697972569627,-0.13351744742637192,0.05430928972200497,-0.10405673334413837,0.01543278101404813
0.18914325911706942,-0.006583986332407421,0.36387216476141504,0.06999442794670652,-0.026234470480509753,-0.009230500426686734
-0.10189119203714667,-0.006583992302573061,0.3638721591928821,0.06999442377709786,-0.026234463844836457,-0.009230500267585763
0.1891432599707817,0.08570689263481955,0.3638721633430884,0.06999442808834513,-0.026234470633790027,-0.009230500521759222
0.1891432656149846,-0.0065839857367488985,0.2803600918928474,0.06999441634980033,-0.026234461107136117,-0.00923050022295997
0.18914325591370781,-0.006583994246708913,0.36387218667271864,-0.018578639898138846,-0.0262344916234725,-0.009230520415197395
0.18914326079345,-0.0065839862625580725,0.3638721663330219,0.06999442821058134,0.029176626719223928,-0.009230500820558752
0.1891432591636356,-0.006583986285841226,0.3638721648079812,0.0699944279001404,-0.026234470527076028,-0.015392547859422264
-0.10189119058583561,0.08570689631742424,0.28036005895507227,-0.018578687255891683,0.029176590871065833,-0.015392587673462299
0.10152294545550841,0.1154701721272432,-0.18769770308669362,0.09826130229630517,-0.12327011061715903,0.025966650146680564
0.050695633374076995,0.11547022451025755,-0.18769770601647923,0.09826130191407487,-0.12327017187296112,0.025966590417859467
0.10152294302824891,0.2020762008343204,-0.18769770331758404,0.09826130199168505,-0.12327011062297981,0.025966650103994945
0.10152293210073068,0.11547015328930386,0.03636011676668809,0.09826130444222758,-0.12327013534959419,0.025966619085132425
0.10152294364913064,0.11547017260260581,-0.1876977027432684,0.10423941046853245,-0.12327011034746355,0.02596665014474031
0.10152293579497693,0.11547016238716128,-0.18769771329243684,0.09826129246115067,0.04096928702201694,0.025966638930064317
0.10152294555252116,0.115470172224256,-0.18769770298968083,0.0982613021992924,-0.12327011071417183,0.023925906221847995
0.05069559233961624,0.2020762206520886,0.03636008668302862,0.10423940235050407,0.040969246105911794,0.023925854114349887
-0.2137421605662289,-0.13770347299093075,0.1068584449317618,-0.12815765312989247,0.024586367894274597,-0.0356833735577917
-0.3151522680903631,-0.13770352634019217,0.10685845164310505,-0.12815765765844842,0.024586375663056992,-0.03568337316391988
-0.21374216583596253,-0.0384363533230498,0.1068584394078548,-0.12815764872357252,0.024586360496080872,-0.03568335431045854
-0.21374217947789786,-0.13770349046098998,-0.19325425959153414,-0.1281576529824331,0.02458638269842317,-0.035683371908574686
-0.21374216002877813,-0.13770347534058003,0.10685844572726652,-0.16419462107393584,0.024586368414262982,-0.03568337334824413
-0.21374216324184103,-0.13770347844498862,0.1068584522174207,-0.12815765433867163,-0.012560218588138494,-0.03568335332092815
-0.21374216593685583,-0.1377034772594925,0.10685844527906752,-0.12815765665145595,0.024586369628862792,-0.030192224974355877
-0.31515225234325067,-0.03843635326290183,-0.19325428979548934,-0.16419463699567147,-0.012560237096234217,-0.030192226652676808
-0.16152553894401844,0.14477280701588233,-0.19311801995888056,0.0933286762272474,-0.04755613799012887,-0.02434530308043273
0.1753367140268288,0.14477285153698183,-0.19311806450520352,0.09332866648522523,-0.047556155355414444,-0.02434532245970339
-0.16152553630333094,-0.1377035042872497,-0.19311801702327416,0.09332867614963722,-0.04755613812012591,-0.024345303107596306
-0.16152553848029744,0.1447728059293393,-0.15971128572515847,0.09332867738752013,-0.047556138234601066,-0.024345303140580615
-0.16152553721331073,0.14477280774347812,-0.19311802027708244,0.028002460529872597,-0.04755613848295372,-0.024345302867004627
-0.1615255364391488,0.14477280600306902,-0.1931180175238601,0.09332867643097426,-0.031247239053482197,-0.024345302453730233
-0.16152553891297436,0.1447728070469264,-0.19311801992783653,0.09332867619620334,-0.04755613802117295,-0.01827194743673316
0.1753366753342563,-0.13770349903885903,-0.15971129287887992,0.028002466556305672,-0.031247239429891726,-0.018271946777046348
0.1268729201886649,-0.10395967939596942,0.04991683633609988,-0.10752513286036759,0.03769938474288213,0.021044918254483493
-0.0584971263985305,-0.10395963480890114,0.049916814711953895,-0.10752515084265431,0.03769936343111723,0.02104489354921199
0.1268729706973925,0.11547022503218622,0.04991682034451516,-0.10752514346192292,0.03769937034618728,0.021044914490387978
0.126872922947708,-0.10395967187553964,0.21506716311948076,-0.10752510726451882,0.03769937106408175,0.021044913646377006
0.12687292808938475,-0.1039596695220099,0.04991682169299262,0.015006634144810932,0.03769941183272751,0.021044952292383314
0.12687292444946563,-0.1039596682860672,0.04991684186970819,-0.10752512144002452,0.039351642834177886,0.021044928196352
0.126872917431562,-0.10395967094421706,0.04991683818904376,-0.10752512372564532,0.0376993809361011,0.0173871471430175
-0.05849706276785593,0.1154702741924363,0.21506709777556068,0.015006626816466417,0.039351606532,0.017387125825431764
0.20593641451171923,0.024705153005197652,-0.12585928193681575,-0.06336548507097184,0.0430397767592998,-0.02152596851810812
0.08079383164295002,0.024705143637644776,-0.1258592912189974,-0.06336550116733032,0.04303977077167175,-0.02152597883056539
0.20593636821140543,0.23011425742297456,-0.1258592827264997,-0.0633654845044173,0.0430397630222918,-0.021525962687640843
0.20593642414508712,0.024705154440986594,-0.014807534260520117,-0.06336552021675751,0.04303980793726322,-0.02152592542891704
0.20593642994062994,0.024705159869821084,-0.12585933547428205,0.10803716907976199,0.043039802886778514,-0.021525924757588688
0.20593640922452333,0.024705147403680416,-0.12585928784295305,-0.06336549741293619,0.02279508123950413,-0.021525961459459092
0.20593640369673588,0.024705140785469405,-0.12585928465511353,-0.06336549940557845,0.04303977192030288,-0.02749520955646103
0.08079379630313879,0.2301142691304753,-0.014807488412285907,0.10803722590014032,0.0227950796038688,-0.027495191789542715
0.008818703812236511,-0.24338478291562465,0.2969406905137781,0.07818669148061118,0.016512741965319315,0.01942689642116116
-0.25562030618699905,-0.24338481661203956,0.29694066196874125,0.0781866960925982,0.016512751804354256,0.01942690782792249
0.008818692405475233,-0.0065840063946478455,0.2969406541611536,0.078186713946828,0.016512761113699457,0.019426915878041937
0.00881868182138229,-0.2433848156574339,-0.18891995630692698,0.07818671832404418,0.016512739755368544,0.01942692757002089
0.008818710187915718,-0.24338478939607755,0.2969407163443978,-0.21840707755958055,0.016512718872400023,0.0194268775424765
0.00881871536645731,-0.24338476692403996,0.2969406773355637,0.07818669935028694,-0.12948761714700002,0.019426907616434622
0.008818719656361829,-0.24338475653397254,0.29694069336789375,0.07818670378571074,0.016512753168353825,0.022680049344974838
-0.25562028097338063,-0.006584010637986193,-0.18891993874761584,-0.218407065270003,-0.12948757063325791,0.022680075369620113
-0.06899731906402548,0.08570687351360304,-0.04967384866516417,0.0060063299567749,-0.00846359689991612,-0.04512360104126859
0.1328231406727962,0.08570683046127671,-0.0496738283487503,0.006006343860644858,-0.008463576011126874,-0.045123580090391184
-0.068997322410966,0.17363493494340232,-0.049673842076057,0.006006319935355971,-0.008463595062494287,-0.045123600812318476
-0.06899731138643506,0.08570687050814747,0.09223956431572644,0.006006327362653496,-0.008463598023323986,-0.045123600975299924
-0.06899731232551859,0.08570686956518336,-0.0496738602853536,-0.09453350467762604,-0.0084635765117127,-0.0451235814699127
-0.0689973074186128,0.08570687586907305,-0.049673835902164426,0.006006340127593532,0.03377333968722575,-0.04512359078701898
-0.0689973190640255,0.08570687351360302,-0.0496738486651642,0.006006329956774927,-0.008463596899916107,0.005589461245108396
0.1328232404950541,0.1736349909721565,0.0922395585725705,-0.0945335108379369,0.03377334514710429,0.005589479076055115
0.17048904305362778,-0.17215698806103333,-0.18057767217396767,0.0359721993057368,0.04129075257806111,0.02736611771397293
-0.14910523237776951,-0.17215699845110077,-0.18057768528039264,0.0359721913778534,0.04129077569426363,0.027366137423086967
0.17048901924669446,-0.0708832254866139,-0.18057769957813447,0.035972184559796026,0.04129079130749841,0.027366157467865103
0.1704890037440541,-0.17215703366091484,-0.18978229407221095,0.0359722008443593,0.041290792087481105,0.027366157390254872
0.17048902805545385,-0.17215700710852022,-0.18057767619029635,0.0895733408106026,0.04129077474741891,0.02736613784606258
0.17048904471642665,-0.17215698964622186,-0.18057767893575769,0.03597220007795847,-0.07811701445995527,0.027366117646064003
0.17048904305362778,-0.17215698806103333,-0.18057767217396767,0.0359721993057368,0.04129075257806111,-0.0031760175246745292
-0.14910524581597814,-0.07088323098335726,-0.18978229782272457,0.08957333845319244,-0.07811699126032182,-0.0031759976797425815
0.07353946540776334,0.20207626309517476,0.16756184705688318,-0.2600223355751953,0.03047347816367013,0.0026371042632186703
0.2098638799623588,0.2020762638790379,0.1675618501515904,-0.2600223322127327,0.03047348326266121,0.0026370830387652533
0.07353946279617969,-0.20736664503541166,0.1675618508054566,-0.26002232652778445,0.03047347527462993,0.0026371034871166266
0.07353944686668312,0.20207624312606653,-0.10032277441350747,-0.2600223261339127,0.030473496563111782,0.002637124319638459
0.07353946086950604,0.20207624815714867,0.16756184497110865,-0.07538180579819419,0.030473498406354285,0.002637102577136785
0.07353946881291153,0.2020762612635737,0.1675618466436088,-0.2600223245215605,0.0024675100440314512,0.0026371025654952653
0.07353946541940488,0.2020762631068163,0.16756184706852464,-0.26002233558683674,0.03047347815202859,0.027121857860280735
0.2098638395293773,-0.20736668669075412,-0.10032277028464405,-0.07538179463396472,0.0024675521242897847,0.02712189711940789
-0.27010530687790996,-0.03843636745586985,-0.17454592119126286,0.10749932359710039,-0.09755156092384523,-4.2224527957490654e-05
0.017590234729383803,-0.03843636911866875,-0.17454593345949745,0.10749932488348968,-0.09755156253813772,-4.22247995933156e-05
-0.27010530207383787,0.05545990219494962,-0.1745459228230175,0.10749932152102717,-0.09755156218113073,-4.22242194568212e-05
-0.27010533923554875,-0.038436370672813344,0.347076155637236,0.10749933922585725,-0.09755155611201197,-4.2224493032969046e-05
-0.27010530139474836,-0.03843636699990991,-0.17454592071784042,0.08300633753533494,-0.09755156040967762,-4.222444258616953e-05
-0.270105339664345,-0.03843638361819719,-0.17454594092365988,0.10749931794319624,0.04209838109284961,-4.222419811406031e-05
-0.27010529788676657,-0.03843635761683486,-0.1745459122350441,0.1074993338028436,-0.09755155268164051,-0.04069740687070098
0.01759026081417678,0.05545992152571374,0.347076103834358,0.08300627705757509,0.042098396620713074,-0.04069740577445691
-0.24139906935937103,0.18790717985054178,0.07786829721493033,0.10423940011727008,0.04271363896938661,0.027121858597577875
-0.22744014021591308,0.18790718169960513,0.07786829745358172,0.10423940017935829,0.04271363869969115,0.02712185854325072
-0.24139909815470084,-0.2252711897774135,0.07786830872646545,0.10423942226334486,0.042713660382044875,0.027121877251192916
-0.24139903979570004,0.18790718594100342,0.18323035767922807,0.10423941651630841,0.04271360414374305,0.027121838591604774
-0.2413990377642527,0.1879071728190564,0.0778682647622191,-0.04571982926766699,0.04271365053524885,0.027121877724615242
-0.24139906096970684,0.18790718176751417,0.07786829070343329,0.10423939489798313,0.04252684188152974,0.027121856152856033
-0.24139906935937097,0.18790717985054178,0.07786829721493027,0.10423940011727008,0.042713638969386604,0.01078613281327609
-0.22744017267444497,-0.22527118656629086,0.1832303635989473,-0.04571978032278514,0.04252686065932117,0.01078615132913302
0.08787364443414857,-0.05458350813520762,-0.19138137920332776,-0.1641946262000906,0.011475348245585437,-0.04069741609467499
0.09478229126155692,-0.05458349931480676,-0.1913813796631683,-0.16419462637277324,0.011475348369761773,-0.040697416067511386
0.08787365209427674,0.04014758523359589,-0.19138138810715966,-0.16419462700723675,0.01147534878691664,-0.0406974155009569
0.08787364815749857,-0.0545835004906015,-0.17006855093253165,-0.1641946340387222,0.011475349283622038,-0.0406974161004958
0.08787364607754482,-0.05458350812744665,-0.19138138092627455,0.0699944060567457,0.011475347871116093,-0.0406974143969516
0.08787364332820298,-0.05458351883959644,-0.19138138737180285,-0.16419463481094382,0.008674741480111547,-0.040697424183599645
0.08787364438370192,-0.054583507524027144,-0.19138137830887011,-0.16419462518921746,0.011475349776446875,-0.00923051878926342
0.09478228924757187,0.04014758279275462,-0.17006857144685167,0.06999437866422044,0.008674764076325421,-0.00923050846904517
0.18005960647909286,0.07064535693886372,0.33031253271231764,-0.018578732298920025,-0.05936370949493725,0.005589459252466122
-0.03817516269433938,0.07064538202830595,0.3303125438144589,-0.018578698784889103,-0.05936374764423829,0.0055894194190234114
0.18005966930650188,0.15925785829701156,0.33031252880076273,-0.01857873531989758,-0.05936371000328436,0.005589458965308269
0.18005962150443047,0.07064536956798599,-0.18383969824062674,-0.01857866525921661,-0.05936372471624054,0.005589441504950308
0.18005962449048335,0.07064537465339532,0.3303125718996553,-0.12815766404188872,-0.05936370036409559,0.0055894590662015076
0.18005963163838412,0.07064538840786555,0.330312541909128,-0.018578716627477426,-0.06549738742566368,0.005589499320679647
0.1800596064790928,0.07064535693886388,0.33031253271231753,-0.01857873229891993,-0.059363709494937265,0.025966618371118386
-0.03817520834078701,0.15925777870385616,-0.18383969666319913,-0.1281576316687279,-0.0654973609411779,0.025966639517961798
-0.04822414709099883,-0.18966407957680845,-0.10925486047053709,0.05430933591560467,0.03632943302703407,-0.0031759877611572396
0.18466085347269365,-0.18966406933614066,-0.10925483729030634,0.05430935024439051,0.03632940766983669,-0.0031760076274319204
-0.048224094803057005,-0.0873405022992908,-0.10925486661338567,0.054309328028466615,0.036329389427555786,-0.003176027592659586
-0.04822412578699491,-0.1896640599433644,-0.03840628123531738,0.05430934132503661,0.03632941152512411,-0.0031760076662370185
-0.04822414242662492,-0.18966407974367044,-0.10925486130290668,0.09826132226347314,0.03632943125364068,-0.0031759877805598025
-0.048224157467484485,-0.18966410958867846,-0.1092548687903521,0.05430933322253024,0.035549756488762844,-0.0031760077845925383
-0.04822414604326089,-0.18966407710686337,-0.10925485678017144,0.05430933548098749,0.03632943218690349,-0.035683353675995004
0.18466084323396612,-0.08734054907690741,-0.03840629377518785,0.0982613111690929,0.035549765697214714,-0.03568338355980819
0.02616030735468185,0.009129212796688074,-0.186621353866455,0.10094710467965351,0.027768510677075663,0.017387127668674437
-0.12500995191512632,0.00912921390457394,-0.18662135365690743,0.10094710734556438,0.02776851206241802,0.017387127816133847
0.026160301883161652,0.21614448832309205,-0.18662134703481587,0.1009471041693663,0.02776851138332859,0.017387126541386022
0.026160308057054285,0.009129212567737972,-0.19249360383449451,0.10094710447010591,0.027768510777968946,0.017387127668674444
0.026160307370203886,0.009129212459083658,-0.18662135389361859,0.10585232887145452,0.027768510661553617,0.01738712768807699
0.02616030692976592,0.00912921315369511,-0.18662135586103748,0.100947105025019,-0.11694262408806638,0.017387127333010257
0.026160306533953827,0.009129211263886357,-0.18662136407801896,0.10094710620081371,0.027768512008090843,-0.012106254132231702
-0.1250099475301493,0.21614450268486218,-0.19249359136835367,0.10585233832049815,-0.11694261650554845,-0.012106248573400064
0.21368800235989835,-0.26171483723834793,-0.026781023406268385,-0.14210824722346546,-0.11052952117364237,-0.018271957450391174
0.14428132511287328,-0.26171487292740514,-0.02678099598075881,-0.14210823090979838,-0.1105295005079825,-0.018271937527848947
0.2136879334711316,-0.022437801569079367,-0.026780984298481313,-0.1421082026635608,-0.11052948702514799,-0.01827191764217176
0.21368800310883695,-0.26171483759147457,0.06375652379744383,-0.14210824534141775,-0.11052952244839014,-0.018271957592029653
0.21368800098619758,-0.2617148381172837,-0.02678101913964679,-0.17908482513933763,-0.11052952113095679,-0.018271957442629883
0.2136880029089906,-0.26171484906420445,-0.026781027339166024,-0.14210825666668833,0.02624129808973527,-0.018271967205995065
0.21368800234631657,-0.26171483725192973,-0.02678102341985019,-0.1421082472098837,-0.1105295211600606,0.013033594092121403
0.14428132866160023,-0.02243776896890874,0.06375655172353925,-0.1790848129933391,0.0262413174379617,0.013033604400698085
0.13862496149571002,0.13017789453733725,-0.165122184531841,-0.03469472333478434,-0.016887780806670583,0.022680056632574032
-0.34651674274549227,0.13017788105838338,-0.16512217157093506,-0.03469469281650769,-0.016887767969941084,0.022680083095716952
0.13862501274561526,-0.15483872820235176,-0.16512220855802306,-0.034694746092039486,-0.016887803788995372,0.022680041966183784
0.13862496664514765,0.13017790280670555,0.31359608429290065,-0.03469472169720889,-0.016887766351768252,0.022680039088784968
0.13862497005611668,0.13017789408719796,-0.1651221941846114,0.047381113461839645,-0.01688777881790887,0.02268005366398332
0.13862496096213978,0.13017789335572166,-0.16512218437079976,-0.03469472228704645,0.04023254541098142,0.02268005410248105
0.13862496190704415,0.13017789476434713,-0.16512218557763858,-0.034694726602174354,-0.016887780013106195,-0.0331683005477923
-0.34651668234534283,-0.15483873971388684,0.3135960778085673,0.04738111072607965,0.04023254690691835,-0.03316830206701221
-0.13693421751765236,-0.12074572755761145,0.19907005259495555,0.0641164375158648,0.04061736621855139,-0.027495169988833335
0.03453229628115274,-0.12074569595473213,0.19907003826228914,0.06411641739735692,0.040617346004971015,-0.027495190961053628
-0.13693418232336033,0.1006475356058218,0.19907004162863223,0.06411641930462787,0.04061734595840489,-0.02749519133164241
-0.1369342052998643,-0.12074571853930448,-0.11776953514587765,0.06411642603925442,0.040617368164627576,-0.027495169721078086
-0.13693419658229697,-0.12074571191527271,0.19907005489803867,-0.008559146313928054,0.04061734517648201,-0.027495189744513492
-0.13693421742257983,-0.12074572745865839,0.1990700525580907,0.06411643753914788,-0.021446566592203464,-0.027495169777345566
-0.13693421751765236,-0.12074572755761145,0.19907005259495555,0.0641164375158648,0.04061736621855139,0.025120472558774087
0.03453226084238852,0.10064749179679595,-0.1177695291446678,-0.008559141273144638,-0.021446567766057953,0.025120472766381397
-0.18712255925250565,0.10064745557222834,-0.14073779955118276,-0.21840705145150432,0.02085856937725733,-0.015392546311098364
-0.07972794448529992,0.1006474934188495,-0.1407378184550908,-0.2184070698509461,0.02085854995530112,-0.01539256612692642
-0.1871225214776739,0.18790714868810052,-0.14073782124323783,-0.2184070710810679,0.02085854955366817,-0.015392565826186871
-0.18712256416329187,0.10064745313526764,-0.18512930807579933,-0.21840704929976115,0.020858570314400637,-0.015392546398409968
-0.18712256317764223,0.10064745879887302,-0.1407377833772141,0.07818675704378023,0.02085855025216011,-0.015392565870812835
-0.18712253281264574,0.1006474665210894,-0.14073778835008854,-0.21840703231282554,-0.004596039666406149,-0.01539252617512819
-0.18712255925250568,0.10064745557222844,-0.1407377995511828,-0.21840705145150435,0.020858569377257264,-4.220451422332072e-05
-0.07972789087410401,0.18790719452275284,-0.18512934056925598,0.07818669860328864,-0.004596099717309695,-4.223385088456856e-05
0.11451422887039375,-0.1548387309458729,0.26386852346089057,0.1080372035542193,0.04331145746206551,0.015432769450126227
0.16551402676074456,-0.15483880763058563,0.26386856431878813,0.10803724389212829,0.043311495147645415,0.015432809200137787
0.11451414488255975,-0.05458355448014732,0.2638685627510618,0.10803724603222986,0.04331149486824873,0.015432808728655711
0.11451424261710302,-0.1548386997620887,0.12171300072222953,0.10803719034302056,0.043311499691723536,0.015432809380581558
0.11451420991603913,-0.15483870546837974,0.26386848353431586,-0.06336554064182574,0.04331150237897722,0.015432809337895925
0.11451422999380158,-0.15483873126795528,0.2638685255932312,0.10803720457285342,0.04158458781312221,0.015432769378336708
0.11451422885875219,-0.15483873095751444,0.2638685234492491,0.10803720356586084,0.04331145747370705,0.0026370827399659347
0.16551409997434055,-0.05458346772356895,0.12171299090841789,-0.0633655268679529,0.0415846102444145,0.0026371027304169237
0.19776161382712124,0.2161445035734992,-0.19290201456945721,0.02800245992063234,0.038848785140241135,-0.030192192335380286
-0.28485513467070045,0.2161445398349317,-0.19290203406126247,0.028002454094045504,0.03884876917970063,-0.030192221008473994
0.19776156999481243,-0.18966413012240094,-0.19290200772423624,0.028002488258061953,0.03884879848337737,-0.030192190938396382
0.19776163048615367,0.21614451585725578,0.38068720666730504,0.028002456802641806,0.03884875219470503,-0.030192200709522665
0.19776161353414268,0.21614450262083376,-0.19290201400872337,0.09332867764557405,0.038848779930655435,-0.03019219032915621
0.1977616141686062,0.21614450399647486,-0.1929020146140831,0.028002460019585344,0.031667140099064746,-0.0301921925526889
0.1977616024455833,0.2161444903564795,-0.19290200900092427,0.028002457217856613,0.03884877659341634,0.02736613605520688
-0.2848551612560795,-0.18966407318754758,0.38068720043326454,0.09332868407364009,0.031667111848946675,0.02736611670504012
-0.009341681810716792,-0.022437815517575184,0.023098442164094523,0.015006645520528173,-0.03647823943562499,0.02392589584536231
0.06610721878823828,-0.022437769207560132,0.023098424381654097,0.015006625617388629,-0.036478258242520226,0.023925876087741927
-0.009341610989455781,0.07064541656873197,0.023098401535147185,0.015006604905162627,-0.03647827859967952,0.023925856580414486
-0.00934168245682182,-0.0224378141593964,-0.08123629698335821,0.015006632107542828,-0.03647821950338159,0.02392591573297982
-0.009341683723808572,-0.02243781335030992,0.023098427253232065,-0.10752515149458007,-0.036478219171597964,0.023925915593281413
-0.00934168989576091,-0.022437823658886694,0.023098437030178838,0.015006636356702099,-0.0910414233997775,0.023925886017968898
-0.009341681841760876,-0.022437815548619247,0.02309844213305044,0.015006645551572245,-0.0364782394045809,-0.04512358170080309
0.0661072031381385,0.0706453747368263,-0.08123628884980766,-0.10752516005692697,-0.09104144272278065,-0.04512361116746131
-0.09069149327309188,0.15925780352166236,0.39750628409480393,-0.0945334813829202,-0.08455417853741296,-0.03841995105419005
-0.17419727245772584,0.15925778535311122,0.39750633451427986,-0.09453344294452118,-0.08455414191509297,-0.03841990967436387
-0.09069150271437448,-0.26171488300897205,0.3975063137108618,-0.09453348161575074,-0.08455420494428834,-0.038419962946015074
-0.09069146983480711,0.15925782256138826,0.247480086279878,-0.0945334864198231,-0.08455420586396947,-0.038419965555658575
-0.0906914597901051,0.15925782791261256,0.39750628308781144,0.035972185937377166,-0.08455421687297843,-0.03841995586796362
-0.0906915007896412,0.15925781747791917,0.3975062939318986,-0.09453348286139482,0.03829945465937867,-0.03841996230767111
-0.09069149033748557,0.15925782009338346,0.39750630421719235,-0.09453347963863064,-0.08455418460265121,-0.02434530317356509
-0.1741972850286403,-0.2617149102986637,0.24748011320674193,0.03597218386130412,0.03829942959516004,-0.02434532299909431
0.16040869586868226,-0.08734055275757185,-0.07109777637718562,0.0895733419650545,0.03276480696707344,0.026694035413675002
0.12077095306788892,-0.08734060476611687,-0.0710977596483039,0.08957335591937109,0.0327648169283445,0.02669404515181667
0.16040863008238387,0.009129145929667487,-0.07109776829408179,0.08957334148581138,0.03276480821077712,0.026694034396981203
0.16040868797766367,-0.08734056255198092,-0.14751380415012452,0.08957333349389963,0.03276479578538178,0.02669402529524329
0.16040870442326816,-0.08734054383627768,-0.07109778333300112,0.006006310893765965,0.032764774861667935,0.026694005188376963
0.16040869325709856,-0.08734055364620882,-0.07109778210869996,0.08957334149357246,-0.041918491969894035,0.02669403545248012
0.16040868782632378,-0.08734057286831871,-0.0710977944875292,0.08957333155946501,0.03276479817965689,0.021044891847607966
0.12077100346408175,0.009129217563895519,-0.14751382754572367,0.006006304067947554,-0.04191847908465814,0.02104491081166394
0.05849362571801371,0.04014753429413146,0.13679013088112704,0.08300633577746339,0.04185309667567109,-0.0059845967509319364
-0.00015743207962570782,0.04014757706900129,0.13679011429776447,0.08300631879634847,0.0418530779716093,-0.005984619127896981
0.058493661366325396,0.13017789855172548,0.13679009644353463,0.08300632732959155,0.04185307023775145,-0.005984614795306764
0.058493637499244334,0.04014755216582372,-0.19206171630260865,0.08300633914380652,0.04185313187966437,-0.005984577224201849
0.05849363322486174,0.04014754820382226,0.1367901040299331,-0.2600223589746749,0.04185312135959978,-0.005984585836995418
0.058493626321433116,0.0401475355747,0.13679013163006565,0.08300633557373664,0.018767501035472343,-0.00598459771717913
0.058493626220539885,0.04014753499650394,0.13679013101500462,0.08300633568821168,0.04185309642925858,-0.02152591283277927
-0.00015745927424481998,0.1301778701851922,-0.1920616883648715,-0.26002230499871093,0.018767515870664945,-0.02152591723133814
-0.2998705571245715,-0.2252711741176125,-0.18207947255189855,-0.07538179307982001,-0.0009540115114453629,0.008080458284045406
0.20190313298565668,-0.22527122044897038,-0.18207945160684189,-0.07538178201648404,-0.0009539921438166399,0.008080478148379736
-0.29987055881065316,-0.12074572652733578,-0.18207947081342976,-0.07538179433128492,-0.0009540110865295937,0.008080458359715336
-0.2998705623147546,-0.2252711809279088,0.01014276868275679,-0.07538178572431206,-0.0009540104811698313,0.008080458251061092
-0.29987055996316514,-0.22527117384015585,-0.1820794715681891,0.1074993256692932,-0.0009540121226259135,0.008080458590605728
-0.2998705561660851,-0.22527117359568358,-0.18207947198922442,-0.07538179258893568,0.043181914290956615,0.008080458101661359
-0.29987055709352733,-0.2252711740865683,-0.18207947252085432,-0.07538179311086429,-0.0009540115424896412,0.019426917641734195
0.20190317246597275,-0.12074570537079138,0.01014273536663185,0.10749929524026813,0.043181917958039155,0.019426938146352764
-0.31515223749835697,0.18078402526249818,-0.11776950809095682,0.05608054668991835,0.022795083917056574,0.02258681773285695
-0.028347307323322996,0.18078400515175125,-0.11776949560347333,0.05608055122429508,0.022795135271735486,0.02258687297580763
-0.31515225256249957,-0.04649110629688945,-0.11776951191714037,0.05608052689737342,0.02279511698094823,0.022586821778289468
-0.3151522414817011,0.18078403926726136,-0.17454593217116787,0.05608052104750344,0.022795098496135358,0.0225868384741868
-0.31515223205011983,0.18078401666522667,-0.11776952328315632,-0.19845586082277206,0.022795115946792194,0.022586821252480238
-0.3151522673181415,0.1807840523135384,-0.11776951554347764,0.056080552801722736,0.03047347109531989,0.022586824213309764
-0.31515224049217094,0.18078405084670537,-0.11776949763492064,0.05608056806377142,0.022795108059654054,-0.006181323421575735
-0.028347306461849537,-0.04649110504930529,-0.1745459216976695,-0.19845585666868523,0.0304734927291672,-0.006181320829394543
0.050695585152910415,-0.06271395907970152,0.3135961456301935,-0.021307803199548947,-0.12948759171607294,-0.0273052506653282
0.18914324652287184,-0.06271394140591541,0.31359611097141193,-0.02130784053588286,-0.12948763575404898,-0.027305290558918754
0.050695663195801884,0.19500445025041704,0.31359610814834044,-0.0213078428603089,-0.12948763660776136,-0.027305291342781927
0.050695584235169636,-0.06271395970252348,0.1675619038714408,-0.021307802900749583,-0.12948759017162964,-0.027305249931911652
0.05069558709510601,-0.06271395986744523,0.3135961357601145,0.10728500922559764,-0.1294875661745514,-0.027305231138598285
0.05069556307474464,-0.06271399117928629,0.3135961346832728,-0.021307821212879774,-0.09755155953462247,-0.02730526945670141
0.05069558513932863,-0.06271395909328333,0.3135961456166117,-0.02130780318596717,-0.12948759170249116,0.008249635212511458
0.18914326253191888,0.1950044113851618,0.16756183813170847,0.10728497303983509,-0.09755156253231702,0.008249594725202702
0.1551703129235346,0.06306823525228543,-0.19249361314772026,-0.16030055366184878,-0.031247259346613036,0.017517335016358104
-0.21374221670751786,0.06306816520130586,-0.19249356884004865,-0.16030050140689134,-0.03124720845565505,0.017517388429648117
0.15517023119221765,0.07819128656022568,-0.19249357432903122,-0.16030051237515489,-0.031247219656749325,0.01751737453547933
0.15517031347844762,0.06306822555100863,-0.049673836342602376,-0.16030051508569176,-0.031247280361518893,0.017517312026272235
0.15517030988315444,0.06306823340322208,-0.1924935970203177,0.0035466442660739006,-0.03124725855110835,0.01751733307804294
0.15517031501707013,0.06306823591003198,-0.19249362449433355,-0.16030055912172742,-0.008463612132860954,0.017517338904629805
0.1551703166371834,0.06306823525422568,-0.1924936290170688,-0.16030055833398377,-0.03124725914288623,-0.03825721787288786
-0.21374213688929267,0.07819136714873222,-0.049673865931496634,0.003546642492680524,-0.008463589649181792,-0.03825719227121833
-0.10189119671316205,-0.19849055903614515,0.06375655100758505,0.10373947838282532,0.03935160404071217,-0.01847132506857932
0.10152303409219417,-0.19849053820168308,0.06375652113929396,0.10373945931399557,0.039351599663496044,-0.01847132165761045
-0.10189121296086044,-0.18088647073988515,0.06375653169816368,0.10373945843505995,0.03935164361998134,-0.01847128481410132
-0.10189120179663105,-0.19849056359962572,-0.18057767344095443,0.103739461991548,0.03935163685237069,-0.018471328279701993
-0.1018912145848542,-0.19849057928659042,0.06375653615104976,0.03802056347291613,0.039351644706524316,-0.018471287082259785
-0.1018912049088007,-0.19849056370051896,0.06375655497734752,0.1037394740153105,0.04129075148375709,-0.018471341345381684
-0.10189119241743665,-0.19849055043111263,0.06375655167115238,0.10373947642704791,0.039351601867626186,0.026656951380816002
0.10152295149746363,-0.18088650616312726,-0.18057765452734512,0.038020592308991345,0.04129079663543965,0.02665698089404034
-0.018737167527433565,0.12283826298856484,0.1832303415304827,0.06248468637350015,0.04209841451180792,0.005412790805955081
-0.3307009427206749,0.12283831655513507,0.18323039347693956,0.06248471807727285,0.042098393374666,0.005412772513227526
-0.018737176097541483,0.016934042940071465,0.18323041189966427,0.06248473850816178,0.0420984177675564,0.005412791339525269
-0.018737119308207293,0.12283829977192616,0.04991682073450654,0.062484700642138104,0.04209841808575826,0.00541279132206296
-0.018737167971751994,0.12283826329124475,0.18323034150913986,0.07683557753140724,0.04209841466120752,0.005412790774911025
-0.01873716744012202,0.12283826302348948,0.18323034165853952,0.06248468650349727,0.01651276265620253,0.005412790883565277
-0.018737167527433596,0.1228382629885649,0.1832303415304828,0.06248468637350015,0.04209841451180785,0.015291664631028256
-0.33070093023319136,0.01693409426176616,0.049916848947759794,0.07683560916339058,0.016512737331989564,0.015291647166789796
0.1935092178347988,-0.1292027688313587,-0.1700685589244435,-0.03183201274950989,0.0024674922208457184,-0.0029827307211234837
0.04270961305592216,-0.12920285202562817,-0.17006852521444682,-0.03183198938495481,0.002467553565899616,-0.002982674030742201
0.19350917112703142,-0.25252232998803587,-0.17006854340046032,-0.031832006919042484,0.0024675334454514752,-0.0029826920809379064
0.1935092103454131,-0.1292027603019961,-0.19311805379887437,-0.03183203289906184,0.0024675127506876837,-0.0029827110294718146
0.1935092052250792,-0.12920276069198744,-0.1700685692446618,-0.060238060923681246,0.002467512189953891,-0.0029827117046807065
0.19350921391936346,-0.12920276117705126,-0.17006854873034188,-0.031832011552372315,0.04303976756636988,-0.002982735544598325
0.19350921500396623,-0.1292027641087771,-0.17006855116536232,-0.031832012241163,0.0024674911168404146,-0.015192214816731102
0.042709655450501864,-0.25252231816605997,-0.19311800992193953,-0.06023803499992933,0.04303981541500748,-0.015192175586707823
0.10809933164661446,0.2370627667036996,-0.03840629430487757,-0.14587751172366567,-0.07811703490442604,0.0271441295083302
-0.1133298633115677,0.23706269788672232,-0.038406257507934576,-0.1458774743970329,-0.07811699497979138,0.027144169661914963
0.10809933504982241,-0.11233155609418954,-0.03840629657303605,-0.14587751295572776,-0.07811703365684179,0.027144129713997323
0.10809933200168122,0.2370627747965047,-0.1258593188540546,-0.145877543508929,-0.07811701477039609,0.02714414956280968
0.10809933268853161,0.23706277511470658,-0.03840631279939172,0.09425538825453256,-0.07811701672423328,0.02714414828612151
0.10809933175720894,0.23706276695205228,-0.038406294163238874,-0.1458775119041094,0.037699320568935886,0.02714412846641309
0.10809934132460823,0.2370627700506401,-0.03840627846269251,-0.14587748844836232,-0.07811702130905673,0.024005640804534767
-0.1133298234005149,-0.11233159980426244,-0.1258592813101132,0.09425541403276548,0.03769935984164483,0.024005678928612467
-0.20030360277548143,0.0012900257463722142,-0.18383970777310135,0.10158963480110604,0.0337733554964265,-0.040850964497076266
0.14979537140267604,0.0012900172131291437,-0.1838397254895731,0.10158964536773665,0.03377333990453434,-0.04085093984807224
-0.2003036589652767,0.13748921931449648,-0.18383969445324824,0.10158966869930747,0.03377336448756976,-0.04085092216846533
-0.2003035844672318,0.0012900517807186707,0.2969407091654529,0.10158964192184317,0.0337733400093081,-0.04085093511966997
-0.20030360509408643,0.0012900062914317223,-0.18383970920112933,-0.11104146943350017,0.033773359078137916,-0.04085094701925591
-0.20030363202095045,0.001290003869993006,-0.18383972689625816,0.10158962920346934,-0.0475561496879284,-0.04085096759178366
-0.20030359051306748,0.001290036392553373,-0.18383969280015067,0.10158964384657652,0.0337733647727874,-0.03037681568336361
0.14979537249309943,0.13748925465236733,0.29694070039937914,-0.11104141982505111,-0.047556129035850464,-0.030376837406462687
-0.1491052150571099,0.032442883745534404,0.010142760964421016,-0.09114604740170762,-0.10405675626049445,-0.006181367826259937
-0.2701053346429643,0.032442847338582756,0.010142775267983517,-0.09114603127042448,-0.10405672153768443,-0.006181328489522695
-0.14910521542381822,0.047819928898631334,0.010142760820842145,-0.09114604767140314,-0.10405675628959822,-0.006181367492536074
-0.1491052179927163,0.03244288124842575,0.10685841159817462,-0.09114608630770824,-0.10405671482828134,-0.0061813268480666594
-0.14910521677423585,0.03244288302569962,0.010142739058937894,-0.005964469021030999,-0.10405673736822793,-0.006181346861800759
-0.14910519313998524,0.03244289977786447,0.010142776051846658,-0.09114602517220194,-0.0717563767412988,-0.006181350352320194
-0.14910521500666327,0.03244288374941493,0.010142761111880338,-0.09114604730663513,-0.10405675627019574,-0.018471369028945053
-0.27010529646067905,0.047819892741972646,0.10685845844952092,-0.005964437101890013,-0.07175632128491999,-0.018471291055902794
0.13282319942372867,-0.23430126288440095,-0.19206170694087643,0.08850474835877938,0.02917659298982476,0.008249596694561961
0.07353945491292213,-0.23430127523994707,-0.1920617158388875,0.08850473991866853,0.029176613989208566,0.008249616531732784
0.13282313708526408,-0.21629320988819642,-0.19206169836882825,0.0885047426757714,0.029176652714765355,0.008249656330250904
0.13282320062668698,-0.23430126292320608,-0.18769769327676245,0.08850474734208554,0.02917659286564842,0.008249596679039989
0.13282319854673322,-0.23430126332677922,-0.19206170694475694,0.04547067303016478,0.029176592931617156,0.008249596713964552
0.13282319688975514,-0.23430124864098636,-0.1920616927013423,0.08850474936771215,0.03469958200779127,0.008249606708219948
0.13282319703139375,-0.23430125451413927,-0.19206169930209105,0.0885047470180629,0.029176590937034567,0.017517333873547647
0.07353941613497846,-0.2162931772996673,-0.18769765584147544,0.045470681169536,0.03469962778035554,0.01751736561030459
0.20986387072868345,0.15202884431152291,0.24748010186982974,0.08421652966838637,0.04096922649381052,-0.038257207218945655
-0.06899737094451369,0.15202878726995553,0.24748011527893468,0.08421653578019078,0.04096928704335967,-0.038257153621331585
0.20986384157246604,-0.07909200591772496,0.24748009800678128,0.084216512341906,0.04096926697917908,-0.038257171943163026
0.20986385559663187,0.15202883002348253,-0.09098047940642583,0.08421653515736882,0.040969254868105036,-0.038257194999217425
0.20986382238140014,0.15202879722734597,0.24748010832117895,0.1062094614918655,0.04096926548518233,-0.03825716722446193
0.20986388877693887,0.15202886259260903,0.2474801199956954,0.08421654937750019,0.042322276839210346,-0.03825718708297565
0.2098638657441675,0.15202884103831218,0.24748009521475364,0.08421652794543955,0.0409692243711713,-0.0273053118202371
-0.06899726782188133,-0.07909193667777198,-0.09098046917739949,0.10620947102628037,0.04232229601281387,-0.02730527926275197
0.01759022800057819,-0.09562966214919781,-0.14751378259194708,-0.07863965477833217,-0.012560228434934557,0.026656961000602136
0.17048902753352516,-0.09562965484025582,-0.1475137689732948,-0.07863964540689879,-0.012560250088184427,0.026656941274025823
0.017590228821306203,0.16645960457196166,-0.1475137670213979,-0.07863964400991495,-0.01256025002997678,0.026656941186714328
0.017590221582213402,-0.09562965185032239,0.3638721625902694,-0.0786396416136996,-0.01256025156665913,0.026656939568541295
0.017590235057286963,-0.09562964980917366,-0.14751379427616498,-0.28167322889203217,-0.012560228636721113,0.026656961128659038
0.01759022800833924,-0.09562966221516644,-0.14751378255508227,-0.078639654815197,0.0056747398183991105,0.026656960990900855
0.01759022813251554,-0.09562966055042735,-0.14751377828263995,-0.07863965363552178,-0.01256022908297982,0.02258685129733451
0.17048901313877052,0.1664595978761403,0.36387211329808167,-0.2816732244663099,0.005674738741557439,0.022586819983553115
-0.058497096429346196,0.20912284085255442,-0.18512934065268694,0.025816281343577458,0.014085061130269097,-0.030376835980374994
0.00881870472997738,0.20912281985705114,-0.1851293562348778,0.025816253452406585,0.014085101602055752,-0.030376796263347737
-0.05849708917473133,-0.014493144996231375,-0.18512936262995952,0.025816239822112712,0.0140850794637421,-0.030376816211113097
-0.05849709653411999,0.20912284211760093,-0.15384023994556636,0.025816280641205,0.01408506058893787,-0.03037683595709195
-0.058497155269530324,0.20912280465903085,-0.1851293306952965,-0.048715505836298675,0.014085099999404868,-0.03037679618767773
-0.05849709480923295,0.20912283982615937,-0.1851293333146412,0.02581628099239122,0.03981172935843161,-0.030376835801871536
-0.05849709646039028,0.20912284082151034,-0.18512934068373105,0.025816281374621525,0.01408506116131321,0.0054127730060524026
0.008818662368382036,-0.014493230202545705,-0.15384018663122948,-0.04871547218450967,0.03981174902680026,0.005412792771433778
0.1753366105530101,-0.03041887164775592,0.12171300808937915,0.017329639871604713,0.04288415857590727,0.024005703849252342
0.2059363838149391,-0.030418800564560478,0.12171300588524904,0.01732966520939946,0.0428841649768098,0.024005662504350773
0.17533668061369106,0.22314161336010646,0.12171300158952361,0.017329640669049517,0.04288416157360183,0.024005694545727856
0.1753366267774254,-0.03041885743150491,0.23120854278289102,0.017329658230300984,0.04288422056512592,0.02400569816818463
0.1753366146333672,-0.030418868981845093,0.12171300551466022,0.0714859391814874,0.04288415988557975,0.02400570246390994
0.17533663515932865,-0.030418851309999245,0.12171303979703232,0.017329679272370405,-0.026234447238190794,0.024005693854996894
0.17533664359361878,-0.030418858283277013,0.12171303162273639,0.01732965560901598,0.04288414795300924,-0.0029826391022653165
0.2059363371207536,0.22314157104507712,0.23120853130822083,0.07148595451144489,-0.02623444946172351,-0.0029826209220725763
0.08079379700163074,0.09319215518965704,-0.08123629467833485,0.10810872007665846,0.03704431089960659,-0.015192173466008846
-0.16152553780314838,0.09319214600836867,-0.0812363005961137,0.10810872756992476,0.03704430907576659,-0.015192174705831958
0.08079380497996076,0.10807352419166517,-0.08123630927487596,0.10810873013882293,0.03704431075602769,-0.015192173316609214
0.08079380847048018,0.09319216687193453,-0.002496276863773128,0.10810872700919087,0.03704430495466415,-0.01519221469449502
0.08079381483645803,0.093192170544838,-0.08123628701044562,-0.12451449893220957,0.03704429092467766,-0.015192194830160613
0.0807937861051566,0.09319214204830745,-0.08123629175242975,0.10810871241070963,-0.12327014930585102,-0.015192184814562415
0.08079379703267481,0.09319215522070104,-0.08123629464729071,0.10810872004561449,0.037044310868562434,0.027144171221880235
-0.1615255421551411,0.10807351797120657,-0.002496274958442235,-0.12451449757015025,-0.12327014558638143,0.027144169526097096
-0.25562029681362536,-0.16347452085271189,0.38068721864450134,-0.23893157817850202,-0.05337678746630745,0.015291666381138769
0.12687294251906386,-0.16347452606617802,0.3806872083669687,-0.23893158660309097,-0.053376794542418844,0.015291655958086854
-0.25562030216096915,-0.14624866324593322,0.38068721464563504,-0.23893157832790174,-0.05337679388467222,0.015291686237712043
-0.25562028077353416,-0.1634745135243673,-0.19073406588286174,-0.23893157513230107,-0.05337680516337646,0.015291676588822245
-0.2556202979738981,-0.16347452348951882,0.38068718821935693,0.09747667050105525,-0.05337676400085916,0.015291685942793294
-0.25562029303982875,-0.16347452021630804,0.3806871807784777,-0.23893157070075796,0.024586352121938708,0.015291666555761696
-0.2556203110395777,-0.16347453365645698,0.3806872121543472,-0.23893159176417014,-0.05337679751877051,-0.04085096425842488
0.12687299619428824,-0.14624859983644767,-0.19073408838982395,0.09747667217549567,0.024586339684901787,-0.04085096196310286
-0.2848551798398454,0.07819131990545444,-0.19325427352450794,-0.1110414624524613,0.040232558818146046,0.02115104164889392
0.19776164089562387,0.07819136810139758,-0.1932543038506994,-0.11104147732451876,0.04023253738026448,0.021151021542027602
-0.2848551740093779,0.12283829204000861,-0.19325427310735308,-0.11104146235738889,0.040232558787101934,0.021151041580985075
-0.28485518942276644,0.07819131810101693,-0.18207946943972889,-0.11104145843419251,0.04023256012005739,0.021151041643073187
-0.2848551896167921,0.0781913197890391,-0.19325427138246604,-0.03183200935600317,0.040232560096774325,0.02115104193217121
-0.284855179822383,0.0781913199694829,-0.19325427350704574,-0.11104146240007441,0.02776851213614779,0.021151041701280848
-0.28485517987088943,0.0781913198744103,-0.19325427355555194,-0.11104146242141726,0.04023255884919011,0.01930842369135166
0.19776156782948734,0.12283826281588221,-0.18207945873145964,-0.031832000950817035,0.027768530813045804,0.019308443798217913
0.066107213611637,-0.18088646099398237,0.03636011554044675,0.09425540017740186,-0.021446566124601926,-0.02453949488117361
-0.00934163431714595,-0.18088646194276728,0.03636012406980934,0.09425541001643684,-0.021446586423553512,-0.02453951473192623
0.06610721189645125,-0.1292027943651193,0.036360105323062,0.09425541026090899,-0.02144656657668141,-0.024539494886994386
0.06610721607770154,-0.18088647392578436,0.13679010809476808,0.09425539063134548,-0.021446576586458876,-0.024539504817221357
0.06610721382312482,-0.1808864606233936,0.03636011539880811,0.06248469359125018,-0.02144656613430318,-0.024539494902516418
0.0661072206974496,-0.1808864496997559,0.036360123429525056,0.09425540738933107,-0.11052950630934603,-0.02453948488691826
0.06610721302956038,-0.18088644995004885,0.036360117864872664,0.09425539829923467,-0.02144656688712228,-0.021328662417363357
-0.00934160029282792,-0.12920274762048709,0.1367900851046823,0.06248467335438671,-0.11052953672866962,-0.021328680956503386
0.16551405974702607,0.19500439624922983,-0.13351743991370324,0.07683559370149548,-0.11694262159677851,0.019308424418947367
0.11451417892628044,0.19500439598535516,-0.13351742623490295,0.07683558007314184,-0.11694261922190596,0.01930842324121232
0.1655140619822003,0.0012900063671016301,-0.13351742110486772,0.07683558244801443,-0.11694262098753835,0.019308423637024445
0.1655140478357983,0.19500438165656916,0.3975063113340489,0.07683558281666283,-0.11694261185863693,0.019308441590207392
0.16551408060865178,0.19500441097576812,-0.1335174337010056,-0.14587751924409542,-0.11694264250108981,0.019308403636872182
0.16551404107788892,0.19500437657698072,-0.133517450237802,0.07683557399820225,-0.016887790678689896,0.019308402775398734
0.16551405977807018,0.19500439628027394,-0.13351743988265916,0.07683559367045138,-0.11694262162782262,0.02115104237648968
0.11451414372034685,0.001289963163435437,0.3975063058237238,-0.14587753563731304,-0.01688777709496218,0.021151039361332804
-0.07972792591899641,-0.04649109456610561,0.280360039851318,-0.06023807195597335,0.02624133545517303,-0.02132863812342599
-0.18712250085275944,-0.04649110754447371,0.28036004484165483,-0.060238065557011146,0.02624130577508671,-0.021328667597845213
-0.07972790146401783,0.23706273330608385,0.28036003638602186,-0.06023804028324479,0.026241276190072924,-0.021328680267712674
-0.07972795105888514,-0.04649111132991186,-0.07109776219197861,-0.06023803091375159,0.02624132166383797,-0.021328655671095494
-0.07972792269817251,-0.04649109385597219,0.2803600789144793,0.10158963689076096,0.026241340860724407,-0.021328652316393915
-0.07972793449298485,-0.04649109678963825,0.2803600432312429,-0.060238056173936246,0.04061738145343648,-0.02132864821275393
-0.07972793141379961,-0.04649109627547057,0.2803600424512602,-0.06023806697921833,0.02624132919202865,-0.02453947484221622
-0.18712247451573316,0.2370627732675835,-0.0710977916625174,0.10158961864459957,0.04061734718464625,-0.024539514650435496
-0.00015748334699317024,0.13748919979746776,0.15207752322506482,-0.1984558740747163,0.03554977739695459,0.0028204239167583128
0.058493644274616015,0.13748922820086593,0.15207748063257906,-0.198455895308871,0.0355497444184342,0.002820394760541023
-0.00015739043592476187,-0.06271391718958819,0.1520774883334526,-0.19845590781381678,0.035549734891780385,0.0028203788155224405
-0.00015747370198376798,0.13748920690462307,0.2638685295144874,-0.19845587948414828,0.0355498019935719,0.002820455963956192
-0.00015747292200113394,0.13748920527480854,0.15207752259836224,0.1037394653016236,0.035549775586696405,0.002820441272342519
-0.00015746415786752066,0.13748921023798183,0.15207752808734473,-0.1984558616473807,0.011475354863796378,0.0028204239012363077
-0.00015748326938286317,0.1374891999022415,0.1520775232076025,-0.19845587393889844,0.03554977714860191,-0.00023109552954944388
0.05849367764700822,-0.06271395024959941,0.2638685785874261,0.10373950853827414,0.011475338237748137,-0.00023112704123690042
0.20190321950164325,-0.11233155623970868,-0.17855074995313783,0.10728497663318808,-0.06549742628703827,-0.00023114593932406502
-0.2998705761138507,-0.11233159692298314,-0.17855075738431567,0.10728497943297666,-0.06549738790296647,-0.00023111801710906654
0.20190323127511278,0.18078407095357166,-0.17855073613269892,0.10728499546724686,-0.06549743619980299,-0.00023113219843551303
0.20190320538434525,-0.1123315300773054,-0.140737852617167,0.10728493637094899,-0.06549738705313457,-0.0002311060651360719
0.20190320715967897,-0.1123315436668539,-0.17855079979635782,-0.16030057106205897,-0.06549738340351424,-0.00023110749122373653
0.2019032196704455,-0.11233155216129195,-0.17855075079326843,0.10728497616752682,0.04271360901960483,-0.00023114369056809192
0.2019032195055238,-0.1123315559971768,-0.17855075002492732,0.10728497662542708,-0.06549742644419895,0.002820373444895566
-0.29987057355077346,0.1807840287840617,-0.1407378207407116,-0.16030053255769125,0.04271364707771392,0.002820402065602523
0.12077096941454024,0.01693403837271035,0.41431576016475474,0.038020532106747724,0.008674712498516923,0.027358683984493874
0.16040863775221317,0.016934016787369312,0.4143157983703232,0.038020569654569555,0.008674753711481076,0.02735872429717962
0.12077094879350622,0.0630681312759405,0.41431579829077275,0.03802057349433494,0.008674753649393074,0.02735872451254788
0.12077099678378253,0.01693406556344902,-0.19290203052611732,0.03802056142012592,0.008674745356741693,0.027358688456782482
0.12077096925931981,0.016934042142626365,0.4143157438161631,0.05608050588634789,0.008674720049990703,0.02735868433568009
0.12077100652580469,0.016934076787826213,0.4143157953202417,0.03802057155601978,0.036329408189825045,0.02735872440777395
0.12077100392780261,0.01693407755034668,0.4143157664822262,0.038020570609175235,0.008674749656347513,-0.04299044972673689
0.1604086939924553,0.0630681993129353,-0.19290198662395913,0.05608054835271711,0.03632942126520599,-0.04299041142415566
-0.1741972709986536,-0.25252230794285435,-0.06057421726097049,0.003546664314732606,0.04252685231428288,-0.04299042522907251
-0.09069149037629057,-0.2525222956707392,-0.0605741968708268,0.0035466818235970754,0.04252687100864336,-0.04299040580517613
-0.174197270370011,-0.1984905765663523,-0.06057422064865627,0.0035466666449793793,0.042526851022072876,-0.042990425186386995
-0.17419728156528447,-0.2525223135385508,0.023098433087579966,0.0035466745204758565,0.04252685136937859,-0.042990425968309855
-0.17419728278958557,-0.25252231566313055,-0.06057420918950801,-0.021307864292369562,0.042526851305350166,-0.04299042499818208
-0.17419727137118277,-0.25252230832508465,-0.060574217394848,0.003546664208018635,-0.05936371140608872,-0.04299042447819367
-0.17419725510796233,-0.25252229363153084,-0.06057420033612287,0.0035466839248936566,0.04252687409752985,0.027358702711838663
-0.09069151456545423,-0.19849059380746142,0.02309842508596688,-0.021307876876865837,-0.05936371299709812,0.027358682928994953
-0.22744011538840547,0.223141657918071,0.34707615478934434,0.10620950117784861,-0.004596115660388089,-0.009031460833891112
0.0878736828279216,0.22314163545573434,0.34707613795956926,0.10620948265229042,-0.004596139030763946,-0.009031481000905336
-0.22744014683800462,-0.09562963246329077,0.3470761654452269,0.1062095208636796,-0.00459608860546723,-0.009031439494962549
-0.22744010785633412,0.223141650510176,0.1990700451560164,0.1062094824194598,-0.0045960893699278915,-0.009031440437926645
-0.22744010318225896,0.22314164715159387,0.34707612262185067,0.08421652847706962,-0.0045960739856431565,-0.0090314209092564
-0.22744016365613812,0.22314164511432566,0.34707615400548125,0.10620948186260645,-0.036478281331559094,-0.009031500063914233
-0.2274401107511951,0.22314164904140257,0.34707614001818027,0.10620949827716683,-0.0045961174822879425,0.010625340281209553
0.08787364796153276,-0.09562964362363963,0.19907006997382282,0.08421655695225735,-0.03647822750111427,0.010625398323948737
0.09478230123835008,-0.014493173783800224,-0.10032276786514562,-0.28167323278418455,0.04158463083828494,0.010625389959507958
-0.241399096257131,-0.014493200215898987,-0.1003227779796968,-0.28167324364573393,0.041584621261184423,0.01062538262922319
0.09478228300577038,0.1520288311992773,-0.10032279040897267,-0.28167324415990175,0.04158463861094792,0.010625395813258387
0.09478229488207347,-0.014493180299177776,-0.16512218509645515,-0.2816732301920033,0.04158462963920712,0.010625390683223268
0.09478229590846857,-0.01449318340164609,-0.10032275270981102,-0.07863966095416502,0.04158462745447957,0.010625387780601153
0.09478230135088489,-0.014493173628579794,-0.10032276770992518,-0.281673233486557,0.038848777767270866,0.01062539011472835
0.09478230179520336,-0.014493174930491123,-0.10032277168356818,-0.2816732379297418,0.04158463240213079,-0.009031439037062161
-0.24139908552363842,0.15202883505068424,-0.16512219854242485,-0.07863967028485298,0.038848778221290584,-0.009031439155417764
0.18466084437095573,0.10807351487455896,0.09223956079804335,0.0454706526012159,0.03166714569282096,-0.03585432163866559
0.18005964397258747,0.10807352904036331,0.09223957360566906,0.04547066596569497,0.03166710506969439,-0.035854361113160926
0.18466086138311485,0.03244287360381945,0.09223957669261539,0.04547067230450921,0.031667165683271915,-0.035854298584551414
0.18466083853466764,0.10807351049540258,-0.18662133171455952,0.045470660071199126,0.03166712281915051,-0.03585433013504377
0.18466084544779737,0.10807351589125282,0.09223956084460955,0.08850472837026845,0.03166714549685512,-0.03585432266118005
0.18466086347471009,0.1080735340268195,0.09223957968642943,0.045470672597487716,0.04331153167877343,-0.03585430215268093
0.1846608536395556,0.10807351999683311,0.09223956489780294,0.04547065481116685,0.03166714913677419,0.026018255725890893
0.18005964026864016,0.032442868310802904,-0.18662133043593127,0.08850476909234813,0.04331152183197753,0.026018256831836534
-0.0381751733754451,-0.14624865976899556,-0.18978233374073183,-0.005964446894358655,-0.0910414659456971,0.0260182177647949
-0.04822413885267447,-0.14624864487559538,-0.18978230743863014,-0.005964447301812392,-0.09104144728044049,0.026018257516746825
-0.038175174137965416,-0.23430129700573182,-0.18978232562852393,-0.005964463371007311,-0.09104146975053794,0.026018237508833506
-0.038175193596786526,-0.14624868285027343,-0.026781009263747036,-0.005964435745651475,-0.09104145935270935,0.02601821775315334
-0.03817519103564941,-0.14624868213237882,-0.18978231496682088,-0.09114603798758864,-0.09104146728253301,0.02601823754957877
-0.03817516033692903,-0.14624864365905527,-0.18978231422176287,-0.00596444146746461,0.02085855141049257,0.026018237485550415
-0.03817516293493101,-0.14624864840880045,-0.18978232189353247,-0.005964436770106274,-0.09104145570696952,-0.03585431854589836
-0.04822414535252993,-0.23430128253530733,-0.026781005074735714,-0.09114603458050019,0.02085855150944571,-0.035854307556291966
-0.125009989849059,0.047819854858486666,-0.1597112638080338,0.07148597812047237,-0.04191847281763332,-0.03298998288422198
0.21368792871944628,0.04781985311613729,-0.15971126945223674,0.07148597535172789,-0.04191847072215757,-0.032989983084068336
-0.12500991504833417,0.09319218673044825,-0.1597113004070708,0.07148593488382184,-0.04191851223004051,-0.03299002261289086
-0.12500999009547137,0.04781985744290679,-0.1913813564480128,0.07148597493263281,-0.04191847287002021,-0.03298998287840126
-0.12500999645562852,0.0478198577649892,-0.15971124563560207,0.025816329426985918,-0.04191849345224908,-0.03299000290183658
-0.1250099886596824,0.04781985412507014,-0.15971126204822228,0.0714859782931551,0.041853110891922105,-0.03298998256407994
-0.12500998988010303,0.04781985482744256,-0.1597112638390779,0.07148597815151644,-0.041918472786589236,-0.01230657506966959
0.21368800311077718,0.09319217526353901,-0.1913813718264769,0.0258162879559677,0.041853048594202816,-0.012306635681306966
0.14428136277516998,-0.21629312669974768,0.21506709555008774,-0.048715525186465485,0.038299432224206016,0.025054529838962475
0.026160289921487376,-0.21629318256940086,0.21506711128361852,-0.04871551657367192,0.03829943979896296,0.02505453909010004
0.1442813059664332,-0.1634745338155579,0.21506709983417158,-0.04871552994979239,0.03829943446132045,0.025054528764060974
0.14428135982210138,-0.21629313922409607,0.07786830491968438,-0.04871552316083886,0.03829940123444737,0.025054499497249083
0.14428134487437405,-0.21629314758271623,0.21506705799256465,0.017329596000490666,0.03829943439729204,0.02505452867286899
0.14428135876660242,-0.21629312289684718,0.21506708628730867,-0.04871552332188008,-0.0009540331569345001,0.025054529542103396
0.1442813429088953,-0.21629314656602236,0.2150670756838131,-0.048715545056620665,0.03829941235405082,0.013184960217525576
0.026160346239339598,-0.1634744769098083,0.0778682867608344,0.01732962953004367,-0.0009540329376856692,0.013184980060517184
0.03453225539221123,0.16645960182261976,-0.1889199643628673,-0.12451450866453051,0.04318192827631725,-0.01230657511235525
0.13862492686991276,0.16645957189030028,-0.1889199481733766,-0.12451448760111826,0.04318194675530931,-0.012306555218916972
0.03453226306204067,-0.030418823015255225,-0.18891995215284027,-0.12451450102768537,0.04318191268248493,-0.0123065954248886
0.03453225229750387,0.16645959433129373,0.33031255207606613,-0.12451449817356983,0.04318184590277569,-0.012306616771578183
0.03453225068709198,0.1664595983573237,-0.18891996198411418,-0.2389315800275656,0.043181929518080676,-0.012306575310261275
0.034532254947892756,0.16645960221067088,-0.18891996743235134,-0.1245145092427265,-0.08455415894277402,-0.012306575803086112
0.03453225536116712,0.1664596017915757,-0.1889199643939114,-0.12451450863348641,0.043181928307361325,-0.03298998286481947
0.13862493661581546,-0.030418884734778356,0.3303125907802802,-0.23893153754373414,-0.08455419361125686,-0.03299001380413155
-0.34651670258608663,-0.07909196146841477,-0.014807494904380266,0.09747669115119316,0.018767496468111298,0.013185000439019212
-0.13693423225389184,-0.07909198788111103,-0.014807495915253321,0.09747669791686359,0.0187674948285955,0.013185000409915465
-0.34651675961407247,0.2091227949305905,-0.014807480709472035,0.09747670341942778,0.018767534155631472,0.013185039659341213
-0.3465166827780197,-0.07909195165072254,-0.10925488498954418,0.09747667700867184,0.01876749679989494,0.01318500036528969
-0.3465167024425078,-0.07909196198258238,-0.014807494844232346,0.10810872977405492,0.018767496338114198,0.013185000373050593
-0.34651673638727537,-0.07909197524422784,-0.014807518499825723,0.09747668535953088,0.03276477077354994,0.013185000248874257
-0.34651672242325765,-0.07909198130558555,-0.014807514741551064,0.09747667125193414,0.018767476568852293,0.02505453029104206
-0.13693421729452301,0.2091228198124253,-0.10925491623735686,0.10810869065462617,0.03276481377348924,0.025054559418155514
