S1_Unnamed: 0,S1_Acc. Surface Area [m^2/g],S1_Void Fraction,S1_PLD,S1_LCD,S1_Density,S1_Channel Volume,ST_Unnamed: 0,ST_Acc. Surface Area [m^2/g],ST_Void Fraction,ST_PLD,ST_LCD,ST_Density,ST_Channel Volume
0.006294326049808165,0.37698205038175275,0.6081850769835436,0.06730834407232984,0.003116212130751629,0.004793767856443262,-0.09751668707552506,0.9935712454446273,0.5656388223743152,0.3070748338805551,0.9257276992206505,0.9968252554574505,0.9953132148292352,1.1085445855413947
0.04413205387048259,0.4207155295646324,0.6423684092513379,0.10122654591032963,0.04118053530358001,0.04246563558122109,-0.05501592910856367,0.9562726955332198,0.5540538821756248,0.3208604839982384,0.8954132808870516,0.9592866978123411,0.9576160953459222,1.065900368620948
-0.014741812420555495,0.4082881541993609,0.6301579464926786,0.045925676755371715,-0.01723019332255447,-0.016158452689275387,-0.12275192124503355,1.0142572517553299,0.6126640184831338,0.3537107929924441,0.9476073864843224,1.0183301954215858,1.0161359532699388,1.1248668666626769
0.0009481483895103871,0.41182971306095184,0.6467085385542594,0.060915688330693,-0.0023071191744328014,-0.0007728146516042864,-0.10105716966841174,0.9993334067495228,0.602534728576807,0.3492505182559732,0.9344708540318496,1.002351575249017,1.000730923350554,1.1169610453760666
-0.0057837567884635455,0.3711619765731159,0.6016182646284417,0.0520131858013829,-0.008429229784985177,-0.007067677708556757,-0.10718180097535235,1.0054642116414358,0.5739678301007034,0.30768202990525884,0.9377963581839109,1.0091325571274166,1.0072762431039222,1.1218125404531187
0.008696711479144609,0.3943959070817534,0.6455085466276114,0.07164674994787804,0.005878015252737475,0.007315775373812012,-0.09592614724706913,0.9909952573464127,0.5713338665926928,0.352934981693675,0.9297718812966101,0.9944052609049464,0.9928887348214572,1.0993066135696974
-0.010712865765326776,0.38129359881449026,0.599679078140613,0.04582106857980139,-0.013819196797876767,-0.012337146148101493,-0.11028013110134592,1.0108023554789891,0.5860479858070812,0.3130706952947161,0.9395632132954037,1.0142015619380704,1.0124790953490832,1.13237932133165
0.02156002909191789,0.4084432170400977,0.6843267478749496,0.08767363869063208,0.018184812251192572,0.01986269141859646,-0.09439014990548815,0.9786011985285418,0.5781337496206712,0.3674940331700195,0.9223169142047449,0.9814502017735256,0.9801064529505914,1.0800859242268483
-0.02643502903586435,0.3934424553198345,0.6572881359644408,0.041839708145924,-0.02974338023125223,-0.02792153312897316,-0.1438765487883922,1.0261197516329805,0.6163699010255423,0.38134475304856785,0.9669627709734763,1.0293489398884987,1.0278165322851183,1.1310224664270496
-0.0054628202855824155,0.37666723816986236,0.6255247937893135,0.05635917547252283,-0.00844082447349359,-0.00673818236188807,-0.11352715062838287,1.0051057189042167,0.5805281016166232,0.33243549332505573,0.9367989456046845,1.0084065449002257,1.0069317134960067,1.1165726342912308
0.015858562453165186,0.42135628197714087,0.7011431335350244,0.08342546929710308,0.012200255257536612,0.014018025504625954,-0.1022775770727018,0.9843880310962739,0.6017181813887336,0.39083488891774343,0.9269528549927524,0.9871208581630841,0.9858204132043622,1.080709007573814
-0.011611453867571456,0.42617017618349157,0.6709752503192464,0.05014319052171838,-0.014978841063294591,-0.013459825759996212,-0.12948675747543156,1.0119118497911022,0.6310964168227632,0.38423967827922634,0.9469391643835724,1.014976001782354,1.0132536939636982,1.1160623532594969
0.004873382142365325,0.402496893287224,0.6328066918139784,0.06714608084063814,0.0016245586408209756,0.0031235218765219203,-0.10577527808075023,0.9953208607196804,0.5927729023035607,0.32751529642916544,0.9322806794486693,0.998753880038682,0.9968801062229128,1.1060493391303607
0.005965767542699881,0.39051445209287106,0.6311643993181077,0.06397097609423873,0.0028092825987114057,0.004427798769682719,-0.0939694972163269,0.9940474768281047,0.573556543140507,0.3326254909022759,0.9272847659486649,0.9972780221312859,0.9957578927148626,1.112998684836354
-0.00842857369101024,0.4035935545493291,0.637773057218292,0.057263009827630454,-0.01189398225965411,-0.010155420475336883,-0.12034224752965104,1.0084698551195486,0.6131482961515033,0.34310471565421696,0.9437723730286804,1.0116080804741696,1.0100937772611007,1.1192798086019333
-0.008589128433670129,0.39374017860075433,0.6301989305461091,0.053703607565493465,-0.011589521588635262,-0.010105661090036352,-0.11689406421654404,1.0085360361772981,0.5969569690109654,0.3414321071325124,0.9447953790530798,1.011686721257993,1.0100000211132554,1.1183112190597013
0.023769718056885658,0.4146658475652645,0.6619374332834336,0.08438049817283144,0.021036271582236626,0.022438372659979836,-0.07956936044796548,0.9758846363758052,0.5775076524126075,0.3511968271797491,0.9141352590969589,0.9792207260631037,0.9775640671910836,1.0848055519244948
-0.020053055401119922,0.39106861326318015,0.6368767020371402,0.04433307290793015,-0.023310973978385822,-0.021718814728448672,-0.12965667368128825,1.0201280494193712,0.6057166803262043,0.35681487920824984,0.9564756915788616,1.0233477740170815,1.0216424267693376,1.133816750782945
0.015875316290549737,0.451447552425574,0.7207894550504739,0.08297231556692276,0.012298909741876803,0.014076899319471231,-0.10130777033833029,0.9842765452531148,0.6295758223585692,0.40829688878677295,0.9281232532543434,0.9868471714541901,0.985519390877725,1.0832338276088125
-1.3463912780038571e-05,0.3813651593202729,0.6290859744577358,0.05880801004831251,-0.003201003510744467,-0.0017211920967687344,-0.10607110035683633,1.0001189097437257,0.5781211245180735,0.33055463374777583,0.9341694074501073,1.0036249836226723,1.0017950590981344,1.1116849924606256
-0.001559293110284264,0.36073146049954824,0.5836559338645938,0.0571591373715038,-0.004224604244359681,-0.0027309826274460633,-0.09957824617359015,1.0010289871514466,0.5554352708360559,0.2900102477678156,0.9341985843855867,1.0047970811032505,1.0030041287839992,1.1200785405085567
0.007425761727492709,0.4558869332067377,0.7166796737887716,0.0724048611644431,0.0041059092056079955,0.005630099757988932,-0.11483300592173633,0.9928005979202164,0.6369263948920288,0.4190976764059531,0.9338154912772615,0.995695225302006,0.9941085722996676,1.086501480062182
-0.004216236677948445,0.3729249913891359,0.6130303869850267,0.06093285667436129,-0.007654431498531817,-0.00583224352006669,-0.10940040017019258,1.0042037994780348,0.5672780569547439,0.32525982001212816,0.9424550365821267,1.0072030993327752,1.0058911129329915,1.1181277215407361
-0.017144933676948294,0.37468654624148734,0.5817128456485728,0.042234153525617935,-0.019518119510189908,-0.018579288972226816,-0.12181176167618028,1.0170052201383106,0.5921905124413237,0.2935687948328001,0.9482639370444473,1.021042469212066,1.0188003863415223,1.1353384209567319
0.019668578782727368,0.426660217200013,0.6705930225873792,0.08333977529835421,0.016178026159879868,0.01779648308535241,-0.08872730696044934,0.980621013214871,0.5920023157819805,0.368366791607474,0.9204417737449705,0.9836379944430038,0.9820007182509559,1.0842185477505075
-0.00543375935919259,0.36882444870648545,0.6067918387989664,0.053737435918304245,-0.008641259200891052,-0.006879452087772856,-0.10755629850330592,1.0055046896186206,0.5706938217345368,0.31466211423305435,0.9398268996770481,1.00864349322481,1.007106484768541,1.119148648618976
0.0025266794840147037,0.40290548892673284,0.6441529721592306,0.05650561244663764,-0.0005065082971770739,0.0008719308966041,-0.10555351974127365,0.9976261665098028,0.597234360919736,0.3421719730556514,0.928081804372722,1.0012614149431667,0.9992263877833376,1.1061536027188492
0.004842992684133686,0.38767302789647995,0.6461917905286155,0.06670836373940098,0.0013897567762498329,0.0031928904593942144,-0.1046283495652282,0.9952787181526228,0.5764876639265987,0.3457469957890533,0.9338554074502703,0.9981181797731161,0.9968689265570171,1.1018125157821188
0.011454059450089737,0.4022977281874912,0.6508272711472296,0.07781060079669291,0.008246817425898086,0.009982258015600412,-0.10033500937007127,0.9883575874714474,0.586043685070056,0.3389989048840276,0.9285023987233239,0.9913850253855984,0.9900417342506167,1.0979106873894462
0.0030538690559132916,0.4567363389342913,0.6708316913953075,0.0654664287452306,-0.0001291512647076146,0.001387340515074768,-0.10998584907721126,0.9969628016953151,0.636805979118636,0.384499351804963,0.9352897674621325,1.0000679340798686,0.9984475917186632,1.0982512799583979
0.017750508492666028,0.40848981628175224,0.663287324982566,0.08210306823458063,0.014444078316478077,0.016251837165855425,-0.09752005462985976,0.9821659034903616,0.5790673951467455,0.3558879273739576,0.9228189489834757,0.9850823458445979,0.9837390245943469,1.0819401620901843
0.0025558172981476075,0.39285781007497217,0.6021577187923306,0.060817287359574576,-0.0002454286238190761,0.0009385635549727978,-0.0929302022305892,0.9976466824070548,0.5733870256509148,0.3131762764150391,0.9342491832372556,1.000925092268516,0.999125643668628,1.1176667210973947
0.010080609823506117,0.37262555557123206,0.6142737587536454,0.06791623164392449,0.007164574034351537,0.008655697608276518,-0.09195191472804873,0.9898758876722271,0.5573285725428222,0.30340582314077646,0.922585721591157,0.9932726398135626,0.9916200918527357,1.1088139231429106
-0.004829969812754242,0.42465625000672697,0.7125294297437733,0.06692142844663228,-0.008814086193716649,-0.0068166585741505905,-0.12870354660495134,1.0051447879180453,0.6279850675381298,0.41703206805846993,0.9487827386189147,1.0077933294645327,1.0064176252126866,1.101601494599911
-0.00021234811905453943,0.40455879716860693,0.668405764315556,0.06317449488337139,-0.003236284382004945,-0.001728167697735101,-0.11325012276936548,0.999987038457541,0.6010065440431367,0.37047954708323527,0.9365429739537784,1.0032585677551216,1.0016508636502561,1.1057645600223784
-0.01140869553126405,0.40496010613630196,0.6744650836596299,0.053585959064153824,-0.015157715968795865,-0.013096390522194516,-0.12484544504910897,1.0113470099817399,0.6082376254046693,0.38957371546881825,0.9483287279269996,1.0141555963396829,1.012963279599537,1.1202655635475907
-0.0015302276826887622,0.4125532415635357,0.6484089827044992,0.059830837326889666,-0.004456540328420084,-0.003202528121621451,-0.10563085896544834,1.0016546911648048,0.6075481791245968,0.3532795150369006,0.9370663846794475,1.0049489951560615,1.003154220377421,1.1165955802461036
-0.027676645235471985,0.38350773405308936,0.6278624723153359,0.035503260144806724,-0.031070519291403108,-0.029278942971244393,-0.1402993600355615,1.0277180237147765,0.608960264376206,0.35121175969799145,0.9615549536440962,1.0308398622277122,1.0293737220555974,1.140928704339038
0.0014919738759444122,0.45439103977595385,0.6947058519733702,0.06456646630932844,-0.0017598253732725258,-0.00040047594817348554,-0.11122395619113032,0.9987655215397175,0.6412965203799978,0.4060874744245646,0.9360059658070278,1.0018362251119854,1.000160524176216,1.1015316589684165
-0.020642848574070838,0.427253281896539,0.7064638484976907,0.05080894176003376,-0.023981676331143734,-0.022338278580963742,-0.141550751205835,1.0205037307508595,0.6485470358288516,0.4247215202508048,0.9625326765691229,1.0237212411935965,1.0221227554965793,1.1209207829811125
-0.0010351549182384164,0.3930290165544503,0.5987090897164573,0.05763942789317004,-0.004015952952336442,-0.0025191537901432678,-0.10609492879554513,1.0008809949004183,0.578074328119662,0.3147695742170691,0.9364446118561836,1.0042778023688868,1.0026413130822427,1.1103479643774303
0.015567675674024681,0.38520490511706373,0.6084932882132694,0.0688290875434927,0.012797419651046034,0.014323798728103167,-0.08637573971845096,0.9840890923701042,0.5538223508485063,0.309128331224775,0.9158876013851281,0.9874173036578402,0.9859283384906647,1.093256103522635
-0.005423558556903253,0.409599499937574,0.6380273266239912,0.05403312091859317,-0.008474570607771159,-0.007051732342483963,-0.1179534468530113,1.0055108945982014,0.5999721468957349,0.3567629005551217,0.9399647849328805,1.0086382914626186,1.0070476256320782,1.1096376320618178
-0.024292246772973966,0.38965207990520223,0.6467103440849269,0.04127703012281624,-0.027458720521033653,-0.026015574783534216,-0.13731998405889245,1.0242552571920969,0.597800446969695,0.3820264196317724,0.9649750371703407,1.0276853507143173,1.0259330383306817,1.1316934271408643
0.0008791799775335238,0.38636312143321117,0.6163047306026395,0.05622122681171231,-0.002090193083167145,-0.000724755807475659,-0.10283063102505559,0.9992220819593834,0.5719462732229299,0.3257486589541637,0.9315836382381032,1.0025360120843834,1.0009382053113454,1.1126623656633532
0.015050715224914328,0.388733000368758,0.6113158019705632,0.07345962187189435,0.011930147419703137,0.013609712350750586,-0.08503335932696666,0.9848791194642376,0.5569015409956877,0.3143235519087323,0.920676209089691,0.9880189483351718,0.9865542818659768,1.0963109884658773
0.012689962343488107,0.4110703086755561,0.6607367006149184,0.0737761766023773,0.009414643795566125,0.010986566138979281,-0.09773188691047664,0.9876276060433338,0.5900462584788013,0.358285563413003,0.923015476920906,0.9905068561537588,0.989063388438723,1.0916947938524406
-0.008052399000552731,0.4087890198282472,0.6638996511213895,0.052820493103244465,-0.011369703401538686,-0.009793284825264498,-0.11473216091502278,1.0082763485705086,0.6089824887016753,0.37397359273673536,0.9447585489997544,1.0114127389982133,1.0097521680131551,1.1222241923055158
-0.006885741756635107,0.3835885175814623,0.6381665610507201,0.054427093289093474,-0.010451932124244487,-0.00855895432407088,-0.11539815519719371,1.007147129192543,0.5899824933309776,0.3462109612114356,0.9399558516524318,1.009986318411449,1.0086940877436963,1.1165621894791826
0.020320647489234237,0.3936001896527387,0.6083314292234918,0.07655149239799243,0.017218881176907057,0.018779971988771592,-0.08053126304025524,0.9796896962685427,0.5583454337570362,0.30186379355280957,0.9145237500695572,0.9827179674598231,0.9812614030423362,1.0918960585914594
-0.013915880108046438,0.4028520073353197,0.6363602193164491,0.05039976363995664,-0.017447008303642264,-0.01578856461625835,-0.12141643064515573,1.0143734765279175,0.6183517912368339,0.34594046753824903,0.9495768896039275,1.017655481102371,1.01575203380963,1.128977208946351
0.036212012788942156,0.4499815470387329,0.7170023736080537,0.10177576604823765,0.03265728176372748,0.0347433410772922,-0.07566820795536391,0.9636529939379931,0.5998775296265642,0.39310447632254175,0.9085151293029109,0.9662040913024422,0.9651412258994136,1.0638146965943713
-0.008809564991298117,0.4556577074753717,0.7289218818570787,0.060275847447301606,-0.012628203670625532,-0.010799311999504043,-0.1324006408433165,1.0092580609485162,0.6554436216826114,0.44185258841816055,0.9516852548837115,1.0117879020920022,1.0104220280404743,1.1076305945087412
-0.01424434312495647,0.4263389464031029,0.7060450054179062,0.051418808632574635,-0.017814110240834825,-0.016086255220537943,-0.13129925509503404,1.0143603194298731,0.6355309850742303,0.42218585487609106,0.954663230071844,1.0170623205763387,1.0157956290190917,1.1164512721334063
-0.01455712522890283,0.373655918688932,0.6062688452405182,0.04767281151640362,-0.01742204854522465,-0.016163768070660597,-0.12212362178044507,1.0147543840456577,0.5868805044098007,0.319917070370072,0.9492023670605196,1.0183212520372003,1.0164247651123277,1.127439719418614
-0.011449563244057648,0.38551371605065454,0.6429556050835796,0.05073148381799959,-0.014688625794590753,-0.013084338136008216,-0.11597243357862688,1.0116322119845058,0.5968753747932671,0.3537050815534609,0.9481956951591578,1.0147523468589275,1.0131736025580318,1.123592593962074
0.04361319906414602,0.4256133905948225,0.6713013355046231,0.10960407486872768,0.04032050147682128,0.042077421880883085,-0.05990111717473484,0.9564020147200858,0.5625720192502618,0.35060271034320234,0.9035653571069792,0.9589693408092128,0.9578106481351254,1.0589709029388437
0.005542862640670485,0.43621488047125145,0.6851267524448583,0.07237064302228345,0.002135463573574514,0.003852593018247689,-0.10709203844260785,0.9944753152188323,0.6174328665255016,0.3923586798321017,0.9356463356411149,0.9973281539154255,0.9958495071349754,1.0977635407816506
0.004133029728222149,0.4192920064870879,0.6735223173665071,0.07111195435642385,0.000779362896493185,0.0024461293260868598,-0.11159269114961905,0.9958577195276371,0.6095088249915619,0.3739835187647228,0.9365735094595625,0.9991226880478989,0.9974249044173628,1.0975726442429046
-0.0013799027045813127,0.3940126344329023,0.6251957331241502,0.057572066522007775,-0.004414173217760991,-0.002853341198733706,-0.10480973101305922,1.001498060928244,0.593174004648992,0.32764851772957015,0.9347833142101976,1.0044291471861975,1.0030493640582663,1.114883400215227
-0.0018570403009269085,0.4663821799983106,0.7095853850727105,0.06902597670012289,-0.00507499102175027,-0.0035244673811710247,-0.12534519327387808,1.001671519624937,0.6601926191074345,0.4123946005783805,0.9479281281813228,1.0047197626954256,1.003197194225201,1.0998879162218327
0.006411767726946623,0.39190926283669836,0.624025906788736,0.07121064955310383,0.0034394240388287926,0.005007340078998948,-0.09080065351377438,0.9930926157208433,0.5799251846962368,0.3254640426403458,0.9311435290698942,0.9964258268219762,0.9949392482903745,1.1104691475857273
-0.014158866850189687,0.4051245322812069,0.6532712372635865,0.046333461699180636,-0.017455747860340393,-0.016148466632616102,-0.12886900693043246,1.0147632679807228,0.609986578168568,0.37298504085508377,0.9502787536291382,1.0178786122144243,1.0162131272728119,1.120531571997738
-0.008765020328795059,0.38087801313948416,0.6223791994225429,0.05735009231640074,-0.01224029337929461,-0.010580527534910523,-0.11371533420088976,1.0092953155160758,0.5894249031175143,0.3318007514221084,0.9464383232234059,1.012222312582647,1.0106311503931642,1.123315696472448
-0.016005716498529058,0.41572002273213093,0.6586342382887568,0.04763062182843348,-0.019108244123107625,-0.01754333854362484,-0.12232686597053699,1.015720074597702,0.6262331442458835,0.3807361802350926,0.9502290127392478,1.0191555727031667,1.0175672812370664,1.1283913274965776
0.031031763721896966,0.4735735316184829,0.7013230392400754,0.09171159940568795,0.027720661657114287,0.02916795265627427,-0.08057482910977354,0.969387217723816,0.6262455159836345,0.38745672242457174,0.9091282778918216,0.9722147955092119,0.9705990367746999,1.0687976763703884
0.00478096799319355,0.4045201436221109,0.6331705288532086,0.06257778242006934,0.0017258903672562986,0.0030397320405868263,-0.1067120085358067,0.9955428407979929,0.5897776557694563,0.33460938558739994,0.9283908404802937,0.999034477102957,0.9971152296279227,1.1036369358558682
-0.0021822193673486025,0.36510114937791943,0.5897141069448806,0.06025915847089964,-0.00521762352753641,-0.0037946859366355117,-0.10263845892395772,1.0023623921902431,0.5467873899397535,0.307896137136499,0.9400263379309568,1.0053301647121633,1.0038762181487761,1.1215092899129615
0.0037440833235011916,0.4052135637020396,0.6460286777859434,0.06523393456796166,0.0008970113221269698,0.0023904090780441064,-0.10161210101372616,0.9959520865331651,0.5890306495700091,0.3555786905196823,0.9321091269919568,0.999322162811928,0.9977367119197078,1.1049561503640701
-0.021502718514566747,0.3542036003767797,0.6071008911139251,0.03760181541422341,-0.02483442335232494,-0.023012573259331745,-0.13021479439589026,1.0214368278002297,0.5705624383100802,0.3300193749268737,0.9503103359316789,1.0248203441398598,1.023328229202801,1.1364454090802272
0.009544157491690122,0.41390533092879966,0.6511004296151633,0.07160103534128016,0.005958875902590229,0.007802025156931789,-0.10429044409314249,0.9906447714498007,0.5890408138799101,0.35617906802496535,0.9308618663656396,0.9933722282785479,0.99212207564403,1.0898982632395482
0.01526186772899593,0.44400345255383045,0.7004418910042892,0.0762863933290925,0.012062429328433558,0.013501486479609713,-0.10315103139076513,0.9849562130593081,0.6145343999563381,0.39742724575396615,0.9237770985459833,0.9876736653125554,0.9863367472647622,1.081936739618132
-0.00999326479073505,0.4344414826776212,0.6852961934682261,0.05240568542675487,-0.01368163085806723,-0.011961811542731774,-0.12776516059493911,1.0105556287977477,0.6425792044496499,0.3914574934830676,0.9455551314110562,1.013352721550377,1.0116926295471345,1.1158196981763389
0.006512508458867849,0.44574096175172745,0.6971548995158127,0.06911006558001181,0.0034087492128529267,0.0049308290794363155,-0.11216117854498643,0.9934505452367873,0.622174436065582,0.40385063326068327,0.9351721998702854,0.996444813975036,0.9949985144845175,1.0899553709095606
0.015389995500693327,0.4062060370670503,0.6379173974249521,0.07748225861615342,0.012371886709628478,0.013887580391227406,-0.0930801705215707,0.984526183512717,0.5767581081601398,0.333896066853545,0.9228071036015784,0.9878917482745956,0.986237182859439,1.0930525068296268
-0.007445478880172903,0.3821617735932512,0.6457354373023583,0.05590919221308755,-0.010648617007698919,-0.00883434173059367,-0.11566889483741812,1.0070961723463356,0.5914944364350383,0.34651709431626,0.9441262123597755,1.0103559020352095,1.00877802894541,1.1190515648147377
-0.013714192267788758,0.3786047247492801,0.6300177965534429,0.048984790431110994,-0.016860726621487698,-0.015197044968921219,-0.11996723805359631,1.0133821195297579,0.5938348969753553,0.33734589567512874,0.947912085223409,1.0166685612984807,1.015139533620453,1.1299451805159806
-0.010858651540549168,0.4012291724624683,0.6669598959673481,0.05885050009915519,-0.014317867082442136,-0.012575186454606486,-0.1285919750302506,1.0110397450107191,0.6099449551703104,0.3733507398819621,0.9532464336209787,1.0138816464894036,1.0124557418253455,1.1173707851126709
-0.0033540981418677955,0.41377776429892665,0.6585944629191504,0.06139517218522459,-0.006374721047595085,-0.004916404148336247,-0.11556739928156372,1.0033096489720315,0.6119058989162985,0.36256059814701236,0.942134695530479,1.0066244046559347,1.0048607054972452,1.1113910979600927
0.0037956386841728755,0.4002933481576228,0.6406017347788998,0.06532449244203158,0.0006266275120413622,0.0022472253737517572,-0.10405655715825672,0.9961256145326025,0.5834517299120885,0.3473259458706299,0.9336209022006853,0.9991494363231634,0.9977030110340716,1.1050991317569916
0.0029687569164600597,0.39333541176099907,0.6120989806488637,0.060205833070030045,-7.666674882445317e-05,0.0013193794304763634,-0.10040757736318828,0.9971609051286808,0.575655474304744,0.32315716454211807,0.9345502088816343,1.0003874742982064,0.9986866133531226,1.1049310393833773
0.014379749198266371,0.41574238053757745,0.6541479414105164,0.07326358813723878,0.01101509347583837,0.012520136600871873,-0.09114874668118446,0.9858663637296078,0.5905166744541315,0.3457430458575891,0.9251234683806484,0.9888033113355721,0.9872757426205298,1.0960059313119743
0.0023298676853956124,0.43171637423024656,0.66907661756982,0.06860168179267956,-0.0009402047861981429,0.0005818876195633032,-0.10413600623178156,0.9979018763214178,0.6216151445651754,0.3724543625393075,0.9378849194088615,1.0011541008791294,0.9992839741526662,1.1097781780077738
-0.02391287533134338,0.38190443428070514,0.6350382874855461,0.04253766548951391,-0.027428953203540173,-0.02562313405097692,-0.13684974435519015,1.023929530149654,0.5973286454648175,0.3620463002206724,0.9626359763493009,1.0269825494668543,1.0256354203923537,1.1347173815518157
0.0042617546014131385,0.35903146814992404,0.6147911136284553,0.06468649169378175,0.001002774537492891,0.0026336592031674616,-0.09541411160384361,0.9958952811548336,0.5461027573259476,0.3118804402996247,0.9306677044766517,0.9990293020379394,0.9975490378134251,1.1195055722406906
0.004929950026043481,0.3704860111407988,0.6080614399834322,0.06280849110744822,0.0018565676089930844,0.003470181873495667,-0.09802114515405314,0.9951130724265032,0.5614737078626815,0.3062122389073292,0.9279743568754386,0.9983672580618509,0.996860655340708,1.1085319659816035
-0.024409541857476562,0.39687851384117145,0.6806435825243815,0.04476224060689924,-0.027987652976586872,-0.026226276195027647,-0.1425218771565157,1.024533676983034,0.6244922986078483,0.39724114375277386,0.9635190261025903,1.0276658522344322,1.0260548914383458,1.1312163544714506
0.012577413072011507,0.40246122698784675,0.6284221056559521,0.07293911872762657,0.009608411971869908,0.011041338068876555,-0.09368582797140092,0.9874348341595869,0.582536458625582,0.32641799686970596,0.9235962755335521,0.9906123103576026,0.9890258856245633,1.0924308949736237
-0.011173224876250464,0.38789019840575856,0.6439058644989658,0.050051704214035445,-0.01439679510515403,-0.012952383960724506,-0.12278944753965189,1.0114348415680576,0.5961100643148012,0.3556098134608213,0.9457800906034152,1.0145723101009234,1.012834270095647,1.1190459555308276
0.009627634514994892,0.4238786856317729,0.6731791159611663,0.07080869600160992,0.006416321133047509,0.007945065989132345,-0.09608021469369958,0.9904083786490728,0.6029511215986934,0.37386105560666405,0.9250316439626589,0.9936933933900426,0.9920571673853835,1.102905686385887
0.011692372129579643,0.37100294625217084,0.5932683166988879,0.07106757992817792,0.008731990179132128,0.010279208670215074,-0.08562200553855435,0.9883544407386394,0.5416184413769968,0.2962232583147436,0.9262981323056736,0.9913509962690745,0.9899748043363148,1.1056600409939823
-0.0015971852183473442,0.4038478809361045,0.6601121531047266,0.06093861049946934,-0.00535286934558904,-0.0031584905551220776,-0.11259633994805084,1.0016278044572842,0.6033139866361008,0.36246663919663125,0.9391226279784042,1.0043821567165943,1.0031273196181865,1.1067792362480675
-0.043938383116612134,0.3458478049253279,0.6034103587562265,0.0212557352637032,-0.04733138660860525,-0.04568184148146139,-0.15213432956181278,1.044063600766886,0.598023947382879,0.3320359942233049,0.9771062825002819,1.0476692486469568,1.045765883958447,1.1648233334779665
0.007033646046548056,0.40330304098875835,0.6410561091078445,0.06903234916294441,0.004140251090807979,0.005572432266659449,-0.10276484372248912,0.992807379306103,0.5844871987289433,0.3456819101159675,0.929530114132304,0.9961709333252794,0.994501699528115,1.098166417486937
-0.009855494496727282,0.3684891098951246,0.618006973993786,0.05202785047659798,-0.012717182221197519,-0.011140686882628191,-0.11070918923608013,1.0094378962017143,0.5733969119903481,0.32598680733337904,0.9451884354450749,1.0127759370108969,1.0113586836257185,1.131506188348924
0.008921277634875971,0.4085710395339351,0.6595925219654172,0.06850230925320028,0.006173100680259949,0.007508131675841963,-0.09934987219561184,0.9907937524461894,0.5904896756616299,0.35927999876907035,0.9253543707465385,0.9943029378949231,0.9924973118756181,1.0980368875834432
0.0032474056465240228,0.415627898758357,0.6773785304320608,0.0658931833081406,3.318253226435154e-05,0.0015914478655187757,-0.11147552582916145,0.9968686926247161,0.5985097558470207,0.3860694579671734,0.9358539540907654,0.9996626966303896,0.998272915373691,1.0977804604870722
-0.012691269583089367,0.4116169523598465,0.6818086195894905,0.05570404428742289,-0.016204805882279853,-0.014568914994527091,-0.13198344807051005,1.0130592054517,0.6157565829455263,0.40215669059049663,0.9523425289119944,1.0159778469587741,1.0143936010905155,1.113913553655263
-0.026706530387041575,0.36638890203386776,0.6246706895377706,0.033424326878998004,-0.02980617920121304,-0.028144028579941603,-0.13221190855924306,1.0265953135675638,0.591837117584807,0.3487340684758554,0.9594136982347861,1.0299828503084631,1.0282627338136983,1.141607372341354
0.009857180211221431,0.39693633465450645,0.6167191383984961,0.06930096766933615,0.006732312673477301,0.00825718924672067,-0.09353396920429811,0.9902043265004603,0.5750057186749424,0.3161250578207053,0.9286532537832659,0.9932940862248993,0.9918103048439744,1.1013962143094966
0.0030248112253705877,0.39777966053287345,0.6184363331488633,0.06176161899048942,-3.905634905855832e-05,0.0015271249638399668,-0.09916032981555115,0.9969245619975314,0.5837437316777773,0.3250920689468687,0.9328827718942542,0.9999532344862774,0.9985651944532211,1.1090709952124873
-0.0043504663923726716,0.3751436484490478,0.6066789911954071,0.05333483654510038,-0.007761305602936449,-0.006215389734947106,-0.10492053698406872,1.004839987596736,0.5771328333530226,0.31335345722860064,0.933262050294832,1.0080574461700513,1.0064539395721368,1.124783128043235
0.0030107503981714515,0.399361758504999,0.6610403391286643,0.06847035364609498,-0.0002737912426227451,0.001339947742195614,-0.10871261574181466,0.997144484422892,0.5883173565158901,0.3633842643464321,0.9385087226472221,1.0000395867913319,0.9985332140503501,1.1024567065417445
-0.013120527300804676,0.38677074549179075,0.6309621199529628,0.05083795553356354,-0.016328357819165955,-0.014587858729432406,-0.12442690170326728,1.0130252425336403,0.597169587348968,0.3400348704790159,0.9505106073467573,1.0161140345751758,1.0147168845614567,1.124798863202283
-0.016786786439432475,0.40925548417760843,0.6464483993096328,0.046635267638370934,-0.0202029730741758,-0.018473328721867823,-0.12880406063672595,1.016909696858037,0.6145855220193569,0.3698394557784275,0.9558704920495145,1.0199529810689145,1.0185436824230147,1.1249098581432018
-0.027511797620622867,0.37315991057995435,0.5969224955118867,0.03347657102322312,-0.03084018713320867,-0.029010159180264537,-0.13469224940441155,1.0276684178619047,0.597344114853386,0.3211246371302424,0.9586128504799543,1.0309848026144635,1.029287385382747,1.1463028066137235
-0.02326689306049702,0.43691541808915957,0.7162140830502899,0.047156419880647685,-0.026540959867802937,-0.024996843440390302,-0.14684043975533462,1.0232539679787944,0.648724162704485,0.44588022825504214,0.9663721195255209,1.0263367435769006,1.0247228317082937,1.1217356227281767
-0.0077583483865028505,0.4045396890733059,0.6617393734435103,0.05796174136175978,-0.011115912721438779,-0.009466355535043504,-0.12323562265523041,1.0077533856538679,0.601231693273813,0.37520872243868986,0.9470260806437687,1.0107850638791065,1.00926867335175,1.1140085241499504
-0.002452747098740937,0.4133719720432532,0.6462057700920522,0.0608188067405363,-0.005781455143930898,-0.004174023472792702,-0.11212351446549006,1.0027395802160817,0.5996740755706278,0.36297649937294507,0.9421045030942785,1.0056490065505412,1.0042562137948963,1.1097097290937152
0.001608405719956817,0.3696692640286292,0.5719710681383017,0.0580200732485756,-0.0012674926716666566,3.0910833130181048e-06,-0.09150198719822045,0.9985400657839999,0.5605780730150177,0.27583706433472777,0.928836714662896,1.0020320941171332,1.0002359641180036,1.1243404534849046
0.006213627323325184,0.3842490793443405,0.603422522203523,0.06504226740318962,0.0032289483250395683,0.004661660650349934,-0.09674354846809757,0.9940611280530813,0.5705283438984702,0.30212748106144527,0.9269358716977377,0.9974591852309757,0.9955417081327909,1.1094127319272151
-0.007888670611051234,0.3795237521132655,0.5888639267024144,0.04974116483414862,-0.011255803976380532,-0.009576221904325307,-0.11078313297784673,1.008137090472494,0.5720854878414967,0.304067937417967,0.9440670250795379,1.0111131823966364,1.0096375024674908,1.1250513365683656
-0.0088415693709836,0.38326577071478124,0.623090884232202,0.052910627182584775,-0.012130154473595667,-0.010570059721150417,-0.11616718146462658,1.0090723130908368,0.591187086241787,0.32736212080115623,0.9427979293039093,1.012390958895191,1.0105745131584456,1.1253938685206137
0.014055130270068151,0.38705457347515826,0.6532821909858371,0.075606126078473,0.010872971781817061,0.012600161049776355,-0.09281001223581539,0.9857168233208311,0.5712573833832097,0.34120190198338307,0.9211658852832629,0.9888633668129877,0.9874014954616699,1.0948105258924063
-0.00746120788888755,0.39602014188860585,0.6298122788755393,0.05119180104685195,-0.010540358436419478,-0.009194955037380177,-0.11408261517777633,1.0076744763514374,0.600866138558168,0.3358425776202243,0.9407048337231697,1.0110873293168412,1.0092261786554266,1.1211452860669726
0.020579537799627748,0.4238217576714881,0.6691244116992094,0.08066712571828025,0.0172657560346126,0.018950339450486593,-0.092705406715914,0.9794007209884674,0.5972229225859976,0.35332545898899803,0.9149670504322794,0.9824978977895275,0.9809764535553666,1.0824386056079385
0.001727159882831115,0.4017443605595177,0.6260797097271501,0.05947259882090366,-0.0012091638360745584,0.00012917903608303995,-0.10260823811953004,0.9983604713248938,0.5898788556333188,0.3306839205543428,0.9315464232555137,1.0019346308622552,1.0000563929332167,1.1129335276043413
-0.019637715351970026,0.3729428566970147,0.6040279748702648,0.04466554328775138,-0.02292113937305001,-0.02140167378408446,-0.12908846450443243,1.0201830383153245,0.5870191156409721,0.3277265245056836,0.9556462261095525,1.0232247043125302,1.0215684977598347,1.1313504335264508
-0.002092998294786789,0.4127238783736327,0.6543180206233795,0.060266153155604144,-0.0053312662332567085,-0.0038734612341788793,-0.11034460135701996,1.0022256495794315,0.605889434569096,0.3646116982523955,0.9388805837655024,1.0054728877891992,1.0038147467311394,1.1110820663882521
0.03882930961303748,0.4450167735631945,0.6752637069005231,0.10285886997349845,0.03615928884968993,0.03746542530758133,-0.07193705471731562,0.9607157898896365,0.5864116752873986,0.3579731757235719,0.9069620776496123,0.9641141962397205,0.9624386914738206,1.0563470426433847
-0.0328374515694793,0.37860357683788076,0.6199851701134543,0.03125426005880572,-0.03607586908261001,-0.03443748658240248,-0.1430698046914823,1.0328024386463066,0.607594662303858,0.3480316360896685,0.9684258996668152,1.0360747575612395,1.0344244262062983,1.1491909528791642
-0.023666817791611693,0.35583041861716985,0.6041723867791352,0.03540704392532414,-0.02651575139414449,-0.025099204366121328,-0.12614704498532744,1.0236206646302977,0.5755600395854076,0.3306809240001404,0.9557066974001346,1.0270155163953556,1.025335432085273,1.138790007133454
-0.0016822304999320648,0.41941965655365826,0.6641559715106283,0.06201414630786171,-0.004805558146169983,-0.003539226420793688,-0.11600572145065281,1.002037500846294,0.6143233978463642,0.3717050826383347,0.941983462428465,1.005285064135125,1.0034005511092152,1.1030337222165
0.014026596404717814,0.38312449056701037,0.5923671678135645,0.07035737753437538,0.011221707305842035,0.012570351703830475,-0.07875533796287287,0.9858409931974793,0.5596995670269282,0.2884235622720196,0.9199917652229107,0.9893874883940291,0.9875898352132672,1.1047317770023124
0.01136462747773417,0.39030197959780133,0.6257484711842446,0.06948530267440614,0.00816812098932137,0.00979005407553151,-0.09576760484274609,0.9887681973831604,0.567984753893198,0.32327998844747674,0.9239232636037025,0.9915798383934894,0.9903514806123069,1.0973609588092965
-0.00609613894220565,0.38271151931777053,0.606471728420144,0.05200695153237365,-0.009620927632727325,-0.007795757069537614,-0.11246811010105669,1.0062211431141515,0.579328058072182,0.3189092790189064,0.9389058482574768,1.0092319343871332,1.0078557919679063,1.118807959847961
0.029213947920734763,0.3987494192309032,0.6162868956501747,0.0868899963410514,0.02653466441692408,0.027800918180563485,-0.06343486298308945,0.9706895834995861,0.5563860572758534,0.305530987012383,0.904666653415742,0.9742525634195407,0.9723569143667052,1.0865430958231361
0.001785732268931096,0.3740729755412555,0.5969687225852532,0.05568983167702531,-0.0012899512975720832,0.00022940580812212173,-0.10010959344950265,0.9984380296172899,0.5676241277221448,0.29868402176046804,0.9276731246261003,1.0017752783203568,1.0000677388581762,1.1125563136249097
-0.02818282084741426,0.3635885412870018,0.60562986370194,0.03306077983328843,-0.030774363158127496,-0.029473136124222008,-0.13548603941338705,1.0278666526855071,0.588566131778683,0.3319038732345555,0.9615621790628728,1.031587289061909,1.0297047381686215,1.142214501633781
0.027929905477049807,0.3866267768748632,0.6246917168919877,0.08456124882649707,0.024450356299180055,0.02623712966764953,-0.07150093110532464,0.9723990859796924,0.5523297327225198,0.3035780353356383,0.9053678964146238,0.9754354257366021,0.9739773705761566,1.0872698413853377
-0.013697929668151126,0.38205288685000677,0.5839913106826112,0.04344826200628138,-0.016677747921023306,-0.015195760833238984,-0.1151803765171072,1.0136540755256145,0.5895715024191674,0.2998741490520358,0.9453561997990593,1.0171061038681224,1.015356465045889,1.1317603546254023
-0.011004888130500145,0.3772428016311492,0.6307041022955783,0.05359908681975493,-0.014196059530760355,-0.012412805793389416,-0.12063832845634183,1.0109231398248424,0.5971232653804627,0.3316938498143088,0.9445592677959758,1.0144000229113217,1.0125920545699147,1.1225242428566318
-0.00808125492600926,0.3936481051110451,0.5976681043378114,0.053592917802092785,-0.01141376776476672,-0.009974916754109444,-0.10903182751664446,1.0087737071620553,0.5961833873427678,0.31328718580845916,0.9419477783254241,1.0119864310203062,1.0101303934447439,1.1250497997368052
0.010858210871829631,0.4218515353591309,0.6586482685901943,0.0774246249538837,0.008031918762683698,0.009302292225797959,-0.09915260986012611,0.9889638047993191,0.5974555003999014,0.3569409028652457,0.9339570189748494,0.9923537597984436,0.9905794183438991,1.0952762927382675
-0.018251015086713902,0.4071601466579941,0.6665218104857672,0.04939725909664821,-0.02168442688359155,-0.01988984552689356,-0.13128152269411242,1.018231442847647,0.6216774801170495,0.38695561128247713,0.9568903916199301,1.0213086950265748,1.019718106020715,1.1251115810772745
-0.017877086572332748,0.42401853992839006,0.690820443367007,0.04969501139636817,-0.021881675852219944,-0.019789512100411903,-0.13658876954334062,1.0179526091091105,0.6394333840894414,0.4089894915821026,0.9591284029721058,1.0205934616854644,1.0194411339468892,1.1186317299564028
0.012162687172715334,0.421254495768409,0.6858088556585176,0.07628754867447993,0.00891319368200489,0.010554533354108256,-0.10244492989191296,0.9879360543421958,0.5985226408242239,0.3829274794032683,0.9298330651740447,0.9908825229083581,0.9894128248227806,1.0869248310633532
0.00952820645437528,0.4046896677010353,0.650890092347252,0.06843818056474282,0.005875604235940037,0.0075629401965331975,-0.0982802150668404,0.9909648248824029,0.5912785596256449,0.3486311432216528,0.9276971341765717,0.9937973543876328,0.9924378828941793,1.0939241446528019
0.017553684649443364,0.4337027794845017,0.6759400281609053,0.07946182524759562,0.014167844401344852,0.01590716664672836,-0.09355061836935197,0.9825168135289636,0.6008683155188159,0.3750739408053009,0.9228968345104331,0.985180047448391,0.9839521123799672,1.0819239266023963
0.0008621588242674165,0.3706779899994898,0.6076037942500949,0.06415965051053697,-0.002288555868494172,-0.0006187992451007816,-0.09766597597790015,0.9990884203777671,0.5613026109490841,0.3127215500816797,0.9361885162346801,1.0024748556181278,1.0008992206268146,1.119760682052563
-0.014716288638229826,0.43687313093093555,0.728094218266952,0.05885294322262567,-0.01878617935262708,-0.01663125197457365,-0.1391930957923429,1.0149998317142894,0.6539450179490134,0.434815665597715,0.96055732628856,1.0174237758236193,1.016291000283302,1.1142991311254418
-0.006714873147974457,0.3631693626910191,0.5763333890164353,0.05114770826758241,-0.009910251809271459,-0.008447545599553553,-0.11183225765570214,1.006945291944436,0.5635269755450989,0.28632959314656836,0.9358219577432558,1.0102991350223696,1.0085942007095778,1.1245198471180655
-0.006350872489475608,0.3932374206547493,0.6112247743929533,0.0509031837949146,-0.008975788326122607,-0.007802696758657874,-0.11263856510327162,1.0062614366029008,0.5879695207497246,0.32287935819657154,0.9406445762373536,1.0097469670904218,1.00785893711678,1.1186678058371753
0.005306935845081533,0.39063975734005313,0.6222489022632126,0.06527208931085596,0.002328008585034635,0.003901596605777386,-0.10125669127390653,0.9943383699684247,0.5790894594037801,0.31769552104904175,0.9290301279127382,0.9979720957306096,0.9962506951364898,1.1088320856594782
0.005881459075846275,0.4135583839121852,0.6524906249317244,0.0701085646841393,0.0028634138600896206,0.004379527608942959,-0.10005601583142142,0.9939797770282114,0.5950091048054271,0.35877427819599017,0.9336566921316116,0.9970186785409534,0.9955887708196394,1.103233403156146
0.012751992094077185,0.4062109535872483,0.6676996315658632,0.07704166392683863,0.009584253349030932,0.011158568828145185,-0.09606602305964392,0.9872421924925435,0.5894272094538198,0.3589139154534502,0.9254600715240529,0.990325746205813,0.9887622307801175,1.0946467852706447
-0.010571574638106596,0.3854374768135127,0.6259863274500559,0.04786235539524755,-0.013580934133857395,-0.012022908649306588,-0.11617578488162919,1.0105385772752147,0.5931477846256247,0.33640657806192675,0.9431367889418859,1.0139807521808988,1.0121961448044896,1.1233389624094352
0.0017466548498504216,0.4493051349880867,0.722170714100795,0.0669569118772624,-0.001527625618836429,-3.356877895797792e-05,-0.11884547193091047,0.9982397577735435,0.6500210836436173,0.4136395517722764,0.9363875238216564,1.0014327912759933,0.9996378710969783,1.0990397908269167
-0.007113076055713483,0.39823131710003834,0.6448356527283937,0.05833423725093767,-0.009863724118144582,-0.008574937640488854,-0.11626670001307442,1.0069186780953967,0.6005474649441255,0.34899871965557605,0.944681423415515,1.0107747914820224,1.0086098295820842,1.1226873711069563
0.0099997851766646,0.39208565868224776,0.6274660716988613,0.06777676475811924,0.007167931487809317,0.008651058625696753,-0.091953889801202,0.9899743899171711,0.5773118275130555,0.3227279587352353,0.9236874095366716,0.9932033362491979,0.9916163541123272,1.1013202778111146
0.014763330952311367,0.40562084738892035,0.6418279343934753,0.07632365604837223,0.011886386744957286,0.013318441365115312,-0.0938767455768623,0.9851378124930553,0.5824442717721425,0.336592389749521,0.9226839552236236,0.9883200650652715,0.9867522874957964,1.0895046642517803
-0.0034471361034387987,0.4295557603012174,0.6850642968664671,0.06825503637582248,-0.006891129166778147,-0.005106937408619147,-0.12062726943377955,1.0031056031858039,0.6328352459445354,0.3850783979120814,0.9500057525354717,1.006143163964737,1.004757562484166,1.1046544536152079
-0.01658417867170657,0.4018245780184861,0.6425765236848417,0.04650987730164976,-0.01965299243832962,-0.018277419589160536,-0.12200386423560076,1.0167227876590568,0.6128755253247613,0.35997237154557316,0.9530330366408436,1.0202254960961978,1.018256115873206,1.1330337957542664
0.02042159034669141,0.3871759012536954,0.619814534344636,0.07642769976858471,0.01721730312725701,0.018816511127882154,-0.08127629605669957,0.9797531482897406,0.5574162944155543,0.30818000709994375,0.9122492365906254,0.9830614399455793,0.98144489787222,1.0932493874250164
0.009035457947572332,0.3877779246900734,0.6299588019582775,0.07044055435432586,0.00593414855345315,0.007403641029632315,-0.09377011401172378,0.9911453941561953,0.5701164424720515,0.33130566396319927,0.9282312611588303,0.9944635048490206,0.9927147147813961,1.1015069338270307
0.0224621392657284,0.43005552122663093,0.6822070538883344,0.0841725344554513,0.019062954935976532,0.020702390722182717,-0.09056904434940477,0.9779001947459344,0.5982288635173765,0.36876256644256755,0.9183808316498488,0.9807751392652836,0.9792615991949941,1.0772690412787775
-0.02302281606633057,0.39215166083488107,0.6664445005757971,0.04001408870959254,-0.02616044817049632,-0.024737206569036888,-0.13865465428670287,1.0233591384962477,0.6162037892790478,0.38581300864535273,0.9583037482441306,1.0266939916158278,1.024789266306346,1.1283950297599834
0.010077186732737246,0.38757686981459266,0.6099519373090223,0.06890899974906436,0.006914751216093211,0.008462379867292398,-0.09165395930792215,0.9899958941697894,0.5688109772810458,0.3078694310409318,0.9247430806253123,0.9932479943322258,0.9916365604315129,1.1036521570204336
0.00949783197072883,0.3892516552296083,0.6340716544429514,0.0694347437475806,0.006595054555549481,0.008090942413832222,-0.09732685673670241,0.9902696151922127,0.5694567149022036,0.3307698834614733,0.9259362424341931,0.9936209660893011,0.9919964026683331,1.1015411880670458
0.022662049670868947,0.4152961271945312,0.623636086827375,0.08112031125278567,0.020013749011843975,0.02108056908031638,-0.07877743053830767,0.9773969161862015,0.583503360563362,0.31160445684597915,0.9109937526272098,0.9809756274194622,0.9789468758577671,1.0899420856970763
0.00536338255919503,0.3878201671576041,0.6666783877344683,0.070427635416988,0.001725559289832767,0.0038039160516248867,-0.10763195965990092,0.9944677544485905,0.5724676743504991,0.369507218135254,0.9326303503592405,0.9973568772326045,0.9961102545798157,1.1002229560892454
0.005263572462258429,0.39216869283185635,0.6365134792285144,0.06707574914835271,0.0020331268242992835,0.0036096749050101473,-0.10118615838918804,0.9948949939646433,0.584759615805815,0.33057238476790096,0.9328714874587236,0.9980320677344965,0.996369606485203,1.1053287753540277
-0.023211852323323193,0.39128493966601385,0.6591638797088331,0.041361598533026664,-0.02639455012549461,-0.024904864258782945,-0.14001705373892265,1.0232779813146433,0.607307967107886,0.38226414979128254,0.9602090336093675,1.026595406646849,1.0249312060976492,1.1316260804834348
0.011719625485259354,0.4298872728630565,0.6977631040974853,0.07769778764285508,0.008151402957038147,0.010008312914629513,-0.10286497477962739,0.9881334189431993,0.6079389825969304,0.39533365792935793,0.9315169514576966,0.9911703196637773,0.9896966893946239,1.0877043752253428
-0.014525143663579583,0.41741206545661563,0.6665043202946543,0.04869762024099236,-0.017926298346967694,-0.016279369529528097,-0.1304410028278461,1.0146798886531376,0.6217877519766475,0.3874774179094438,0.952692658349863,1.0176731527978473,1.0161798906076693,1.1181350018899405
-0.0011641806761514282,0.36484792959109247,0.6176392841163426,0.0644881919068851,-0.004509196060952206,-0.0027122591769590267,-0.10598288328043479,1.0011056092774062,0.5689818033527551,0.31591104363827516,0.9373370498157362,1.0044382938414185,1.002921602884436,1.1162143818296717
-0.011895199771055073,0.4092366207731594,0.6891458903138009,0.05437031909350696,-0.014741212636944927,-0.013357517261561013,-0.12979067691944982,1.0116876050766745,0.611550312554412,0.40437269233948137,0.9538567313433204,1.014967924352468,1.013348901139356,1.114012403131262
-0.045098972037740236,0.3701320000898847,0.621616871716521,0.019691540161519954,-0.04817367344480404,-0.046618696710817274,-0.1534007976850718,1.0449632377244735,0.6099197746397309,0.3639661456725296,0.9813907258659371,1.0483735276483868,1.0466883681067884,1.1622721037218833
-0.00240074414313274,0.40117933019403235,0.6320239726156448,0.06008742947400111,-0.005472479900957689,-0.004087658359651314,-0.10567998912683071,1.0026986947798366,0.604124964319817,0.33187457201699466,0.941740866323604,1.005913745070052,1.0041724320811232,1.11528233893289
-0.031105028705621592,0.4213341850896394,0.6661700572994136,0.03371253980187331,-0.03427691337692528,-0.032848568175221374,-0.1498102920829074,1.0309762366717274,0.646936948731031,0.3930958821169521,0.9692679571373425,1.0342024078777479,1.0326156346257482,1.1387895715911878
-0.04503378567923497,0.3487482398642809,0.6104575842777689,0.014400081097780064,-0.048163234583774285,-0.0465970086075602,-0.15389399864583608,1.044966626608266,0.5996809647491378,0.3422171110374286,0.9726813528930774,1.0483054698519645,1.0466898300877612,1.164982889477606
0.017136983775205974,0.36785599857323675,0.5916550338335265,0.0714683715915879,0.014670493043486246,0.01596895676468677,-0.07869661046668792,0.9825611002177429,0.5344747353729102,0.2873725070767601,0.9131325064807992,0.9865014695574414,0.9845215864683712,1.1036932318326007
0.005586113295261959,0.3715179462307668,0.623656172491475,0.0632494312690036,0.002576416120207904,0.00403832271130113,-0.0974038238517456,0.9946771748203728,0.5649912384919471,0.3167011518866628,0.9275421943707232,0.9980449008906936,0.9962238918544227,1.108918183420514
0.020298313959038358,0.4044371172786133,0.606525921980131,0.08179370608122952,0.017138860597626964,0.01867334720872233,-0.07977950602945229,0.9795648348303904,0.5695266571597719,0.30281071651728797,0.9166913170876946,0.9827703765127174,0.9812763232138362,1.0925389021621756
0.007805066790772758,0.44612669518810966,0.7033450157649997,0.07413663469877141,0.004297459965937264,0.0060714633861029595,-0.10646222635284652,0.9923020209215349,0.6340327465168817,0.39672582261833556,0.9348548591609797,0.9953145892003281,0.9937774516244398,1.095160183661652
0.007838258618700055,0.40014015382199086,0.6104044406712044,0.06679495891705996,0.004603083928093979,0.006289909749466435,-0.10339156015855397,0.9921107090383803,0.5833568140292882,0.30670358679909204,0.9262933308980982,0.9951800975771229,0.9938411192391111,1.1008953889635253
-0.00561362979069138,0.3825073987207319,0.6164261319970397,0.05644267443681943,-0.008872126857206104,-0.007339451633102769,-0.11108787361813022,1.0058008115869634,0.588352457359474,0.31587001346395094,0.939318893447897,1.0092669412681594,1.0074382972554135,1.1254852497781282
-0.005564343142122803,0.3838043274011891,0.6326295403386399,0.056197103806713486,-0.008526655862791117,-0.0071105866180238035,-0.11261963082646614,1.0055320825717984,0.587556492787023,0.33450486214961217,0.9408077569273758,1.008882371098737,1.007149921874823,1.1206044049692228
-0.008441018697094994,0.41354090190875764,0.6971989293533,0.0569346894349822,-0.01157526522318138,-0.009924514836593209,-0.12759850130547945,1.008200488566508,0.6282538641910129,0.3909688473590113,0.949061947365406,1.0116232078086664,1.0098700346258147,1.1116436991779455
0.022995256360539902,0.4271345392153185,0.6836053072791756,0.08898235207490354,0.0194624101292612,0.02130464126240326,-0.091381844224936,0.9771200378657164,0.5938960632155874,0.36959926340770766,0.9202310049125492,0.9798909516089189,0.9785583264591345,1.0772650430563644
-0.011543302493230977,0.39084423970217624,0.6421976676195674,0.0546105385080292,-0.014657357207773797,-0.013130130725294764,-0.11876329576342792,1.0115301791722215,0.601647853667792,0.35436511588603115,0.9493475097889362,1.0148733451993883,1.0131544635496665,1.1223333858830504
-0.012843360141052697,0.36757889972905744,0.5967675223979992,0.04418227855148245,-0.0158665958910235,-0.014466497631700445,-0.11535957001653079,1.0129243644389965,0.5703113322345172,0.31595034656756193,0.9454369651846244,1.0162089222734298,1.0146096422129984,1.1294299056045762
-0.019244151386287073,0.4035806308568831,0.6446965959055155,0.04292261093649908,-0.02242840633187075,-0.020791016792743512,-0.13114953556281955,1.0191390885292781,0.6193200544999538,0.36483422368695173,0.9575944738819386,1.0221562853027513,1.0208818152409678,1.124204140062541
-0.002145013611382703,0.39815262376573335,0.6328174165688589,0.06316182312993898,-0.0050120786759768115,-0.0035942962898229402,-0.10763626167921334,1.0017592023391915,0.5922055944619646,0.3420168114602762,0.9410301388435544,1.0053076968035872,1.0035660267967454,1.1130850045449525
-0.023361457202420763,0.36587283770983997,0.6228321030325151,0.04626232465094636,-0.026973908235699874,-0.02524573035942347,-0.13523252417000908,1.0238158308092409,0.5862287271731738,0.34396384308122363,0.9645127016344833,1.0269210417413361,1.0253336556868915,1.1368071109679239
-0.017020780215995377,0.3850513142293761,0.6194148908581723,0.045361317884499396,-0.019818894055773854,-0.018379027161699413,-0.12236596967630053,1.0163845996428087,0.5981705251643213,0.33220040560176156,0.9518550721689866,1.0201394016579113,1.018395521785412,1.1359481547432768
-0.011500303990564719,0.39277216817909993,0.6522770362002115,0.052443965036953956,-0.014997715875384099,-0.013028436250798572,-0.12319981109056498,1.0112815258361711,0.6001371544911924,0.3613474286116566,0.9493695180231392,1.0141924907237967,1.0130207016695827,1.122092937271556
0.010382410092889798,0.4747408743704837,0.7191981861362959,0.075455053602487,0.006908368784904982,0.008479178385130823,-0.1051896759594629,0.9900125951498023,0.6526775760453521,0.42261357259813215,0.93344177572863,0.9925069801082845,0.9912618195490162,1.0852849879069288
0.015700426051954878,0.42014766626784633,0.6308891811241903,0.07628188061281813,0.012655394488068626,0.014085798868501299,-0.08896543816553032,0.9844977205675735,0.5932901554902992,0.3273216968172912,0.9215958084326126,0.9877896321087638,0.9860764671469503,1.0930767127550405
0.008809826229966641,0.4186362077430809,0.6702361852537659,0.07025080191510175,0.005632618300713511,0.0072517375068323325,-0.1026329504117725,0.9911464213233275,0.6041092123058368,0.36753973296761633,0.9263588014822061,0.9943863318035921,0.9927961951099409,1.0960034793628293
0.0056431226376282215,0.42770915817790817,0.688251241877225,0.07053611842047744,0.0028150421992950672,0.004202043210368313,-0.1099723925151578,0.9938665847829652,0.6150972191572758,0.38673813902561693,0.9348066083705355,0.9973171188280182,0.9955292201704183,1.0945296937704254
-0.02379963749382077,0.3777807330408709,0.6475081903536916,0.043624118211835955,-0.02718205152721809,-0.025587728569589626,-0.13586415640540037,1.024039540878185,0.605222755274569,0.36412991986471765,0.9584117052631715,1.0273461812319056,1.0255628434865962,1.1382743745560067
0.005465390112284823,0.42155776803989753,0.6399574752929438,0.07033071620559046,0.00200276402550757,0.00382498782574328,-0.10246901441223617,0.9945935945047562,0.602746757511895,0.3457258700854683,0.9353618720050453,0.9973512685179664,0.9961019972356866,1.1027808311498943
-0.004006763186668273,0.4638372051002987,0.7273783887852631,0.06595504059052537,-0.007374291943949108,-0.005734851826269589,-0.13090154693898318,1.0039036186800296,0.655371082755948,0.44100446076432653,0.9490706051062823,1.0066553468557846,1.005385275579446,1.0949975017159712
0.011696051640511972,0.43661051155617797,0.7249650636425975,0.0866101411277323,0.007912379949680118,0.009943823139584237,-0.10691935071988527,0.9882612641275802,0.6243548059421209,0.4134386942554297,0.9368672739179021,0.9911466638297286,0.9897057311602302,1.086011961433641
-0.01837288081334033,0.39544936772109107,0.633296997777676,0.048053907514110816,-0.021994596349860528,-0.020224916798604713,-0.13032141506908446,1.018546026080744,0.6119953166173081,0.3513405759399405,0.9550995287764767,1.0215260360239482,1.0200776308893198,1.1290526200413893
0.010991774365342839,0.44108941649871475,0.6896615307957971,0.07329583490021992,0.007713055898551064,0.00918658703379485,-0.10851483316823292,0.9892778605454401,0.6231761985917998,0.38418321928306,0.9296846032315439,0.9922186155665527,0.9906273491096415,1.0841696389867492
-0.004907808967884596,0.45765405484920435,0.705286542802525,0.06387182569320632,-0.00876949488485282,-0.007014595542748676,-0.13100905154663672,1.0053864436567634,0.6533636733486736,0.4146236394699576,0.9480639850850344,1.0079310335252467,1.0065382292647176,1.1005786035751914
0.02054333282859466,0.4056365223725282,0.6409535101574295,0.07989352494251026,0.017390513876627746,0.019070029281574873,-0.08504417157679253,0.9794701708128521,0.5786623998610557,0.32702513608422923,0.916027250037099,0.9827763123604131,0.9810996102141006,1.0866899278781226
0.007882286802522608,0.43157153921261415,0.6724968297519073,0.07307098537560433,0.004849972889506537,0.006329404373564587,-0.10344992759994129,0.9918422017987913,0.6099836846411009,0.37898440282811763,0.9326266691471727,0.9951601582753072,0.993571816769501,1.0944807511060448
