CsPbI,FAPbI,MAPbI
1.2012516769271953e-05,1.0071687089607817e-05,0.2945502734898281
-1.2633289831309735e-05,1.0090841290666397e-05,0.2945502834239354
1.2014806270499445e-05,2.9911962337675346e-05,0.29455027927178906
1.2018632454174893e-05,1.0083949503608691e-05,-0.08659578842731802
-1.2640080725212499e-05,2.991477182748975e-05,-0.08659578851268933
-3.247157049801608e-06,3.3514543126056395e-05,-0.19189594565735507
1.201734412445421e-05,3.351063933229592e-05,-0.19189594746567307
-3.2463266204096897e-06,-5.532094898333395e-05,-0.1918959517187128
-3.2619185126314676e-06,3.350639405363953e-05,0.4021550807092959
1.2016342953002912e-05,-5.532579962191919e-05,0.402155082509853
-1.1813997601473059e-05,-5.53299750512444e-05,0.037726018523486934
-6.772841637400773e-06,-5.5316447590807866e-05,0.037726030234868334
-1.179509951412111e-05,1.0089956534183042e-05,0.03772602559377754
-1.1813997601223258e-05,-5.5329975051282565e-05,0.1690172887795292
-6.777304224492298e-06,1.0080123320058143e-05,0.16901729467790566
1.2018578126882229e-05,2.991752699013639e-05,-0.307432338502258
1.2018578126882229e-05,2.991752699013639e-05,-0.307432338502258
1.201732860250937e-05,3.351067037640765e-05,-0.30743233921627217
1.201857812693774e-05,2.9917526990108634e-05,-0.2679662852548062
1.201732860250937e-05,3.3510670376352136e-05,-0.26796628596882033
1.2017181143131328e-05,-5.53254270927242e-05,-0.08659579369705163
1.2017181143131328e-05,-5.53254270927242e-05,-0.08659579369705163
1.201868678132878e-05,3.2255371722016146e-05,-0.08659578697600713
1.201716562104771e-05,-5.532586170989284e-05,-0.1918959515091652
1.2019571537763563e-05,3.22544869655883e-05,-0.19189594523825995
-1.3289577327324498e-05,2.482163254147185e-05,0.4021550772711633
-1.0670511983223996e-05,2.482407726345226e-05,0.4021550783654673
-1.3271175945628322e-05,-5.5316548484285466e-05,0.4021550884082292
-1.3288956445978162e-05,2.4821415232967325e-05,0.29455027521277477
-1.065141210970788e-05,-5.5313312138177695e-05,0.29455028635760166
-9.084446355667186e-06,-5.532433278856996e-05,-0.2679662899579854
2.579802336810655e-06,-5.5320708391592976e-05,-0.2679662902218601
-9.084446355667186e-06,-5.532433278856996e-05,-0.2679662899579854
-9.084260091163365e-06,-5.5325054563737375e-05,0.03772602567914879
2.5849013278525512e-06,-5.531635445859412e-05,0.037726030328000607
1.2012664228538972e-05,3.224306274213218e-05,0.16901729016099123
-1.379194048573007e-05,3.224033086272893e-05,0.16901728868639715
1.2022776839676341e-05,2.4836937275923843e-05,0.16901729519789416
1.2016156688277047e-05,3.224876709281843e-05,-0.3074323427397758
-1.378348873309898e-05,2.4833243029737107e-05,-0.30743234225859245
1.2016637871592462e-05,-5.532557455206755e-05,-0.2926033928369482
-9.084446355667186e-06,-5.5324332788625474e-05,-0.2926033930387349
1.2016637871592462e-05,-5.532557455206755e-05,-0.2926033928369482
1.2016637871592462e-05,-5.532557455206755e-05,-0.2926033928369482
-9.084446355667186e-06,-5.5324332788625474e-05,-0.2926033930387349
-1.0673694002219514e-05,3.126611312234684e-05,0.10329434807257103
1.2018523799783853e-05,3.127836777537529e-05,0.10329435296977542
-1.0673694002219514e-05,3.126611312234684e-05,0.10329434807257103
-1.0673694002219514e-05,3.126611312234684e-05,0.10329434807257103
1.2018523799783853e-05,3.127836777537529e-05,0.10329435296977542
-1.3781144904689846e-05,1.967843466756103e-05,-0.14231770440625655
-1.327989157295928e-05,1.9681709818614168e-05,-0.14231770229525872
-1.3784381250631084e-05,3.3930976254287204e-05,-0.142317708201396
-1.3769084277359678e-05,1.9688818914426198e-05,0.3512992713445175
-1.3288483023510267e-05,3.3933087251858396e-05,0.3512992688221857
2.566771581835603e-06,3.393273800611496e-05,0.35129926875233636
1.2023250262005458e-05,3.394860929481491e-05,0.3512992735408868
2.5800506893713937e-06,1.967668843769199e-05,0.3512992660126959
2.571381628513336e-06,3.3932365477010173e-05,-0.142317703878507
1.201894289498684e-05,1.9679629864891024e-05,-0.14231769687806578
1.201763904341499e-05,-1.1003351149469626e-05,-0.02608969475453104
1.201763904341499e-05,-1.1003351149469626e-05,-0.02608969475453104
1.201763904341499e-05,-1.1003351149469626e-05,-0.02608969475453104
1.2020758974051748e-05,-1.0997879629326412e-05,-0.31209184756347297
1.2020758974051748e-05,-1.0997879629326412e-05,-0.31209184756347297
-1.2644830470365243e-05,3.296704186733779e-05,-0.3120918498917792
-1.180269755413077e-05,3.297033254043291e-05,-0.3120918459491805
-1.2644830470365243e-05,3.296704186733779e-05,-0.3120918498917792
-1.2644915841509424e-05,3.296730574202031e-05,-0.026089690951630377
-1.1807905199522073e-05,3.296593980235338e-05,-0.026089692131305842
-6.772841637386895e-06,-5.5316447590741946e-05,0.23329149234729502
1.2016405040893297e-05,-5.532545813666245e-05,0.2332914875742669
-6.790342740925492e-06,2.791658043860279e-05,0.23329148490447565
-6.772841637386895e-06,-5.5316447590741946e-05,0.23329149234729502
1.2022326700195096e-05,2.7930992655605946e-05,0.23329149289056655
1.201690950738965e-05,2.791877680771715e-05,-0.23412221294517327
-3.2471570497460966e-06,2.7923115218708716e-05,-0.23412221200608963
1.201716562110322e-05,-5.532586170983733e-05,-0.23412220644919826
1.201690950738965e-05,2.791877680771715e-05,-0.23412221294517327
-3.2463266204096897e-06,-5.532094898322293e-05,-0.23412220665874586
1.2016342952669845e-05,-5.532579962179429e-05,0.1362370660761374
0.0,-5.56956743822945e-05,0.13623669689986861
1.2014480307742659e-05,3.372828941770878e-05,0.13623706318903722
1.2016405041004319e-05,-5.532545813677304e-05,0.005500297426867
0.0,3.335813526070264e-05,0.0054999241838230295
-8.049816824506895e-06,2.9019033536331618e-05,-0.28147874667774897
-1.3989481764509204e-05,2.9021439452964204e-05,-0.2814787549820419
-8.048311186337198e-06,1.5689005764735198e-05,-0.281478754694884
-8.049816824506895e-06,2.9019033536303862e-05,-0.3110462565673516
-1.399362614995514e-05,1.5685761657668884e-05,-0.31104626158873233
-1.2970506213572097e-05,1.842412166164209e-06,0.37754522389732303
1.2018523799950387e-05,1.833673255957624e-06,0.3775452179523806
-1.297205065670104e-05,-5.531614491111059e-05,0.37754522314450384
-1.2981945959195107e-05,1.8350236737352255e-06,-0.21399700123195844
1.2017165621158732e-05,-5.532586170983733e-05,-0.21399699616401155
1.2015271931883897e-05,3.3250381238719706e-05,-0.11514290326740596
-1.1273007839845972e-05,3.325524739909713e-05,-0.1151428954675794
1.2018391862378408e-05,3.065837081520084e-05,-0.11514290717896067
1.2014495829770766e-05,3.3249977665628094e-05,0.2643933690075451
-1.1276189858577812e-05,3.0668902521180375e-05,0.2643933723525454
0.0,2.2248819004755394e-05,-0.3110466271988117
-8.046223471558367e-06,2.261335806297282e-05,-0.31104626198454455
0.0,2.6196159887970083e-05,-0.31104662573197855
0.0,2.225693315258126e-05,0.13623670716769995
-8.054714029120946e-06,2.6557353946105033e-05,0.13623706399618335
-1.3999423632901978e-05,3.410904513042245e-05,0.005500298094314728
1.2024569635643578e-05,3.412646086262128e-05,0.005500303915080829
-1.3982240731430506e-05,-5.531752637286157e-05,0.005500300515753454
-1.3990715766964978e-05,3.411309638370885e-05,-0.28147874920784194
1.2016637871592462e-05,-5.532557455206755e-05,-0.2814787521337469
-1.1270881319941362e-05,-5.531973826394809e-05,-0.21399698985430113
-1.298243490349682e-05,-5.532406115293931e-05,-0.21399700251252707
-1.1279961715071618e-05,-3.2600729415882546e-05,-0.21399699041309464
-1.1270524313045094e-05,-5.5319986616619854e-05,-0.11514289521922672
-1.2980929265396512e-05,-3.25928364570266e-05,-0.11514290132715063
1.2022893255025924e-05,3.180863180501925e-05,0.26439337144450586
1.2022893255025924e-05,3.180863180501925e-05,0.26439337144450586
1.2023133846572609e-05,3.2642615648614814e-05,0.2643933716850976
1.2022769078745554e-05,3.180906642213932e-05,0.37754521945025765
1.2023009670181217e-05,3.2643050265734885e-05,0.3775452196908495
1.2019571537735807e-05,-3.259536655013384e-05,-0.16795401112952568
1.2019571537735807e-05,-3.259536655013384e-05,-0.16795401112952568
1.2018981700112619e-05,2.2610936624159472e-05,-0.16795402294180034
1.2012664228566727e-05,-3.260679077377038e-05,0.32357773690018826
1.2023250262005458e-05,2.2623726787435183e-05,0.32357774930230043
-9.950584111240168e-06,3.262738852455316e-05,0.3235777389413367
-5.209189839650019e-06,3.264509141434613e-05,0.32357774821575735
-9.949024145916585e-06,3.411079912138404e-05,0.3235777440868939
-9.941876245089798e-06,3.263996137929659e-05,-0.16795401203756538
-5.2158720791339874e-06,3.411378711450086e-05,-0.1679540129844099
-1.354566775263466e-05,-5.5323005654001056e-05,-0.3012721391161904
1.2016637871647973e-05,-5.532557455212306e-05,-0.30127214336146907
-1.3543743019261978e-05,3.180628797652685e-05,-0.30127214324505386
-1.354566775263466e-05,-5.5323005654001056e-05,-0.3012721391161904
1.2018562605076166e-05,3.18037190784326e-05,-0.3012721474903326
7.021582374949764e-06,2.6559728818494055e-05,0.0703902048912521
-1.224220419920874e-05,2.656647314622923e-05,0.07039020963323607
7.016770541656836e-06,-5.5328034795944225e-05,0.07039020068477846
7.021582374949764e-06,2.6559728818494055e-05,0.0703902048912521
-1.2247016032515545e-05,-5.532129046821599e-05,0.07039020542676244
1.2016405041226363e-05,-5.5325458137023276e-05,0.4249791907068963
-1.3551100467468213e-05,-5.532739063124348e-05,0.4249791897522906
1.2016405041226363e-05,-5.5325458137023276e-05,0.4249791907068963
1.2016405041226363e-05,-5.5325458137023276e-05,0.4249791907068963
-1.3551100467468213e-05,-5.532739063124348e-05,0.4249791897522906
-1.2249654779798724e-05,3.065819231175271e-05,-0.056851105174670756
7.029902189946424e-06,3.0663306824857406e-05,-0.05685110774356877
-1.224707035968331e-05,2.9020228733640796e-05,-0.05685110892324408
-1.2249654779798724e-05,3.065819231175271e-05,-0.056851105174670756
7.027954173524642e-06,2.9020810810208297e-05,-0.05685110242726902
-5.22058301910544e-06,1.5680228049569367e-05,0.2014344685633355
-9.939128843367007e-06,1.5685373606744157e-05,0.20143447319666533
-5.216275652253355e-06,3.325400563589098e-05,0.20143447384859106
-5.2184875433125555e-06,1.56866076090334e-05,-0.2521484972986703
-9.941589087236746e-06,3.3255922607916544e-05,-0.2521484987111761
1.2017864113034182e-05,3.373442062487575e-05,-0.25214849551363544
1.2017864113034182e-05,3.373442062487575e-05,-0.25214849551363544
1.2018027094468087e-05,1.8339216088514299e-06,-0.25214849856371685
1.2014604483856495e-05,3.3728599858839914e-05,0.2014344709537303
1.2018523799756098e-05,1.8336732561519131e-06,0.20143447347606225
1.2017181143131328e-05,-5.532542709270338e-05,-0.1289124092785641
1.2017181143131328e-05,-5.532542709270338e-05,-0.1289124092785641
1.2019501688553813e-05,2.380175671222451e-05,-0.1289124136169751
1.201640504105983e-05,-5.5325458136828987e-05,0.08682487475840997
1.2024592918602472e-05,2.3813693163211858e-05,0.0868248823874941
-4.302485225038399e-06,2.9484687062597548e-05,0.36461696537832405
-1.2826213302841172e-05,2.9484958698533514e-05,0.36461696537056304
-4.300801083545469e-06,-3.79317672924151e-05,0.3646169672952966
-4.296780874379902e-06,2.9486619557095306e-05,-0.29724844054629423
-1.282018298903731e-05,-3.7929407941922344e-05,-0.2972484374341244
-1.2031849473709277e-05,6.379722617577688e-06,-0.28734411897603435
1.2017957245313848e-05,6.378263545547824e-06,-0.28734411684951444
-1.2031616643037868e-05,-5.53225632757004e-05,-0.2873441226314754
-1.2038399775829434e-05,6.375640320299691e-06,-0.15533831250698626
1.2017181143048061e-05,-5.532542709260624e-05,-0.15533830735366788
1.2010708451193342e-05,3.337839152685318e-05,0.11977348148357102
-7.438768322293177e-06,3.3389645007861346e-05,0.11977348859266672
1.2022326700514285e-05,3.2043713144983e-05,0.11977349324151851
1.2010708451248853e-05,3.337839152661726e-05,0.3376126033021137
-7.450976409029142e-06,3.2031140290128546e-05,0.33761261021718386
9.857335438373527e-06,-5.5316827880874664e-05,0.24894879796386998
-1.0989218329399142e-05,-5.532617991166333e-05,0.24894879224399716
9.851064532995224e-06,3.338644746694874e-05,0.24894879267085332
9.857397526485956e-06,-5.531741771849785e-05,0.21744529993738976
-1.0994868353153553e-05,3.337669186301295e-05,0.21744528817944228
-1.3415383485509969e-05,3.203569600984668e-05,-0.22431455995732305
1.2016909507361895e-05,3.20314972972191e-05,-0.2243145666706066
-1.3422484820113656e-05,6.376734624391478e-06,-0.2243145536941788
-1.341549213976223e-05,3.2036425545778346e-05,-0.24340500442776833
1.2021123742045337e-05,6.384549972870968e-06,-0.24340499778433394
-9.530767177478444e-06,-3.7926443231676814e-05,-0.010386301724550693
-1.3897536943204003e-05,-3.793369202574181e-05,-0.010386308647381891
-9.528547525328862e-06,-5.532207433136139e-05,-0.01038631286937757
-9.530767177537425e-06,-3.792644323167768e-05,-0.04158581659042588
-1.3888968775577215e-05,-5.5322974609861575e-05,-0.04158581755279267
1.2019718997058337e-05,2.3801228962755383e-05,-0.31189086455851783
0.0,2.4203571956538106e-05,-0.3118904528557323
1.2018353057363651e-05,2.948994127421889e-05,-0.3118908596613135
1.2024592918713495e-05,2.3813693163121652e-05,0.4356773976081362
8.108637602477486e-07,2.949206003327598e-05,0.4356773897384604
1.2023250261838925e-05,1.7855355205625978e-05,0.054015504887017146
1.2023250261838925e-05,1.7855355205625978e-05,0.054015504887017146
1.2016405041094524e-05,-5.532545813680123e-05,0.05401549804179614
1.2023374438063783e-05,1.785492058847815e-05,0.2796016215113924
1.2016342952725356e-05,-5.532579962166939e-05,0.27960161475930373
-1.0986121681877403e-05,3.383719983193756e-05,-0.3046685638915126
-9.531062096335141e-06,3.38390702381286e-05,-0.30466856050770735
-1.098507394392545e-05,2.727959460263607e-05,-0.30466856384494656
-1.0986928828143894e-05,3.383914008728284e-05,-0.2031852795975282
-9.530767177579058e-06,2.7281038152637826e-05,-0.2031852738543724
-1.39013708878033e-05,-5.53295559561906e-05,0.30921623557029904
9.857335438401282e-06,-5.5316827880930175e-05,0.30921624638916295
-1.3895200875746472e-05,3.2813001113435325e-05,0.3092162421128402
-1.3889566374214457e-05,-5.532301341501511e-05,-0.3095593293275064
9.848200716089384e-06,3.2806675881097425e-05,-0.3095593337668106
0.0,3.138827159995805e-05,-0.1801458022091538
-1.3413839042242248e-05,3.09842173009528e-05,-0.1801462000235915
0.0,-1.9890337716793605e-05,-0.18014581339666627
8.104058601965392e-07,3.098197436588075e-05,0.021545927824142077
-1.3422896154254016e-05,-2.028909511862277e-05,0.02154592669103288
1.2016637871647973e-05,-5.532557455212306e-05,-0.26033987545718745
-1.2031616643037868e-05,-5.532256327575591e-05,-0.260339880688116
1.2018252164069931e-05,1.7842953093261116e-05,-0.26033988089766347
1.2016342952725356e-05,-5.532579962175266e-05,0.39006439952645466
-1.20384929079842e-05,1.7841757896042143e-05,0.3900644010320925
-1.282513452086076e-05,2.7275380368091406e-05,0.18528387771608928
1.2022024020508226e-05,2.7281395159603483e-05,0.18528387967962773
-1.2825468244825888e-05,3.383353662995969e-05,0.1852838764044767
-1.2825646748218511e-05,2.7273610855138575e-05,-0.10103016042460998
1.201945512241398e-05,3.383973768604498e-05,-0.10103016000551489
-7.4435723946136845e-06,-2.0284554921076725e-05,-0.07186181703582409
-4.3005915359162206e-06,-2.0292564295164295e-05,-0.07186182276345798
-7.445566977098972e-06,3.097924248626066e-05,-0.0718618188441421
-7.448500643325584e-06,-2.028959958499943e-05,-0.2750162070539469
-4.2916818833727e-06,3.098253315944599e-05,-0.2750162020636102
1.2023149368600716e-05,3.281767324858631e-05,0.4137993912988652
1.2023149368600716e-05,3.281767324858631e-05,0.4137993912988652
1.2016405040837785e-05,-5.532545813674572e-05,0.4137993859049555
1.2023273545019864e-05,3.2817238631493995e-05,0.15266005836116747
1.2016342952780867e-05,-5.5325799621516736e-05,0.15266005306038993
1.2017413973774982e-05,-3.8281315937749305e-06,-0.2972484422149137
-1.367061243698342e-05,-3.830514227420867e-06,-0.2972484414077675
1.2020758973940726e-05,3.24539064119056e-05,-0.2972484432704125
1.2018003811370415e-05,-3.82800741743905e-06,-0.12891240910782167
-1.367109362027108e-05,3.244746476412097e-05,-0.12891241565812395
-6.0382997619234935e-06,3.312132321312e-05,0.08682487576734274
4.630900608870725e-06,3.312138530118386e-05,0.08682487573629867
-6.04808641009591e-06,-4.94149823981882e-05,0.0868248694265883
-6.038299761701449e-06,3.3121323212842446e-05,0.36461697190534326
4.621113961045253e-06,-4.941492031035333e-05,0.3646169655335446
-1.2449175119499944e-05,-5.5322074331329296e-05,-0.15533831205684692
-1.0315996284315787e-05,-5.532073943560756e-05,-0.1553383008033659
-1.2449175119499944e-05,-5.5322074331329296e-05,-0.15533831205684692
-1.2439163401739561e-05,-5.5313878692619944e-05,0.11977349400985973
-1.0327994823394748e-05,-5.53281279280643e-05,0.11977348325308397
1.2011531119571206e-05,2.8490189773078267e-05,0.3376126031003273
1.2011531119571206e-05,2.8490189773078267e-05,0.3376126031003273
1.2014596722897952e-05,2.5741592980854655e-05,0.33761260681785654
1.2018391862544942e-05,2.8501660562924025e-05,-0.28734411245677616
1.2017840829992021e-05,2.5747421508043322e-05,-0.2873441143815096
4.6246374647285204e-06,-5.532510889083575e-05,0.21744529517988362
1.20163429526976e-05,-5.5325799621586125e-05,0.21744529514107855
4.631265376975335e-06,3.0314953376714415e-05,0.21744530036424606
4.6251807362951425e-06,-5.532461218535345e-05,-0.22431456041522344
1.2017429495830845e-05,3.0302481415361848e-05,-0.2243145667094117
-1.366971991956234e-05,3.1551951542418966e-05,-0.24340501078404486
-6.0425450405521275e-06,3.1553131217776365e-05,-0.24340500974406798
-1.367097720503252e-05,-5.5325822904767064e-05,-0.24340500552207234
-1.3665296137416183e-05,3.15644312650909e-05,0.24894879907369605
-6.04434559739464e-06,-5.532513993491972e-05,0.24894879351680477
-1.0322942398555135e-05,2.1254341117826758e-05,0.4356773897539826
1.2023009670236728e-05,2.1258563113524254e-05,0.4356773913217089
-1.032179376719844e-05,1.3144834277334372e-05,0.4356773918805023
-1.0321685112982606e-05,2.1252199076024145e-05,-0.010386306699365393
1.201836857944727e-05,1.3136002235125677e-05,-0.010386314848437994
1.2017429495775334e-05,3.402171811717203e-05,-0.04158582306311784
-1.2448926766717161e-05,3.402507087839693e-05,-0.041585827766296865
1.2017631282335017e-05,3.3628668946544815e-05,-0.04158581764592481
1.2016870702291627e-05,3.402157841869702e-05,-0.3118908598631
-1.2453932625500208e-05,3.362625526881491e-05,-0.31189086377465486
1.2016342952725356e-05,-5.532579962175266e-05,0.39006439952645466
-2.063655604900294e-06,-5.531735563046869e-05,0.390064404384854
1.2018593648910336e-05,-3.829093960461272e-06,0.3900643989831831
1.2016637871647973e-05,-5.532557455212306e-05,-0.26033987545718745
-2.067893122681408e-06,-3.823971686328642e-06,-0.26033987571330114
-8.593228024808552e-06,2.574661436184622e-05,-0.10103015383550282
1.2021379855634007e-05,2.575307929272852e-05,-0.10103015170122186
-8.594733662853349e-06,3.3114384859714296e-05,-0.10103015892673288
-8.601516795686548e-06,2.573813932649216e-05,0.1852838735484206
1.2023025192403614e-05,3.3121579326500505e-05,0.18528387974947694
-1.3140775263154048e-05,-4.941516090199716e-05,0.15266004723962387
-1.1544084797199261e-05,-4.940695750214885e-05,0.152660051671167
-1.3142979393143683e-05,2.8490003508574446e-05,0.15266004755006474
-1.3141209880496163e-05,-4.9414850461226845e-05,0.4137993806119389
-1.15459163984033e-05,2.8497648114800267e-05,0.41379938541601113
1.2020758973940726e-05,3.24539064119056e-05,-0.27501620879241573
1.2020758973940726e-05,3.24539064119056e-05,-0.27501620879241573
1.2016637871592462e-05,-5.532557455206755e-05,-0.27501620793094234
1.2017639043376827e-05,3.244843489171728e-05,-0.07186183001225187
1.2017181143131328e-05,-5.53254270927242e-05,-0.07186182353179894
1.201836857944727e-05,1.3136002235014654e-05,-0.20318528697825966
1.201836857944727e-05,1.3136002235014654e-05,-0.20318528697825966
1.2017181143131328e-05,-5.5325427092745016e-05,-0.20318528029602012
1.2020991804695402e-05,1.3141722107895548e-05,-0.3046685658472901
1.2016637871647973e-05,-5.532557455212306e-05,-0.30466856503238277
-1.1546428625885952e-05,3.3624485755945344e-05,0.2796016135408233
-1.314311909189625e-05,3.361628235615255e-05,0.27960160910928017
-1.1558396120936454e-05,3.154861430329503e-05,0.2796016152172039
-1.1546739066579936e-05,3.36242684472951e-05,0.05401549775463832
-1.3130872199965116e-05,3.1564997819540086e-05,0.05401550527506816
-2.068669224752906e-06,-5.532141464456575e-05,-0.3095593352025996
1.2016637871592462e-05,-5.532557455203979e-05,-0.30955933475246034
-2.0684363942202744e-06,3.402573832617106e-05,-0.3095593352258826
-2.063717692957212e-06,-5.531676579273448e-05,0.30921624645125106
1.2016715481899531e-05,3.4021656028782044e-05,0.30921624165494
1.2022970865048499e-05,3.0314262646038634e-05,0.021545932992982315
-8.592723558419751e-06,3.0311786880166808e-05,0.021545927956079368
1.2023133846600365e-05,2.125812849651347e-05,0.021545929058144425
1.20174294958586e-05,3.030248141534797e-05,-0.18014621362866218
-8.592405356500077e-06,2.12510582059261e-05,-0.18014620568137615
