Unnamed: 0,Acc. Surface Area [m^2/g],Void Fraction,PLD,LCD,Density,Channel Volume
-0.0020211182633247393,-0.03726344975179652,-0.14690851033443467,0.22071294809602882,0.09113258692761134,0.014681714390793708,0.011025431847554619
-0.001387878480273691,-0.03726344971483931,-0.14690851029747742,0.22071294813298606,0.09113258696456852,0.014681714427751048,0.011025431625811096
-0.0020210941413308925,0.12982858480594886,-0.14690850306420553,0.22071296097833906,0.09113259911487892,0.01468173953034368,0.011025460177746773
-0.002021125060747475,-0.0372634606815321,0.17096817445320384,0.22071294516014536,0.09113257336430244,0.014681706451638308,0.011025426207386285
-0.002021121965208622,-0.03726344443882293,-0.14690850276904022,0.2924648463930537,0.09113258584377854,0.014681706127153667,0.011025426288199339
-0.0020211179809714007,-0.03726344838462484,-0.1469085136790654,0.22071294776957318,-0.050180726796733466,0.014681714448939797,0.011025433097448481
-0.002021118128307575,-0.03726344959608331,-0.14690851094447555,0.2207129482172485,0.09113258704883109,0.013119595981740027,0.011025431803205943
-0.002021122708788542,-0.03726344023432046,-0.14690849898708216,0.22071294846239842,0.09113258534510207,0.01468170955900352,0.024228386735671698
-0.001387867375360674,0.12982856797635878,0.17096817967132033,0.2924647987312661,-0.050180749030212114,0.013119586658166385,0.02422835354239878
-0.00012796959918603967,0.18723473862631507,0.08377562720111745,-0.133941548429528,-0.12429272955155392,0.03103126786777353,-0.01104430817732854
0.0008531944919870776,0.1872347394718969,0.08377563074408531,-0.1339415658913335,-0.12429275381546359,0.031031250437012048,-0.011044325047571761
-0.00012796687864019551,-0.13342745389725277,0.08377562498565375,-0.13394155795242446,-0.12429274826005055,0.031031250754597884,-0.011044330869816125
-0.00012794189899187347,0.18723475100970233,-0.050143228882982796,-0.133941564489422,-0.12429274162918158,0.031031250714437738,-0.011044328302273101
-0.00012796965930320092,0.18723473908532406,0.08377562644595783,-0.0769609368677255,-0.1242927325453371,0.03103126784559911,-0.011044306473106835
-0.00012797060590125087,0.18723474123968506,0.08377562384712443,-0.1339415535012938,0.06609881634345983,0.031031261578389438,-0.011044300436510395
-0.00012796958144661863,0.18723473806456503,0.0837756270739845,-0.13394154842558587,-0.12429273007881056,0.030930894857183755,-0.011044308194082449
-0.00012796950753211217,0.18723473878868063,0.08377562758596556,-0.13394154808607184,-0.12429272978586293,0.03103126806463237,-0.034325644952890595
0.0008532151449273384,-0.13342742864141058,-0.050143251032691724,-0.07696095046823803,0.066098792296366,0.030930878095102116,-0.03432566689736356
0.0012537887452967467,-0.19722343328872075,-0.028437818385532415,0.022833479955920482,0.06265398029154197,0.02772417300055537,-0.031013834202740922
0.0031976819614923935,-0.19722343025379177,-0.0284378449252693,0.022833454361303636,0.06265396322370073,0.02772417240677556,-0.031013833982475716
0.0012537987533187689,0.014260108031766132,-0.028437846603128203,0.022833453766538326,0.06265396172520776,0.02772417271918761,-0.031013833730427327
0.0012537906350438277,-0.1972234382476438,-0.16990824928433265,0.02283348103852129,0.06265398079637793,0.02772417306732472,-0.031013834170464983
0.0012537887029191452,-0.19722343322761823,-0.02843781831408187,-0.17010651692309486,0.06265398028710713,0.027724173122021425,-0.031013834250292534
0.001253785623641368,-0.1972234474327511,-0.028437836099632758,0.022833467657288452,-0.11613105799431211,0.027724173100586284,-0.0310138344166002
0.0012537886487151706,-0.19722343340944776,-0.02843781843382329,0.022833479988689183,0.06265398024842521,-0.042277905631751336,-0.031013834304496467
0.0012537717153983524,-0.19722345031861918,-0.02843783541543097,0.022833462926021935,0.06265396326164342,0.027724155970656833,-0.0069315481854592765
0.003197704965159809,0.014260119307421448,-0.16990828954333803,-0.17010653709608403,-0.11613105629082952,-0.04227792322906667,-0.006931548207879999
-0.0011600118657703051,0.09008465001123055,0.1906295879406448,-0.16563408287961465,-0.04338583555688503,-0.03623499138965677,0.023124856602587732
-0.0004080396771390174,0.09008464998585317,0.19062958798770377,-0.1656340829084413,-0.04338583555811692,-0.03623499141158481,0.02312485664274777
-0.0011599917211152222,0.2168218540936884,0.1906296316753559,-0.16563407783273323,-0.04338582241956996,-0.03623496554496255,0.023124900797786032
-0.0011599945503155962,0.09008466695415629,0.06316769152791005,-0.16563406328414415,-0.04338581405220319,-0.036234974103521375,0.023124869332141106
-0.0011600433705896696,0.09008463535990034,0.19062957770447356,0.11074484781135424,-0.04338584532222094,-0.03623499709856561,0.023124867788560346
-0.0011600230948596302,0.09008464877316284,0.1906296043597634,-0.16563406461509778,0.08931284722694666,-0.03623496588669389,0.02312490043708327
-0.0011599773415437997,0.09008468292806318,0.19062962263216449,-0.16563404975582163,-0.04338580192948777,0.027327197154234872,0.02312489236340354
-0.0011599949873965024,0.0900846649821177,0.1906295967958472,-0.16563404388577904,-0.0433858071007919,-0.036234972610695124,0.007630383050581634
-0.00040801608388030264,0.21682183853518097,0.06316770728155173,0.11074487011702283,0.08931284947764302,0.027327187784587717,0.007630367967837506
-0.0006717827171089374,-0.2890099983127715,0.028389568488906856,-0.16837312461359902,0.04349815038343259,-0.0024746572823022162,-0.009727959867773873
0.0017203068764751195,-0.28901003478365933,0.02838957025743412,-0.16837312470081803,0.04349814929935345,-0.002474657328129243,-0.009727959937746207
-0.0006717550942783868,-0.05546591686104574,0.028389569550072626,-0.16837312388012085,0.04349814992171342,-0.002474656698870549,-0.009727959606855593
-0.0006717834661090771,-0.289010005180906,-0.10914969373267709,-0.16837312839457158,0.043498156574510345,-0.002474657394898738,-0.009727959866542036
-0.0006717826865575982,-0.289009998314989,0.0283895684866895,-0.16263963474458443,0.04349815040708534,-0.002474657270722336,-0.009727959807903174
-0.0006717822085772762,-0.289009998870087,0.028389568566270743,-0.16837312610913543,0.03910254741718291,-0.0024746571152555337,-0.009727959735220509
-0.0006717828023571348,-0.2890099985101233,0.028389568588198636,-0.16837312470574564,0.04349815047410106,-0.11364399537311053,-0.009727959818497604
-0.0006717912414205829,-0.2890100044794574,0.028389560099119488,-0.16837313083892372,0.04349814202813872,-0.002474665687611761,-0.01384754842935671
0.001720322465780133,-0.05546596117623181,-0.10914970376903296,-0.16263964469298198,0.03910254467939024,-0.11364400331891825,-0.013847547791228305
0.002302541082389753,0.03041640704512469,-0.2088446669379079,0.12342801704638126,-0.012315409911165648,0.029924511227007698,0.00997017506317839
-0.0009218317340746046,0.030416407030341854,-0.2088446669699375,0.12342801712473066,-0.012315409963891275,0.029924511194978035,0.009970175069091546
0.0023025397125079616,0.17659083098794007,-0.20884465459492726,0.12342801340855643,-0.012315410611874968,0.029924511135107263,0.00997017542486671
0.0023025668312416925,0.03041642757167134,0.11770689470555491,0.12342800707901226,-0.012315410432509099,0.029924519306600592,0.009970185745300578
0.002302546929025956,0.030416414457762563,-0.20884468123715885,0.010729770378391935,-0.012315402419192878,0.029924502953758765,0.009970166582968863
0.0023025579289803963,0.030416424336680476,-0.20884467640980336,0.12342803279608078,-0.006393253228444839,0.02992451236874019,0.009970175118367869
0.0023025405699159535,0.030416407388087895,-0.2088446674762518,0.1234280174842014,-0.012315410808241178,0.02256476924158449,0.009970175097425345
0.002302541082389798,0.030416407045124678,-0.20884466693790799,0.12342801704638122,-0.012315409911165576,0.029924511227007643,0.013174282347724366
-0.0009218128779952539,0.1765908573820653,0.11770689407580329,0.01072977852327617,-0.006393259577699427,0.022564760850565017,0.013174276302011923
0.0004965341920967203,-0.11316765099640667,0.13782466135662833,-0.06711591330440647,-0.2687811859871047,0.023352998941299042,0.023526381416167346
-0.0018174904891383736,-0.11316763931742445,0.1378246439300553,-0.06711593256258064,-0.26878119342438056,0.023352982432251267,0.023526364320731297
0.0004965185017751922,0.07589838784212655,0.13782464214970172,-0.06711593585202162,-0.2687812042385632,0.02335298200921407,0.023526368433579997
0.0004965338880617565,-0.11316765027426208,0.007254249215244324,-0.0671159126426256,-0.26878118477687807,0.023352998914936154,0.02352637961166824
0.0004965340863991446,-0.11316765372188019,0.1378246632187807,0.2092097943897539,-0.26878119649946963,0.023352999373698866,0.023526387438227155
0.0004965193934303863,-0.11316767713133832,0.13782463818123283,-0.06711594557399456,0.09843365073711575,0.023352965369583967,0.023526354360261133
0.000496534205894128,-0.11316765003921396,0.13782466126867,-0.06711591293877617,-0.26878118552144337,-0.005558354735729229,0.0235263812212795
0.0004965168470760228,-0.1131676626914036,0.13782464197822003,-0.06711592653781052,-0.26878119527963423,0.023352981634221164,0.022118846376589094
-0.001817504647458723,0.0758983966810678,0.00725425135334427,0.20920977926906667,0.09843368395083818,-0.005558329135691959,0.022118862737561463
-0.0016067464939421017,0.1421674495011015,-0.08682515295049927,0.3011922458290225,0.09760448284861092,-0.10197338628134224,-0.032101661423911076
0.00017197435874516387,0.14216744305477247,-0.08682513727446782,0.3011922030697364,0.09760443916317625,-0.10197342774195088,-0.0321016610008737
-0.00160673725044249,-0.21947008191543801,-0.08682511670381886,0.30119222812453084,0.09760446517861292,-0.10197339158889547,-0.03210166752653775
-0.0016067536860684961,0.14216744365076955,-0.23258487383031776,0.3011922153538317,0.09760445308743432,-0.10197340787792443,-0.0321016666067951
-0.0016067455643442585,0.14216742637670676,-0.08682513277529288,-0.14016236661657397,0.09760446314941384,-0.10197338412722769,-0.03210166179126606
-0.0016067649230419798,0.14216742301261207,-0.08682517246959144,0.301192211565714,-0.17495138558002285,-0.10197340351352009,-0.03210168397152626
-0.0016067801703692486,0.14216741371885033,-0.08682518661485356,0.30119221017612163,0.09760444424479758,0.029724714333664446,-0.03210169151647085
-0.001606763443027459,0.14216742325086312,-0.0868251679593291,0.3011922116815135,0.09760445905775389,-0.10197340025881858,-0.028610129627551956
0.00017197357254106205,-0.21947009292081293,-0.23258484438056756,-0.1401623727849847,-0.17495139185437755,0.02972471131499653,-0.02861013218203688
-0.0013879055699344278,-0.15419416028597233,0.1643773302583701,0.07265995494016098,-0.06392610964818636,-0.06373416352573594,-0.02083158968952752
0.0012537725560524127,-0.1541941603579157,0.16437733000706092,0.07265995489236284,-0.06392610954766273,-0.06373416354593922,-0.020831589668338722
-0.0013878743225836723,-0.0934190308495311,0.16437732805226907,0.07265994982453904,-0.06392610225649094,-0.06373416368120269,-0.02083158949833546
-0.0013879057443724474,-0.15419416117442455,0.0906029928224307,0.07265995552802751,-0.06392610965705625,-0.06373416330005038,-0.02083158976393473
-0.0013879068723077759,-0.15419416334923516,0.16437732760040502,-0.15966953411624413,-0.06392610106819248,-0.06373416353288108,-0.020831589982968076
-0.0013879050283875094,-0.15419416184335064,0.1643773302600947,0.07265995535580674,-0.1084119164133591,-0.06373416352746059,-0.020831589742992377
-0.0013879057414158263,-0.1541941599659225,0.164377330640508,0.07265995589833908,-0.06392610855720857,0.025350220599975486,-0.020831589569539642
-0.0013878885400357803,-0.15419414325607386,0.16437734728826867,0.07265997197005944,-0.06392609261828794,-0.06373414649583736,0.024890792719704385
0.0012538047497547833,-0.09341902912830893,0.09060299100635179,-0.15966953514414828,-0.10841191398526819,0.025350221104072295,0.024890775739575013
0.000853215645575011,0.11704121748867508,-0.05742835585353141,-0.17174997108830764,0.07237929242993227,0.025909807782610268,0.017933262035585675
-0.001159990803343558,0.11704121746132676,-0.057428355813617576,-0.1717499711122067,0.07237929242328,0.02590980776388524,0.017933262039281472
0.000853195496238579,0.15406750344656506,-0.05742836371803321,-0.17174997841298717,0.07237927686649732,0.025909773829003745,0.017933227849148477
0.0008532076706942726,0.11704121737657143,-0.13930010199423598,-0.17174996505368229,0.0723792922833352,0.025909807901612552,0.017933262285663016
0.0008532043997317995,0.11704122955694037,-0.05742834633950471,0.16105293673832724,0.07237929828075697,0.02590979058665061,0.0179332469488992
0.0008531866816892213,0.11704121120249418,-0.05742836807603153,-0.17174997143989423,0.08740573962953262,0.02590977356882474,0.017933227821800225
0.000853215677604463,0.11704121718956774,-0.05742835637684606,-0.17174997029914726,0.07237929211012896,-0.07215270707161997,0.017933261952062296
0.000853207196655964,0.11704121076097818,-0.05742836703088059,-0.17174998933680974,0.07237928498822144,0.025909799768308536,-0.03745632062138864
-0.0011600045484821409,0.15406751152911452,-0.1393001160581924,0.16105292459146625,0.08740574029057457,-0.07215274311060052,-0.03745632866648798
0.003197638795923021,-0.002402886297928175,0.056255927820142985,0.26382604929194736,-0.10051417027196037,0.030572046476007225,0.018698076493594746
-0.0020211347432994575,-0.0024028633154495366,0.05625592972886165,0.2638260499864972,-0.10051416846154802,0.030572048122575732,0.01869807671213503
0.0031977019447677613,0.04607111833393364,0.05625592965691803,0.2638260506872067,-0.10051417072037498,0.030572048857778596,0.01869807695753124
0.0031976629206269917,-0.0024028700929154823,-0.021251676281391726,0.2638260558991636,-0.1005141783192772,0.030572081581694437,0.018698110719699196
0.003197650515804538,-0.0024028724963683773,0.05625593361060426,-0.03547813418843632,-0.10051417892044846,0.03057206462891321,0.018698091464481623
0.0031976371037740637,-0.0024028737977559445,0.05625593695893061,0.26382604761359557,-0.05684858752000658,0.03057205885545242,0.018698110600450464
0.0031976387959230745,-0.0024028862979282306,0.05625592782014304,0.2638260492919473,-0.10051417027196041,0.030430425840020935,0.018698076493594732
0.0031976559068811576,-0.0024028654703031616,0.05625595093813166,0.26382608472753943,-0.10051415445105666,0.030572065320260123,-0.002705844183989478
-0.002021129536516522,0.04607111371132148,-0.021251674774521653,-0.03547813306000853,-0.05684858765477719,0.03043043632725521,-0.0027058766329435295
-0.0004080289681613466,0.2073395206506741,-0.17763424413623624,-0.10409154915250818,0.08525794405248693,0.0075489277244304145,-0.022093834205427196
-0.00012798080511554344,0.20733949270015606,-0.17763426458443346,-0.10409155718652055,0.08525794085445342,0.007548944732647375,-0.022093817124774026
-0.00040804698629692826,-0.2653760877460062,-0.1776342353512527,-0.10409154141440036,0.08525794392954243,0.007548928139583334,-0.02209384083210749
-0.00040803615733081555,0.20733951562596706,0.19714700126325654,-0.1040915632921038,0.08525793428148412,0.007548936117667174,-0.0220938009200075
-0.00040802896249460263,0.2073395204390322,-0.17763424218169074,-0.14499702581534601,0.08525794411851727,0.007548927557630032,-0.02209383480684473
-0.00040804451114675663,0.20733951935864878,-0.1776342561712399,-0.10409154777129281,0.069255878636367,0.007548945014015214,-0.02209381757294215
-0.0004080290102925913,0.20733952099314445,-0.17763424448535903,-0.1040915507744385,0.08525794471402166,0.005352855285028453,-0.022093834288950457
-0.00040802067791220753,0.20733952528117053,-0.1776342246925369,-0.10409153380662813,0.08525795058702067,0.007548936188871431,0.0038356732833321693
-0.00012793131788627066,-0.2653760487534024,0.1971470176353161,-0.14499700480687702,0.06925590318460109,0.00535286494811611,0.0038356736999636486
-0.0009218430328899668,-0.07418456609907835,0.00016318533677966984,-0.155621673573035,0.030020044199757515,-0.15484773221144815,0.0012392950924261675
-0.0016067290993989237,-0.07418453457849056,0.00016319029397815488,-0.15562166493538765,0.030020061605634394,-0.15484774904029935,0.0012392780980065748
-0.0009218213256824453,0.1037962362113549,0.00016320586086263078,-0.15562164863206857,0.030020074261273497,-0.15484773191776124,0.0012392950653241184
-0.0009218145770432121,-0.07418453720344033,-0.20099543708391351,-0.15562165518064608,0.03002006762646231,-0.15484773240066932,0.0012392949721917734
-0.0009218280016391199,-0.07418454917413841,0.00016318694318798177,0.06004592960296318,0.03002004679957664,-0.15484774926253553,0.0012392782051825907
-0.0009218429870629199,-0.07418456614638362,0.00016318526015501877,-0.15562167352720815,-0.0008437177390550145,-0.15484773209146044,0.0012392950416715638
-0.0009218434468110249,-0.07418456664062512,0.00016318579209298467,-0.15562167195701784,0.03002004350988901,0.031285651879158355,0.0012392952804153754
-0.0009218430328899002,-0.07418456609907835,0.00016318533677966984,-0.15562167357303505,0.030020044199757654,-0.15484773221144815,-0.018101458462871832
-0.001606771105003552,0.10379620682172176,-0.200995443207729,0.0600459194742143,-0.0008437259933324337,0.03128563525086195,-0.018101475625816345
0.0017193963802940582,0.16553760806477993,0.2165900552748805,0.17336041414247866,0.004778932490282685,0.019750739532281392,0.0
0.0004955491706456483,0.1655375640528896,0.21659003813509567,0.17336037187768055,0.004778886693357514,0.019750694970220938,0.0
0.0017193688965045917,-0.1754627919370696,0.21659003810462651,0.17336037701950088,0.004778890036345491,0.019750706819288553,0.0
0.001719396179369781,0.16553760985585117,0.03538859224516078,0.17336041926906445,0.004778931566721107,0.01975073879153503,0.0
0.0017193888653254108,0.16553760106548834,0.2165900606604544,-0.1711092243097537,0.004778915629319841,0.019750737493144942,0.0
0.0017193784842409743,0.1655375923038701,0.21659005860263383,0.17336040815700648,0.03472626986137282,0.01975071935966211,0.0
0.0017193473099424983,0.16553756424432797,0.21659003721239653,0.17336037078423885,0.004778888280055157,0.018640861149739372,0.0
0.0017203530232626774,0.16553855000319995,0.2165909984274692,0.17336136350215992,0.004779889157396956,0.019751695600934545,0.016176718808513478
0.0004965454744045861,-0.1754618158539332,0.03538953189605037,-0.17110826779014007,0.03472719974372358,0.018641831323001793,0.01617674057583796
0.0001719782863145447,-0.24219165613293295,-0.11664558250737925,-0.15023925732895133,0.09956924053593944,0.029011351066005765,-0.039304708864382254
0.002302536573113023,-0.24219166665663194,-0.11664556852867076,-0.15023924114611278,0.0995692565635574,0.029011367899045362,-0.03930469201754524
0.00017194462565595092,-0.019576479847390194,-0.1166455773663799,-0.1502392450133189,0.09956925595425557,0.02901138464511222,-0.03930467593892627
0.00017197028728863084,-0.24219165588630515,0.14449176450220536,-0.15023926023847203,0.099569239751214,0.029011367795318762,-0.03930469486177476
0.00017197838437454926,-0.24219165587275418,-0.11664558224720015,-0.11226752283219144,0.09956924058570851,0.029011351117499546,-0.039304709080212524
0.0001719782981408624,-0.2421916561211067,-0.1166455824955529,-0.15023925735851715,0.09907142251320951,0.029011351077832197,-0.0393047088525559
0.00017197804486057677,-0.24219165596046605,-0.11664558272123847,-0.1502392575566079,0.09956924010822088,0.028729779662308115,-0.03930470886438216
0.00017197818184894187,-0.2421916554233541,-0.11664558214963287,-0.15023925699017665,0.09956924042457495,0.029011351125383722,0.020194792067976804
0.0023025469112865626,-0.01957644812452304,0.14449178221876963,-0.1122675025352723,0.09907143623568117,0.02872981620366101,0.020194816923941632
-0.0018174969830190221,0.06122958731896696,0.11096108652055038,-0.02430835262399222,-0.19280757304014878,-0.01653945518943365,0.02505033952898521
-0.0006718035829229585,0.06122956287248855,0.11096106927802461,-0.024308334895355426,-0.1928075559392924,-0.01653943814721613,0.025050356428055205
-0.0018175150139660146,0.1974807260824099,0.11096106755483146,-0.02430835606421898,-0.19280758265642384,-0.01653945516307088,0.025050342749439524
-0.0018175115838411915,0.061229574632530245,-0.07943702521167258,-0.02430834970042784,-0.19280756388017245,-0.016539438113215427,0.025050352350438995
-0.0018174963434122726,0.061229599020616275,0.11096109236866487,0.2535306594024101,-0.19280757903880238,-0.01653944581609079,0.025050370536606588
-0.0018174880073362487,0.06122960009237625,0.11096109395437706,-0.024308354515463967,-0.24912913513502866,-0.016539438150911814,0.025050355562023705
-0.0018174970170197063,0.06122958725564685,0.11096108642791093,-0.02430835223544842,-0.19280757302068463,-0.02086198411945979,0.02505033940185231
-0.0018174970049470301,0.06122958710732513,0.11096108635892404,-0.024308351433476146,-0.19280757203072338,-0.016539455116504637,-0.024733130595149075
-0.0006717929537728151,0.19748073268814784,-0.07943701355757486,0.25353066396687607,-0.2491291399121221,-0.02086197683420133,-0.024733116288753243
-0.0017130805815143146,-0.2194700779408096,-0.07207488029032307,-0.046351681689105854,-0.07086335809497296,0.021706239905247574,-0.01663464438318024
0.002679066846107525,-0.21947007813791491,-0.07207488048742831,-0.04635168165510525,-0.07086335806442161,0.021706239878884745,-0.0166346443905717
-0.0017130906072756746,0.14216743010717114,-0.07207490858897836,-0.04635166860771939,-0.07086336465414468,0.021706239763578165,-0.01663464738090543
-0.00171309356927557,-0.21947009803766676,0.13113843237527834,-0.04635169118440765,-0.07086337855918493,0.021706223062845535,-0.01663466228797985
-0.0017130801737525875,-0.2194700704015316,-0.07207488034822275,0.2737612572853406,-0.0708633560280774,0.02170623870216619,-0.016634648461288978
-0.00171309775505335,-0.21947009362768183,-0.07207489897639897,-0.04635169702931915,0.02033065818176258,0.021706222660997095,-0.016634662115512813
-0.0017130805544123273,-0.21947007795509987,-0.0720748803080625,-0.046351681701671324,-0.07086335805062419,0.029269830894375418,-0.01663464439574575
-0.0017130891181451613,-0.21947008826075082,-0.07207488967376759,-0.04635169141748477,-0.07086336755947699,0.021706231522112613,-0.008241777745612642
0.0026790859340322616,0.14216746045522888,0.13113845879527386,0.27376125620200054,0.02033065975959066,0.02926982266522915,-0.008241774325589035
0.00033077821381932715,0.07589841567019297,0.1511393733657698,0.31730254640255756,0.07522623072003833,-0.1262952005190073,0.015177247896494772
-0.0005417891043831835,0.07589838718059198,0.15113935659013708,0.3173025466528811,0.07522623167402809,-0.1262952011689621,0.01517724792606075
0.00033073997933186217,-0.11316767175011719,0.15113937725983143,0.3173025651839829,0.07522624551402357,-0.12629518168929102,0.015177264815275272
0.00033075763996737173,0.07589839710040923,-0.09423971470672053,0.31730255673654223,0.07522624241651348,-0.12629520220080823,0.01517726445481881
0.0003307784626645771,0.07589841534472286,0.15113937521166088,-0.09546915301929892,0.07522622812490053,-0.12629520005285327,0.015177245865324627
0.0003307603048309238,0.07589840363198636,0.1511393675191335,0.31730254262725166,0.015362008546218,-0.12629522120989045,0.015177247722303156
0.00033077834045946997,0.07589841599344575,0.1511393721488908,0.31730254657231466,0.07522623074837216,-0.01256620048190508,0.015177248519840342
0.0003307611839209468,0.07589839864029446,0.1511393563358713,0.31730252937265896,0.07522621369013974,-0.1262952175489058,0.008743386300251028
-0.0005417898903410379,-0.11316765725154354,-0.09423971336049133,-0.09546913645358343,0.01536202308766179,-0.01256619934017269,0.008743400526572943
0.001991433569934642,-0.05546598139627988,-0.19317745379857212,-0.1631488954503009,-0.09305089245717857,-0.008914351881673964,0.020913293822200342
-0.0014983583911861165,-0.0554659181047804,-0.19317745722771168,-0.16314889676154384,-0.09305089248526613,-0.008914351568276474,0.020913294204584598
0.00199146353043389,-0.2890100088864858,-0.1931774612789648,-0.16314890033678778,-0.0930509061981287,-0.008914336872351278,0.02091331040787261
0.0019914570180746827,-0.05546596117327541,-0.21672569640232078,-0.1631488883899888,-0.09305089507054864,-0.008914317542233848,0.02091332774771931
0.0019914335699344754,-0.0554659814204253,-0.19317745382271737,-0.17179681401694832,-0.0930508924985707,-0.008914351909268743,0.020913293804953586
0.0019914598504779946,-0.055465967805868883,-0.19317745580608947,-0.1631488913783515,0.10005421645633818,-0.008914318079838446,0.020913329966139475
0.001991433668979914,-0.05546598143693274,-0.19317745380645618,-0.16314889557201337,-0.09305089250300567,0.020770668407172718,0.020913294097162187
0.001991450688037688,-0.055465962939831796,-0.1931774341589991,-0.16314887545544582,-0.09305087365234686,-0.008914334646293163,0.02392512448279865
-0.0014983988236438872,-0.28901001260586306,-0.21672572061251938,-0.17179682490455273,0.10005418512447861,0.02077065186018215,0.02392508976811928
-0.0007983675822809677,0.17659086220523196,0.042366630282923125,0.14860962358963645,0.08303601105288463,0.029507051267607082,-0.026101710180943937
0.0006702905343404231,0.17659086240923616,0.04236663048865189,0.14860962355736046,0.0830360110516528,0.029507051237055614,-0.026101710195973456
-0.0007983699317763993,0.03041643530879392,0.04236662825421677,0.148609624044457,0.08303601222689318,0.029507050799728148,-0.02610171091442224
-0.0007983674075965341,0.17659086233679983,0.021367198756092675,0.14860962337799477,0.08303601102578267,0.02950705113702465,-0.026101710201147238
-0.0007983829730027203,0.17659084987062837,0.04236661523713595,0.08533303256900528,0.08303600786938747,0.029507056857513526,-0.026101727317033
-0.0007983687013465024,0.17659086209337488,0.042366630795396834,0.14860962654424498,-0.2111303162216526,0.02950705003471321,-0.026101710432499668
-0.0007983678611851452,0.17659086250754238,0.04236663066111894,0.1486096238419313,0.08303601146212443,-0.1400028367893935,-0.026101710882392607
-0.0007983508300547504,0.17659087001331253,0.04236664623490194,0.1486096311838576,0.08303602455583002,0.029507067511055272,-0.033298452844025016
0.0006702699752710595,0.030416419576341017,0.021367190488756977,0.08533302947765471,-0.21113032149988645,-0.14000283546065742,-0.03329844308681979
-0.0002702604927535823,0.014260059320885431,0.20364630549835647,0.047518473520391985,0.09988826396012733,0.026894443235532667,0.005177930720081508
-0.001920153651504608,0.014260096966274423,0.20364630360220334,0.04751847385078984,0.09988826460096574,0.026894442984716202,0.00517793084179399
-0.0002702348717739944,-0.19722345614431283,0.20364631184785753,0.04751848010272374,0.09988826622388175,0.026894446544437862,0.005177923513665105
-0.0002702384834822602,0.014260073075879027,-0.03564834565505688,0.04751848164260897,0.09988828086782055,0.026894481927550624,0.005177953426120127
-0.00027025821766563096,0.014260063663854336,0.20364630002277123,-0.15493385360068643,0.09988825804475063,0.02689446280045169,0.005177941070081014
-0.00027026270550709053,0.014260054562516807,0.20364629623342154,0.047518462491118116,-0.0782192012398606,0.026894444675633223,0.005177921669005822
-0.0002702604858547675,0.01426005945196036,0.2036463054431669,0.047518473453129845,0.09988826407912965,0.026423328055965676,0.005177930652819429
-0.00027024322263291545,0.014260074887030544,0.20364631059057198,0.04751848828456509,0.09988827294837575,0.02689445924491834,0.022616264742439423
-0.0019201314648388257,-0.19722342851975783,-0.035648362033522514,-0.15493384305481347,-0.0782191998448478,0.026423327270993592,0.022616245461105387
0.004733886365980766,0.21682182782201465,-0.014089586596354595,-0.16987302701220522,-0.2299081846901642,-0.04884563248663669,-0.004160452794737089
0.0,0.21682504859442472,-0.014086365872235261,-0.16986980796446646,-0.22990495929391008,-0.048842436280446475,-0.0041572567679126204
0.004733880245614497,0.09008465333935343,-0.01408956913528821,-0.16987304373067744,-0.22990820593244954,-0.048845649589710494,-0.0041604715655681425
0.004733887764442973,0.21682184645684308,0.18409407420586466,-0.16987302639501933,-0.22990817990617193,-0.048845650975360796,-0.004160464803870429
0.004733886450982522,0.21682182880039605,-0.014089586614833092,-0.01286699951912163,-0.22990819063806325,-0.048845632451650425,-0.004160450105481484
0.004733881008905011,0.2168218327250092,-0.014089581760622262,-0.16987301948081143,0.07802623601029152,-0.04884565010095238,-0.004160464374427393
0.004733886465272619,0.21682182786611703,-0.014089586614340453,-0.16987302698879903,-0.22990818466848273,-0.05598197747120464,-0.004160452890333145
0.004733877756667337,0.21682181719656024,-0.014089594269171387,-0.16987303100629783,-0.22990818982081548,-0.04884564039573341,-0.029752139924783975
1.9300016993517577e-05,0.09008468856404302,0.18409408637761013,-0.012866966222614988,0.07802624680919856,-0.055981985532811675,-0.029752137663493123
0.0010469649627647126,-0.13342746655880472,0.09740935152214218,0.24289772451741878,0.010040625912832151,0.011418454209589002,-0.03641062511313478
0.001476760437495367,-0.1334274730149891,0.09740936563956347,0.2428977461682049,0.010040634507855235,0.011418475812084305,-0.03641061139928669
0.001046945699909596,0.18723474340537977,0.09740934240380426,0.2428977531279934,0.01004064046733446,0.011418477275344723,-0.036410612871416934
0.0010469656578073472,-0.133427467859207,0.07692728824420729,0.24289772398966927,0.010040626611324132,0.011418456217106687,-0.03641062670155741
0.0010469466243333836,-0.1334274742560134,0.09740935260696058,0.18550805083017713,0.010040624364077133,0.011418471766744256,-0.036410619054364116
0.0010469588241663191,-0.13342746534512887,0.09740935418281743,0.2428977245065779,-0.08542169827682054,0.011418462028756547,-0.036410628702668896
0.001046944843979769,-0.1334274613404417,0.0974093551089661,0.2428977277230902,0.0100406258416278,0.03070199244837984,-0.036410622076481214
0.0010469669776738133,-0.13342744607611406,0.09740936143087238,0.24289772716528232,0.010040641628530902,0.011418470368528366,-0.01253295213565539
0.0014767837506183823,0.18723475802541953,0.07692731261726402,0.18550807659331892,-0.08542167339621776,0.030702003671309607,-0.012532951756720367
-0.0012751723629812056,0.1298285471492263,-0.1317205530926386,-0.11997893357343911,0.025346553556019787,0.030821450778268297,0.02471816118353253
-0.0010422920887037945,0.12982855424945217,-0.13172052539983573,-0.11997892934651586,0.025346568731157357,0.030821451276452028,0.02471816116776403
-0.0012751525026505617,-0.03726343509603146,-0.13172054429952454,-0.11997892820724715,0.025346570113604642,0.030821433956562335,0.024718143997920747
-0.0012751718928850492,0.12982854696222257,-0.15454579408393865,-0.11997893420713271,0.02534655374844383,0.030821450862038035,0.02471816116037273
-0.00127517226319665,0.12982855371307941,-0.13172055119574638,-0.1510142298580376,0.025346571471660213,0.030821433615816497,0.024718144084893486
-0.001275172128179524,0.1298285473253892,-0.13172055289922896,-0.11997893426823535,0.08056143584818853,0.030821450647439654,0.02471816100958707
-0.0012751716938086827,0.12982854750450856,-0.13172055346171826,-0.11997893602419722,0.02534655369571813,0.009566197726412273,0.024718161145589758
-0.0012751638933661338,0.12982855358027962,-0.13172053741044776,-0.1199789189295004,0.025346561430623166,0.030821458802918197,0.012183243261216649
-0.001042283667872318,-0.03726345890684546,-0.15454578192870086,-0.1510142208577166,0.08056145662407335,0.009566188343214124,0.012183229295812857
-0.0014983908224003306,-0.09341903381350214,0.0700584551110054,-0.15907027115207625,0.0927235397369791,0.03027593206796574,0.014256217773688351
-0.0017130768956449619,-0.09341903467337398,0.07005847009051601,-0.15907026032902394,0.09272355659983085,0.03027596581190147,0.014256251576263005
-0.00149836541552624,-0.1541941047192761,0.07005845779533329,-0.15907026809694405,0.09272353811480237,0.030275931804830132,0.014256217838240255
-0.0014983907539062036,-0.09341903379157412,0.04932223768934359,-0.15907027121465736,0.0927235396657748,0.030275932069197695,0.014256217738702148
-0.0014983872363156722,-0.09341903396305563,0.07005844433575106,-0.12720886385905972,0.09272353036560728,0.030275948996108668,0.014256234708729821
-0.0014983804243562937,-0.09341902639913958,0.07005845998665157,-0.159070269075572,-0.02436722051204432,0.03027594913531426,0.014256234133921481
-0.0014983916078649545,-0.09341903551476721,0.07005845503265604,-0.1590702695850892,0.09272353900842857,-0.03067601421187631,0.014256217614279426
-0.0014983908224003722,-0.09341903381350207,0.0700584551110054,-0.1590702711520763,0.09272353973697899,0.030275932067965753,-0.023503682319390182
-0.0017130930518742815,-0.15419414602466433,0.049322260613676214,-0.1272088276402206,-0.02436719652753145,-0.03067598013384701,-0.023503649213090116
0.0006702659370760866,0.15406750509535083,-0.16221202326366876,-0.0011791219008425947,-0.13226283795284044,0.002961745676609195,-0.015329740474631379
0.0003307578804356004,0.15406750509535083,-0.1622120232636688,-0.0011791219008426058,-0.1322628379528404,0.0029617456766091494,-0.01532974047463145
0.0006702716984641754,0.11704122073031811,-0.1622120060849558,-0.0011791105911864894,-0.1322628230938104,0.0029617799571641313,-0.015329706414834334
0.000670273966653534,0.15406750993946014,-0.18539046894822983,-0.001179111339447527,-0.13226282306941864,0.0029617799970779912,-0.015329706433559347
0.0006702567485195737,0.15406749756765278,-0.16221202408756893,0.23195048874347557,-0.1322628451356041,0.0029617627375517486,-0.015329722904910732
0.000670265729130079,0.15406750525475985,-0.16221202404248114,-0.001179121775927055,0.05165373091265629,0.002961745998137251,-0.015329740203118843
0.0006702655628224308,0.1540675047555906,-0.16221202297392406,-0.0011791222802703144,-0.13226283812530745,0.028088442265011702,-0.015329740453935448
0.0006702829669745086,0.1540675221252494,-0.16221200623377027,-0.0011791048709441534,-0.13226282092294186,0.0029617627065076156,0.019515271100250142
0.0003307635464742109,0.11704122416709568,-0.1853904677123794,0.23195050852200755,0.05165374148464575,0.028088479004455304,0.01951529040449749
0.002679066969052235,-0.2653760559250791,0.17754039968285062,-0.14585736822139783,0.05918888401230243,-0.08129252532851833,-0.027291036821241555
0.001991467842112682,-0.2653760559802686,0.17754039973804014,-0.14585736827658727,0.059188884067491856,-0.08129252538370772,-0.02729103682124154
0.002679054864076269,0.20733948877086178,0.17754039960228385,-0.14585734853723,0.05918888091528529,-0.0812924819766842,-0.02729101304442823
0.002679058308244775,-0.26537607171222855,-0.06473900872312259,-0.14585737092001597,0.05918887420976268,-0.08129250963696488,-0.02729101751995077
0.0026790670338504574,-0.2653760492427163,0.17754039871284627,0.035105192083027634,0.05918888329754928,-0.08129252566556829,-0.02729103928998548
0.002679077575288513,-0.26537606553889026,0.17754041534754858,-0.14585734893316532,0.09548800924975194,-0.08129249108910905,-0.027291003575243052
0.0026790669858060834,-0.2653760523572266,0.17754039831814283,-0.1458573647277063,0.059188883154647924,0.016115766437477787,-0.027291038765438928
0.002679066947616826,-0.26537605314737245,0.1775403990370844,-0.14585736836011068,0.05918888344932032,-0.08129252525164724,0.017022154060630915
0.0019915078005326436,0.20733956212705118,-0.06473894897631546,0.03510523565537311,0.09548802891100634,0.01611580855740375,0.017022174458566363
-0.0005417751133559023,0.04607110477579881,-0.04288335409626441,0.1974662388534474,-0.036991584891078774,0.024740614419280695,0.021503513097447725
-0.0007983901882887834,0.04607108708264095,-0.04288338763915271,0.1974662207049765,-0.03699160912764012,0.024740580100290163,0.021503479302757193
-0.0005417679158092881,-0.0024028275228504185,-0.042883395453392696,0.19746622221431032,-0.03699160794599374,0.024740578960528795,0.02150348129844843
-0.0005417959409808049,0.046071077394422344,0.15776789370781316,0.19746623428430016,-0.0369915864023838,0.024740596347680745,0.021503506477666048
-0.0005417729225306034,0.04607111808558102,-0.042883371785726584,-0.16804694380000135,-0.03699157674323823,0.024740594135912664,0.021503504547019374
-0.0005417907975180727,0.04607110158515667,-0.04288338742726455,0.1974662372736484,-0.2888518437090273,0.024740576502379236,0.021503483445171674
-0.0005417753336212083,0.04607110524712696,-0.0428833533041474,0.19746623872459002,-0.036991585006139124,0.031123556388374524,0.021503512528798837
-0.0005417869919072393,0.04607109695022535,-0.04288336802200068,0.1974662349842703,-0.036991602545554794,0.024740600207248904,-0.01938889934090032
-0.000798392486536903,-0.0024028459642694393,0.15776788622766663,-0.16804697115107292,-0.28885185875062597,0.031123528168068543,-0.019388918862456313
-0.0010423014443072531,-0.1754618493601105,-0.22463907111046813,0.2833144391073824,-0.15757287798336053,0.03120815730284122,-0.005456751254116185
0.0047338656206471486,-0.17546184955253463,-0.22463907181684425,0.28331443961862435,-0.15757287842068793,0.03120815790031675,-0.005456751175766856
-0.0010422938091868283,0.16553853991140816,-0.22463906930646174,0.28331444781697335,-0.1575728886021624,0.031208174011458135,-0.005456727027656419
-0.0010422852171201313,-0.17546182910926492,-0.12416886518310201,0.28331445738865324,-0.1575728682323145,0.031208174366494007,-0.005456734266348937
-0.0010423141386282642,-0.17546185140286072,-0.2246390714164741,0.13605884108593827,-0.15757287889300153,0.03120816543910184,-0.0054567449149631655
-0.0010422821816985506,-0.1754618367685308,-0.2246390634273033,0.2833144476408104,-0.14068311628486407,0.031208157411249122,-0.0054567505696679714
-0.0010423011412577642,-0.17546184950892518,-0.22463907106611947,0.2833144386464025,-0.1575728779804039,0.00035893985824198005,-0.005456751918607467
-0.0010422931092165244,-0.1754618378585232,-0.22463905861029607,0.2833144451193408,-0.15757286591090675,0.031208165456841366,0.024992699791288025
0.004733864632903286,0.16553852864363686,-0.1241688833303412,0.13605885973505688,-0.14068311528997493,0.0003589555820716628,0.024992708322991112
0.0014767767812210175,0.10379623706753119,0.014321927338464107,-0.08641899655962337,0.09664828085054736,0.017432596862424474,0.006342067471434422
-0.0002702415497017052,0.10379621842974612,0.014321914733579676,-0.08641900536678108,0.09664827523403162,0.017432563585628325,0.006342033397839991
0.0014767641477562883,-0.0741845567969398,0.014321914154829302,-0.08641900359480456,0.09664827749064098,0.01743256272058237,0.006342031879143621
0.0014767767964968814,0.10379623719146115,0.10419571696504659,-0.08641899623735609,0.09664828117108988,0.017432596798365292,0.006342067867862347
0.0014767768231058465,0.1037962377371965,0.014321927501076024,-0.1660522321317954,0.09664828112698762,0.01743259694570138,0.006342065878330745
0.0014767767898443696,0.10379623706925589,0.014321927338464123,-0.08641899657169608,0.09421402715102181,0.017432596862424467,0.006342067480057666
0.0014767768280335436,0.103796236986718,0.0143219274214947,-0.08641899661456644,0.09664828082319894,0.030107881982993127,0.006342067723482782
0.0014767682950983657,0.1037962282864898,0.014321913792155425,-0.08641901423824469,0.09664827492038781,0.0174325886246546,-0.04098419623878138
-0.00027023754501470654,-0.0741845631168751,0.10419571131773317,-0.16605224679815478,0.09421401866982682,0.030107874724343814,-0.04098420009366859
0.0,-0.01957319404291753,-0.10167801093775763,0.098040500973972,-0.018146938393409896,-0.025560133299721382,0.024518175655113675
-0.001275162059794055,-0.01957644156116263,-0.10168123099750889,0.09803728684709045,-0.018150157713277115,-0.0255633491512743,0.024514960915973844
0.0,-0.24218842184636732,-0.10167801785886411,0.0980404985232138,-0.018146940532002418,-0.025560135709087346,0.024518175373992146
1.9294386680468456e-05,-0.019576416134331545,0.21012745564039673,0.09803727878252683,-0.018150159010229962,-0.025563348533841852,0.02451494054932881
0.0,-0.01957319155191706,-0.10167800415232538,-0.05690218433938969,-0.018146938853322345,-0.02556014184316877,0.0245181693692611
0.0,-0.01957319434818441,-0.10167801117921162,0.09804050087739034,-0.03048033108158654,-0.025560133384230285,0.024518175974177922
0.0,-0.019573194349334033,-0.10167801295159903,0.09804050104353362,-0.018146938582548906,-0.09120868776815677,0.024518176807769132
0.0,-0.019573194373192097,-0.10167801129217756,0.09804050082306322,-0.018146938290791954,-0.025560133350599056,0.0026306356217159488
-0.001275169345298919,-0.24219165473816676,0.21012746799717477,-0.05690540346888594,-0.030483550576138274,-0.09121191239245631,0.0026274111333780548
-0.0019201505325595891,0.19748072260300847,0.12443265949927809,-0.17124859196030404,0.04757253448133931,0.028422960676942676,-0.03545022208278092
0.0010469669757027233,0.1974807216687295,0.12443265951701749,-0.1712485878016286,0.04757253358500303,0.028422960034133093,-0.03545022207711423
-0.0019201816749516917,0.06122954432266172,0.12443266136364785,-0.17124859042017254,0.04757253315161773,0.028422959064374836,-0.035450224288635736
-0.001920150671765257,0.19748072301052377,-0.006951710917597646,-0.17124859208398766,0.047572534543920277,0.02842296057395511,-0.03545022448130622
-0.0019201540846435217,0.19748072094461372,0.1244326458406193,0.3094774706486277,0.0475725375192251,0.02842295065734094,-0.03545025519400861
-0.0019201663620867226,0.19748071316338917,0.12443265958674356,-0.17124859142614876,0.055424674380836675,0.02842294288991333,-0.035450242063592353
-0.001920150489935546,0.19748072258009505,0.12443265950740856,-0.17124859197459422,0.04757253447739724,0.024076590017371217,-0.03545022212983982
-0.0019201504992980595,0.1974807083404686,0.12443264869125492,-0.17124858667714277,0.04757252618616247,0.028422958366375692,-0.001431436763790428
0.0010469528807021866,0.06122955982351584,-0.0069516972022712195,0.3094774843223155,0.05542470733585856,0.02407658820301666,-0.001431443527212528
-0.0019708185969167513,-0.20828677783153507,0.0493222533540414,-0.12720883480499842,0.09548801801699601,0.02535024615122921,0.022118878611683795
0.00025052562277153023,-0.20828677714018815,0.04932225322961867,-0.12720883495011723,0.09548801893599948,0.02535024658732468,0.022118878516580443
-0.001970783341675955,-0.12323388655980419,0.04932224062892281,-0.1272088495842007,0.09548800120268136,0.025350229221361622,0.0221188611954589
-0.00197081823892422,-0.20828677366029397,0.1906296037324756,-0.12720883228944185,0.09548801759371232,0.025350246034937084,0.022118875701423898
-0.001970818851675351,-0.20828677199647866,0.049322253559770254,0.02283345769533989,0.09548801776741143,0.02535024617069329,0.022118876011371944
-0.0019708426385901534,-0.20828680757497223,0.04932225010155749,-0.1272088339027489,0.025346586728103818,0.025350212753213232,0.02211884555515277
-0.0019708185937138967,-0.20828678175023488,0.049322254167839995,-0.1272088370128242,0.09548801889115802,-0.08129247413164678,0.02211888024642589
-0.001970818546901343,-0.20828679356226315,0.04932225495281187,-0.12720884290060616,0.09548802149738297,0.025350246853170486,0.025050372246248728
0.00025054314149131063,-0.12323393052365005,0.19062958999719246,0.022833440235259014,0.025346573369537953,-0.08129253515446425,0.025050325705250925
-5.499996520869077e-05,0.08305137112081311,-0.18539046954915467,0.2319505026529505,-0.28885186428583576,-0.0721527237565842,-0.028610114820508434
-0.0017655358814866462,0.08305136654599897,-0.18539046809624216,0.23195050133949005,-0.2888518578193035,-0.07215272379378788,-0.028610114993961173
-5.4999228281282786e-05,0.13605348816949597,-0.1853904685931938,0.231950502092925,-0.2888518636385912,-0.0721527237750628,-0.028610114566488945
-5.499345408120637e-05,0.08305136402600762,-0.028437850422043536,0.23195050231195843,-0.28885186352821235,-0.07215272354913087,-0.02861011443541394
-5.4995366249421807e-05,0.08305136399373154,-0.18539047231109285,-0.16563405372897164,-0.28885185960926596,-0.07215272384873105,-0.02861011526621297
-5.4999973585559414e-05,0.08305137155222743,-0.18539047054059432,0.23195050293259373,0.010040633649708182,-0.07215272318547152,-0.028610115022048646
-5.499977007447643e-05,0.08305137112105945,-0.18539046943335527,0.2319505026359503,-0.2888518641700364,0.024740585948897487,-0.02861011438909427
-5.500855456525011e-05,0.0830513621037382,-0.1853904746753709,0.2319504920767725,-0.2888518680581851,-0.07215273085927394,-0.03930469363011291
-0.001765522111956283,0.13605349468185535,-0.028437840525878853,-0.1656340379280249,0.010040642644115989,0.02474059440003387,-0.03930467799670554
0.0013630605800442341,-0.046300170526016884,0.1577678942136346,-0.16804695373632633,-0.02436720673191941,0.005352873932668684,-0.013847534532939701
-0.0008605152380864178,-0.046300208678459305,0.15776789687381715,-0.16804694723357583,-0.024367212217360233,0.005352873357367571,-0.013847534542548457
0.0013630475161508573,0.02240126876150651,0.1577679086254819,-0.16804693288110656,-0.024367195479670412,0.005352890260626025,-0.01384751794283238
0.0013630629975406316,-0.04630017459328502,-0.14690851020631635,-0.1680469596748629,-0.024367211335560385,0.0053528733837304235,-0.013847530908173004
0.0013630622781064597,-0.046300167068789755,0.15776789281073755,-0.1339415329207897,-0.02436721099604644,0.005352874006090508,-0.013847534797553568
0.0013630619344039974,-0.046300167774673245,0.1577678845180245,-0.16804696915094683,-0.2299081686381543,0.00535285697274257,-0.01384754933357719
0.0013630601289194855,-0.04630017085641466,0.15776789378320594,-0.1680469506432513,-0.024367206086153323,0.0029617714321132026,-0.013847534489083702
0.0013620990937874,-0.04630113328853047,0.15776693659236665,-0.16804793289701592,-0.024368170712051183,0.005351912648198586,0.0
-0.0008614623053920245,0.02240029858557476,-0.146909490703421,-0.13394251490776415,-0.22990914163737325,0.00296080916355367,0.0
-0.0011014807848603314,0.18196319895796464,-0.06473898513380577,0.035105210718595396,0.05165373381503196,0.030430443227911906,0.013174289801261516
0.0018518045653033721,0.1819631976408084,-0.06473899127831724,0.035105207961338494,0.051653730995686736,0.030430442969703937,0.013174308686906656
-0.0011014751166047165,-0.30099083224247364,-0.0647389872317453,0.035105209652009195,0.05165373556138482,0.03043044410330577,0.013174290607668499
-0.0011014653840372146,0.18196321754598058,0.08377565109742562,0.03510522549681216,0.05165375819104529,0.030430461941828958,0.013174309332672832
-0.001101473372468853,0.18196321482986938,-0.06473897673145265,0.2207129542058008,0.05165374716374238,0.030430442432592048,0.013174293020976658
-0.001101492553525485,0.18196319899467553,-0.06473899206476728,0.035105205353635184,0.09988825283821408,0.030430425388403372,0.013174275383500997
-0.0011014807848603592,0.18196319895796467,-0.06473898513380576,0.035105210718595375,0.05165373381503191,0.03027594798865413,0.01317428980126153
-0.0011014807848603314,0.18196319895796464,-0.06473898513380553,0.0351052107185953,0.051653733815031785,0.030430443227911896,0.0012392941500164382
0.0018518190276587828,-0.300990820835004,0.08377564212593121,0.2207129523431554,0.09988827100343904,0.030275958934897373,0.0012393044822766042
-0.0006072421067902234,-0.12323392627479879,-0.12416887535743161,0.13605885019737746,-0.0304835489202073,0.028729805806355996,-0.03432565723230493
-0.00033970146252723654,-0.1232339632813201,-0.124168875100702,0.13605885121296257,-0.030483548204715143,0.02872980580783435,-0.03432565721357988
-0.0006072256019309247,0.08305138139689827,-0.1241688653873524,0.136058865063799,-0.030483545091683134,0.028729805814732952,-0.03432565260698237
-0.0006072428449495626,-0.12323392686118706,-0.08682513427846719,0.13605885036467055,-0.030483549349650533,0.02872980625132121,-0.03432565670627997
-0.0006072400339815487,-0.12323392465040468,-0.12416886292624639,-0.0671159175012714,-0.030483548444444487,0.028729797832953582,-0.03432566804279189
-0.0006072449318019479,-0.1232339301880782,-0.1241688716649101,0.13605884893319328,0.08303600351262096,0.028729804362805995,-0.03432565454181735
-0.000607242161979632,-0.12323392649555673,-0.12416887539192513,0.13605885031465517,-0.03048354874256619,0.017432580114632862,-0.03432565747720815
-0.0006072334923027112,-0.12323391507847822,-0.12416886347296721,0.13605885791676042,-0.030483538943229492,0.028729814020719634,-0.020831580889022015
-0.00033965631777416877,0.08305137405127641,-0.08682512051780648,-0.0671159083521358,0.08303601801489037,0.017432579736437078,-0.020831589429841344
0.0024799957506792536,0.13605349034184286,0.10419571939658695,-0.16605221986346833,0.055424708688247316,-0.020861971621751473,0.024228387853505194
0.0036307019753155645,0.1360534780781971,0.10419570241941413,-0.16605223357238877,0.055424679279642675,-0.02086197735579123,0.02422836778399646
0.002479968248575576,-0.20828679865644975,0.10419571767487193,-0.16605222820619672,0.05542470188047626,-0.020861966148137116,0.024228391350646108
0.0024799909243094775,0.13605349058255778,0.13782466087150305,-0.1660522187052282,0.05542471219204044,-0.020861972176110206,0.02422838743884488
0.0024799900149148346,0.13605348726552194,0.10419572394158894,0.3011922043681675,0.0554247111532956,-0.02086197296132832,0.024228353436454866
0.002479981362238211,0.13605347720723793,0.10419571605811571,-0.16605221926278993,-0.09305087870169189,-0.020861982497036753,0.024228369406912253
0.0024799903706900217,0.13605349014794058,0.1041957220863352,-0.16605221849481835,0.055424711785018045,0.031208168315853924,0.024228387173245432
0.0024799860085031877,0.13605348469748604,0.10419571356251621,-0.16605224130236612,0.05542469320808925,-0.02086197453940279,0.017933244748218398
0.0036307272619553743,-0.208286758446967,0.1378246312872281,0.3011921854894212,-0.09305091353882304,0.0312081472721522,0.017933230258760837
0.0005823597198636454,-0.30099082414711237,-0.006951692492686415,0.3094774814088525,-0.14068311331202324,0.018641839427232864,0.007630393166765032
0.0009485956148375663,-0.3009908504123801,-0.006951692808547641,0.30947748223127436,-0.1406831119239091,0.01864183920450387,0.007630392802613068
0.000582360792855674,-0.04630018413761647,-0.00695168729428028,0.3094774774009626,-0.140683103243145,0.01864183894457121,0.0076303884327884285
0.0005823597849083095,-0.3009908226850838,0.028389570206926003,0.30947748158082694,-0.1406831146888039,0.018641839626802038,0.007630392762699262
0.0005823593475808297,-0.3009908330254745,-0.006951692206144569,0.12342802518214913,-0.14068311302375677,0.01864183963961381,0.007630396492177998
0.0005823618835872624,-0.3009908176492894,-0.006951696518808666,0.3094774812511683,0.07522624566702645,0.018641840019780687,0.007630390956721855
0.0005823598886350867,-0.30099082623938533,-0.006951692605036464,0.30947748190876084,-0.1406831136537546,-0.025563348172153583,0.0076303938926053924
0.0005823509957363637,-0.30099084492324363,-0.006951701520355821,0.30947747729994596,-0.14068312402642127,0.018641831375727422,0.018698083429976642
0.0009485975947605418,-0.04630021616008385,0.02838956537119373,0.12342802666832325,0.07522624811137855,-0.025563347235656873,0.018698090489549665
-0.001552832357969769,0.022401247423378814,0.21012746589233655,-0.056905386666151254,0.09421404217241729,0.03128565359594553,-0.006931545380404237
-0.0013318163956264617,0.02240124629987855,0.21012746634863533,-0.05690538632023136,0.09421404198713823,0.031285652210295306,-0.006931545427709549
-0.0015528290946448253,0.1819631833807322,0.21012745771419103,-0.05690541178919367,0.0942140083380594,0.031285653827298046,-0.006931545214589415
-0.0015528108564911158,0.02240126554622612,-0.20884466037627225,-0.056905406437784606,0.09421401694392344,0.031285652995759985,-0.006931547725957559
-0.0015528246427752856,0.022401253189694416,0.21012746842489335,-0.16837312596007437,0.0942140126105633,0.031285670488116715,-0.006931528508929177
-0.0015528358388495755,0.022401242590356644,0.21012745324310347,-0.056905403187271726,-0.07086336610015846,0.03128565340573905,-0.006931547324601856
-0.0015528326097717926,0.022401247795907738,0.21012746621829953,-0.05690538568826257,0.09421404308476834,0.028422959433208276,-0.006931545433869057
-0.0015528323675786382,0.022401251356368758,0.21012748112882323,-0.0569053882003696,0.0942140511880139,0.031285655747349955,-0.022093803711018597
-0.0013317830656121021,0.18196321096833004,-0.20884465730290774,-0.1683731224286867,-0.0708633674759535,0.02842296882231956,-0.02209382210020473
-0.0013317942922375092,-0.010925657644611713,-0.03564833855803404,-0.17179681673847977,-0.21113032110444402,0.029724716894308785,-0.02473313483611626
-0.0006072428755010684,-0.010925656937003664,-0.03564833779523652,-0.17179681589979676,-0.21113032061069523,0.02972471673268242,-0.024733134832174118
-0.0013317919799459288,0.11047648293232265,-0.035648347573384295,-0.1717968242119739,-0.2111303379066859,0.029724733543794003,-0.024733116651673322
-0.0013317942648889969,-0.010925650725476277,0.11096107172656525,-0.17179682651071454,-0.2111303393844828,0.029724734435695593,-0.024733116011573884
-0.0013317946504763922,-0.010925660438086706,-0.03564835186510605,-0.17174997313721732,-0.2111303332007967,0.029724734027687622,-0.024733117764825542
-0.0013317941020307422,-0.010925663269997145,-0.035648353300032756,-0.17179682500261262,-0.018150158016572816,0.029724733962150005,-0.02473311630057949
-0.0013317942882954958,-0.01092565764756823,-0.03564833856099062,-0.17179681674143643,-0.21113032110740051,0.03082144236211796,-0.02473313483217411
-0.0013317942503526803,-0.01092565760272679,-0.03564833863342676,-0.17179681721399637,-0.21113032155409042,0.0297247168982509,0.023526362765570335
-0.0006072099234355754,0.1104765220407257,0.11096109009727259,-0.17174996296806166,-0.01815014756974512,0.03082145914193921,0.02352638780311853
0.0009486385313154377,0.2024578396285136,0.18409407275788026,0.08533304885088916,0.10005422879586966,-0.005558336658708586,0.020194788149769924
0.0024799936603776135,0.2024578283607425,0.1840940903662825,0.08533304347976951,0.10005421735390675,-0.005558352650354981,0.020194822018374817
0.0009486139106450742,-0.1647657857559836,0.1840940551980146,0.0853330279106677,0.10005419136434014,-0.005558363064414059,0.020194800868236166
0.0009486319999846837,0.20245781053675585,-0.11664558221492392,0.0853330248848549,0.10005419457666379,-0.005558360331548933,0.02019479543650679
0.0009486457118618175,0.20245784445833281,0.18409409715237188,0.07265998533921994,0.10005422893803187,-0.0055583453848068835,0.02019480347766411
0.0009486378123739758,0.20245783834215522,0.18409407177333886,0.08533304962896236,0.04757257913185093,-0.005558337115500243,0.020194789176195983
0.0009486382891226164,0.2024578413386486,0.18409407328833946,0.0853330483655173,0.10005422859506866,0.011418496037306403,0.020194787485032378
0.0009486044752142764,0.20245782793967615,0.18409405126428538,0.0853330179319652,0.10005420040186493,-0.005558371078715622,-0.03210168936753028
0.0024799986197932555,-0.16476578889685675,-0.1166455747241833,0.07265995303932658,0.047572547549913975,0.011418461253639926,-0.032101697439485606
0.0036307111941767944,-0.164765797646115,-0.15454579149126463,-0.0954691414524205,0.01536200783737774,-0.11364400322061205,0.016176742374670282
0.000582339362827311,-0.16476581080954655,-0.15454577475751707,-0.09546912491183583,0.015362025022989589,-0.11364398633681777,0.01617675928260994
0.0036306928929493165,-0.010925683727556932,-0.15454577323635685,-0.09546912263871896,0.015362025852556476,-0.11364398614192994,0.016176758806600574
0.0036307261643251,-0.16476577802452808,0.00016319985506391133,-0.09546912566132879,0.015362033062422169,-0.11364398563241264,0.01617675855553765
0.003630713768372401,-0.16476579781069783,-0.15454579387549988,0.2638260371224192,0.015362004670141994,-0.1136439931889374,0.016176746290659988
0.0036307286116334936,-0.16476578301227796,-0.15454577299761302,-0.09546912532846723,-0.15757286362965933,-0.11364398651027052,0.01617675987836073
0.003630710649427049,-0.1647657970077402,-0.15454579125301374,-0.09546914059673701,0.01536200767895445,0.0268944504956601,0.0161767416850481
0.003630719689908468,-0.16476579023002785,-0.15454578415451262,-0.09546913415706036,0.015362016089930644,-0.11364399540957502,-0.00972795968939345
0.000582366969396881,-0.010925655670848362,0.00016319679968533618,0.26382605084365884,-0.15757287137959347,0.02689445119636951,-0.009727967203047728
-0.0003396662215763846,0.11047649133245824,0.07692729698237827,0.27376123703966915,0.02033064225294354,0.022564763330396306,-0.018101472949619005
-0.001552806940993967,0.1104764963502664,0.07692729144692223,0.2737612584228847,0.020330669070598946,0.022564782530177865,-0.018101472843674866
-0.0003396681480343222,0.20245783402259243,0.07692729508006577,0.27376125944832513,0.020330671011839878,0.022564783843638296,-0.01810147251155241
-0.0003396660316162814,0.11047649026340842,0.21659099352003972,0.27376123716236717,0.020330642189377274,0.022564763679026257,-0.01810147272689004
-0.00033966461664663994,0.11047649067979315,0.07692729173518864,-0.10409156256133585,0.02033065340737918,0.02256476096685718,-0.01810147535282533
-0.00033963507622780664,0.11047651642076071,0.07692732116867772,0.273761254222078,0.09664826438732643,0.022564796133154284,-0.018101438318709164
-0.0003396638999224044,0.11047649528392674,0.07692729706885834,0.27376123548426196,0.02033064254293476,-0.04884565916902832,-0.018101473101143677
-0.00033966622157655113,0.11047649133245828,0.07692729698237827,0.27376123703966915,0.020330642252943596,0.02256476333039633,0.009970168972378094
-0.0015528276252247952,0.20245782032229534,0.21659098409150723,-0.10409152116798932,0.0966483000286473,-0.04884564066478207,0.00997018592984045
-0.0008605014978754211,-0.2537267891860133,0.13113844172743247,0.18550805859637245,0.08056145355957864,0.030930886749010584,0.02489077515096938
-5.498820713781272e-05,-0.25372676641098796,0.13113845524442158,0.1855080697160685,0.08056147340956143,0.030930902673641,0.024890795052692222
-0.0008605011980288291,-0.08373744892887758,0.1311384474306746,0.18550805166812098,0.08056144716080123,0.030930881003883765,0.02489079542078639
-0.0008605114585922141,-0.2537267969650209,-0.17763424798792019,0.18550804517424027,0.08056144809680509,0.030930878014535246,0.024890767477166936
-0.0008605006207567933,-0.25372678981625757,0.13113844203540947,0.1733613481826426,0.08056145331566089,0.030930885803151495,0.02489077485013737
-0.0008605017605183007,-0.25372678834486656,0.13113844144926756,0.18550805897875683,0.05918889741250677,0.030930886165578986,0.024890774512348147
-0.0008605021219599829,-0.253726788461405,0.13113844265210267,0.18550805881047824,0.08056145395822412,0.0217062316270712,0.02489077539094504
-0.0008605048868548237,-0.2537268171567348,0.13113843532890151,0.18550804921071068,0.08056144263723448,0.030930881387007055,-0.011044324918714127
-5.498521089080527e-05,-0.08373742741384778,-0.17763423239491938,0.17336136370665664,0.059188913488169216,0.021706249054136893,-0.011044300609963054
0.0018518037862443881,0.053711943058592546,-0.09423971961119344,-0.15101423484554113,-0.08542168827594372,0.013119596935483232,-0.03745632519743471
-0.001970809393823658,0.05371195258888049,-0.09423970691268395,-0.15101422100874862,-0.08542167525319622,0.013119596074625914,-0.03745632532358213
0.0018518227071219195,0.15985601469923633,-0.09423969686844384,-0.15101424136874123,-0.08542169217074466,0.013119579790031867,-0.03745634031294805
0.0018518220638195637,0.05371196089637645,0.05625593584011152,-0.1510142429502649,-0.08542169189479722,0.013119580428160155,-0.03745634014910415
0.0018518037983171198,0.05371194302927313,-0.09423971960257002,-0.1556216739039255,-0.08542168826732054,0.013119596944106669,-0.037456325188811354
0.0018518012568906617,0.05371193344083911,-0.09423974000469393,-0.15101424463231242,-0.03699161245798066,0.013119562725639826,-0.03745635850527497
0.0018518036807930738,0.05371194330324949,-0.09423971897158667,-0.15101423364024227,-0.08542168757942296,-0.12629519226128066,-0.037456325973783254
0.0018517952688313355,0.0537119344842653,-0.0942397266902305,-0.15101424103809707,-0.08542169555676742,0.013119588405997524,0.011025423780773464
-0.0019708128505578903,0.1598560031471407,0.056255936803956456,-0.1556216673095211,-0.03699159232219532,-0.12629520020043594,0.011025424165621555
0.00025052799518027885,-0.08373745224073957,0.021367196151838908,-0.012866982524948457,0.07802623870940223,-0.042277932224460135,-0.002705876029554805
-0.001101516144320698,-0.08373747360227347,0.02136719441016708,-0.012866986567331897,0.07802623848026734,-0.042277932327693946,-0.0027058761741809195
0.0002505449716140584,0.05371194024294329,0.021367200400197395,-0.012866977065870587,0.07802625465448235,-0.042277902883856855,-0.002705837537844912
0.0002505281558212724,-0.08373745549149875,0.164377339051238,-0.012866981879674872,0.07802623922360064,-0.04227793896078037,-0.0027058707966554378
0.0002505279237295377,-0.08373744735203521,0.02136719586825361,-0.1502392399275092,0.07802623811365145,-0.042277931918207716,-0.0027058781964813994
0.000250528844950533,-0.08373745236368392,0.021367195858151892,-0.012866986666377268,0.09272355352326335,-0.042277930586514974,-0.002705875464355349
0.00025052811024060123,-0.0837374544005209,0.02136719475781163,-0.012866982490947752,0.07802623907626446,0.02950704198197582,-0.0027058740535741694
0.0002505279973977481,-0.08373745293356473,0.021367195464187794,-0.01286698270037219,0.07802623912209149,-0.04227793217912592,0.02312487076312574
-0.001101461487511668,0.05371196761002958,0.16437733824088874,-0.1502392506640815,0.09272355351045165,0.02950703620703682,0.023124883893049376
-0.0017655334696568548,0.15985600575780043,-0.21672570736137586,-0.15493382926951454,-0.0782191741351708,0.02732718819382748,0.0038356730901689807
0.0013630625146326958,0.15985601652270676,-0.21672568938389367,-0.15493381703863754,-0.0782191632667842,0.027327188034665016,0.003835673227649979
-0.0017655420705935398,-0.2537267852232115,-0.2167257100190946,-0.15493382888146354,-0.07821917377298986,0.027327187960996722,0.003835672993587447
-0.0017655296019579991,0.15985600547766465,-0.057428359824217935,-0.1549338264124732,-0.0782191814968076,0.027327188424194356,0.00383567330846313
-0.0017655340777267825,0.15985600531357433,-0.21672570452355214,-0.024308343434696428,-0.07821917504505808,0.027327187727180676,0.0038356732202586004
-0.0017655366203852552,0.1598560031348215,-0.2167257056399074,-0.15493382443328965,-0.13226282562439617,0.02732718819407394,0.003835673168025621
-0.0017655334967588976,0.15985600583245407,-0.21672570750403083,-0.1549338292879933,-0.07821917416399744,-0.008914342994934769,0.0038356730492696183
-0.0017655334696570213,0.1598560057578004,-0.2167257073613757,-0.15493382926951463,-0.07821917413517084,0.027327188193827574,-0.031013851407816824
0.0013630154897412705,-0.2537268118302104,-0.05742835630046794,-0.024308341731953047,-0.13226283440716238,-0.008914343171836791,-0.031013851520413287
-0.0018690377530496405,-0.0647607259233062,0.1709681606553394,0.29246481440705097,0.03472721421765895,0.00956619941856141,-0.03329846877653988
-0.0012178925647050587,-0.0647607535628906,0.17096815819595804,0.29246481778050837,0.034727218922562766,0.009566197545568197,-0.03329846893176033
-0.0018690898090539254,-0.14374779378896718,0.17096815995832582,0.29246481381006817,0.034727212968750504,0.00956619860427004,-0.0332984670797096
-0.001869037911965854,-0.06476072650994098,0.12443266893421644,0.2924648147379415,0.034727213480977924,0.009566199140642898,-0.03329846756951624
-0.001869046362363289,-0.06476072651807148,0.17096815698720966,-0.00117912216274621,0.03472720991485018,0.009566189117345185,-0.03329845614652462
-0.0018690411501595672,-0.06476073123135201,0.17096814728790383,0.2924648016932658,0.09113255925304073,0.009566196754436773,-0.03329847049899378
-0.0018690379402998003,-0.0647607262485299,0.17096816162016976,0.29246481551157993,0.034727214102845225,0.02772415752926715,-0.03329846934494232
-0.0018690548287750852,-0.06476074475647177,0.17096815411735639,0.2924648145021542,0.03472719753170935,0.009566182494606956,-0.015329738182296666
-0.0012178620833549387,-0.1437477413592021,0.12443268708268754,-0.001179107572764973,0.09113258023785717,0.027724155856828615,-0.015329722610977401
9.487867059697341e-05,0.17111644041083893,-0.050143254885854034,-0.0769609517274945,-0.000843724592406576,0.03070199467739447,0.023925098903211046
0.0011485970416475852,0.17111645528317346,-0.05014323297513538,-0.0769609264381445,-0.0008436949551598183,0.030701995048691595,0.023925098570842282
9.487710705906316e-05,0.12349157082557499,-0.05014326768735098,-0.07696092391987784,-0.0008436960345577641,0.030701994095194723,0.023925100638969705
9.487886376020882e-05,0.17111644188888236,-0.10168124341563604,-0.07696095328142354,-0.0008437288437217128,0.03070199484813695,0.023925100826219726
9.49005034590368e-05,0.1711164390278988,-0.05014324606908739,-0.1590702798796529,-0.0008437261150450416,0.03070197765858312,0.023925084245474914
9.491722464132282e-05,0.17111646419479712,-0.050143227609436174,-0.07696092865927494,-0.12429272275536295,0.030702011495404753,0.023925118841151952
9.48786900610149e-05,0.17111644135300225,-0.05014325605123915,-0.07696095363448828,-0.0008437277135690808,-0.03623497217139669,0.02392510122683618
9.488702047048825e-05,0.17111645333281653,-0.05014325391584952,-0.07696095110759837,-0.0008437197177459709,0.0307020041362318,0.014256234651076597
0.0011486122512784358,0.12349159493426407,-0.10168120705586645,-0.15907027009214253,-0.12429274036130172,-0.036234965343668886,0.014256234200444563
0.0015956318584915974,-0.23077224593304038,0.06316769461211533,0.1107448808255076,-0.24912911021845424,0.026423352605924377,0.00874340920980086
-0.00019966001799776034,-0.23077224593304027,0.06316769460004262,0.11074488084965296,-0.24912911023052683,0.02642335259385154,0.008743409197728159
0.0015956174449197336,0.21212699618757164,0.06316766411425781,0.11074487363658435,-0.2491291160224662,0.026423344815090784,0.00874340032207624
0.0015956296440132745,-0.23077224453778122,-0.22463905198780398,0.11074488008217426,-0.24912911089107612,0.0264233523558467,0.008743408951100106
0.0015956366230194252,-0.23077224874671873,0.06316769912484138,-0.14585733685307398,-0.24912910978285152,0.026423344449214004,0.008743400458078834
0.0015956325047506298,-0.23077224533334748,0.06316769349576022,0.11074488066289576,0.06265396492570513,0.026423352331208842,0.008743409706013653
0.0015956311787245214,-0.23077224588327117,0.06316769484642418,0.11074488185316544,-0.24912911025319392,0.03103126786309215,0.008743409233699928
0.00159562304739147,-0.23077225050489786,0.06316768557853278,0.110744872264485,-0.24912911487654532,0.026423343798273654,0.02150349679733146
-0.00019964807834375875,0.21212702634542274,-0.22463905254684394,-0.14585732989525652,0.0626539624200039,0.031031266473007007,0.021503500016800296
-0.0009823888338235942,0.06862477636156913,-0.16990826780163718,-0.1701065529970619,0.09907143366025384,-0.05598198549905735,-0.008241777536434671
-0.002070942949799398,0.06862478796121649,-0.16990827888141918,-0.17010654488470028,0.09907144505983922,-0.05598196854602995,-0.008241760428186803
-0.0009824028499820225,0.005992200070124634,-0.1699082690776477,-0.17010653711086676,0.09907144864099628,-0.0559819854867383,-0.008241777562058366
-0.0009823936491061835,0.06862476559099612,0.014321915649626635,-0.17010655428539137,0.09907144055204085,-0.05598196772631828,-0.00824176038112787
-0.0009823885381655129,0.06862477548272594,-0.16990826777847726,0.1974662311360355,0.09907143339539358,-0.0559819856466399,-0.008241776273235928
-0.0009823887204880588,0.06862477589713971,-0.1699082669742876,-0.17010655179890802,-0.04338581434687571,-0.05598198577894697,-0.008241777704220559
-0.0009823890575380856,0.0686247759688368,-0.16990826680600882,-0.17010655297759775,0.09907143285360036,0.01468170524436825,-0.008241777304835865
-0.0009823972788005064,0.06862476771825497,-0.16990827400109168,-0.1701065579306077,0.09907142436846325,-0.05598199292820275,-0.027291019436553522
-0.0020709235083171684,0.005992234446522218,0.014321922131434659,0.19746622981641557,-0.04338580874588194,0.014681700951661023,-0.02729102872588007
-0.0004753695589015394,-0.14374773812913866,-0.10914969436464608,-0.1626396424925475,0.08740573429931234,-0.012566216494740282,0.022616245568774163
0.00041273761313948,-0.14374773773591362,-0.10914969428186164,-0.16263964196824757,0.08740573485810585,-0.012566216018730909,0.022616245568774153
-0.0004753715491722047,0.1711164662895339,-0.10914967832865093,-0.162639629519569,0.0874057467807596,-0.012566199818892133,0.02261626281376391
-0.00047536977621004395,-0.14374773604056165,-0.04288339746583792,-0.16263964222694813,0.0874057338319264,-0.01256621674481766,0.022616245544628842
-0.0004753653600656771,-0.1437477398183313,-0.10914970902336758,-0.08641901802020281,0.08740571963196737,-0.012566199564379906,0.02261626258191868
-0.00047535948977700526,-0.14374773076084968,-0.10914969305167818,-0.16263963937039955,0.04349815525833969,-0.012566199342390127,0.022616262429654903
-0.0004753690730369131,-0.1437477374949525,-0.1091496941961209,-0.16263964186698457,0.08740573425570285,0.029924502290992146,0.022616245661413726
-0.0004753781423448289,-0.1437477441807645,-0.10914970097161582,-0.16263964862523286,0.08740572492424484,-0.012566224762568735,0.024514936941069716
0.0004127273959398381,0.17111646325214103,-0.042883376469934176,-0.08641898982650606,0.04349816379989815,0.029924528163034734,0.02451496340221084
0.0029103943370972496,0.12349159017688133,0.11770688297606438,0.010729759971231734,-0.10841193255899387,0.029269805141828108,-0.029752157923454956
-0.0016601511230445454,0.12349157466296905,0.11770688800471342,0.010729771293206904,-0.1084119087710935,0.029269822555342814,-0.029752138662817097
0.002910370108420088,-0.06476075734164573,0.11770690727101817,0.01072979358458517,-0.10841189889734963,0.02926983921221946,-0.029752122433658962
0.0029103945716525415,0.12349159066496328,0.17754040939940335,0.010729759114069993,-0.1084119337265964,0.02926980594207563,-0.029752157233586277
0.0029103944817234773,0.123491592139311,0.11770687382298667,0.2833144404319303,-0.10841192304767716,0.029269812211010098,-0.029752171176076692
0.002910427330308274,0.12349161932235028,0.11770691867873409,0.010729788961480198,-0.012315389030814921,0.029269834840916626,-0.029752103908223887
0.0029103941868043916,0.12349159036289947,0.11770688211693163,0.01072975936045165,-0.10841193173312262,-0.0024746742826348977,-0.029752158023732274
0.0029104113669957132,0.12349160720677985,0.1177069000059629,0.010729777001130248,-0.10841191552909532,0.029269822171726575,-0.03545022572479423
-0.0016601595106143785,-0.06476074599380037,0.17754041224412567,0.28331445553586354,-0.012315391451760747,-0.0024746492859863854,-0.03545023935980024
0.0007604987286619624,0.005992203657194958,-0.23258484426452178,-0.14016237393139833,0.06925587340174283,0.020770676752611416,-0.012532954178898258
-0.0007354887047162917,0.005992242995718389,-0.2325848397143458,-0.14016236755824457,0.06925588675809116,0.02077066011174948,-0.01253297109743234
0.0007605140962234636,-0.2307722389661069,-0.2325848452934116,-0.14016237562773584,0.069255872195212,0.020770676941339765,-0.012532954179883957
0.0007605011910001153,0.005992197527219926,0.07005845455147282,-0.14016237097407946,0.06925587441535695,0.02077067653481004,-0.012532953977604422
0.0007605059414843088,0.005992212265276499,-0.23258484544912467,0.0980372760614881,0.06925587664782096,0.020770668583089343,-0.01253296264333929
0.0007605158329677675,0.0059922220550041976,-0.23258483634064217,-0.14016236560049608,-0.2687811925107976,0.02077067717589495,-0.01253295445410659
0.0007604981550855539,0.005992203400958025,-0.23258484500366663,-0.14016237464639775,0.06925587445453157,0.023352989601217577,-0.012532954166086525
0.000760507227103635,0.005992211120833777,-0.23258483932925123,-0.14016236789233819,0.06925588245725343,0.020770685506304443,-0.005456735496778754
-0.000735511610816697,-0.23077223035753267,0.07005846807659245,0.09803729455119777,-0.26878118350209945,0.023352990783356748,-0.005456743964422759
-0.0014434069082158996,0.21212702607588124,0.007254243462972314,0.20920977239280172,-0.05684858783192575,-0.14000283460177104,0.012183216162686271
0.0021409060564583637,0.21212700375838664,0.007254246589555267,0.20920977879970964,-0.056848570152565184,-0.1400028009812725,0.012183249600369568
-0.0014434156872864673,0.06862479623865383,0.0072542413928737845,0.2092097739583106,-0.05684858971403503,-0.14000283365714383,0.012183220808458338
-0.001443417577526307,0.21212702270710518,-0.1622120044765765,0.20920977492412646,-0.056848590340090675,-0.14000283432804103,0.0121832207480948
-0.001443415933668063,0.21212702899377883,0.007254238897520647,-0.1712485684012923,-0.05684859244221882,-0.14000284475170888,0.012183227440066334
-0.0014434068739688222,0.21212702841601405,0.007254246154938142,0.2092097778614884,0.09760444414180995,-0.140002833994933,0.01218321221639166
-0.0014434062493913768,0.21212702637079994,0.0072542440079685615,0.20920977337758914,-0.056848587692227295,-0.10197340358644907,0.012183214820891934
-0.0014434241423647576,0.21212702263565456,0.007254229462582433,0.20920977095664306,-0.05684860281365367,-0.14000285625280345,0.006342033718382456
0.0021408946046397315,0.06862477982347757,-0.16221199964552546,-0.1712485793012159,0.09760444472647359,-0.10197340645654884,0.006342048739531494
-0.001660145892855569,-0.27713772595845254,-0.20099545121833506,-0.035478142705356736,0.03910253769077517,-0.030676006097543753,0.01702217406090633
0.0007605189647246213,-0.2771377260882956,-0.20099545123434986,-0.03547814281967772,0.039102537338449324,-0.03067600649126154,0.01702217404316685
-0.001660154149596721,0.1481717686028411,-0.2009954416505971,-0.03547813233392186,0.03910254040466889,-0.030675988873989167,0.017022186720980298
-0.0016601460978450389,-0.2771377273465666,0.04236661243774768,-0.03547814101665701,0.039102544801841936,-0.030676005607490644,0.01702217183805139
-0.0016601458403763258,-0.27713772660101593,-0.20099545193505924,-0.16314890750181213,0.03910253785190869,-0.030676005760493587,0.017022174742890712
-0.0016601331169823208,-0.2771377119822081,-0.2009954397411394,-0.035478131207465,0.07237928432791862,-0.030676005601331033,0.017022173541287457
-0.0016601459813065933,-0.2771377256554031,-0.20099545077558734,-0.03547814231607377,0.039102538311164114,-0.016539454874065242,0.017022173981078744
-0.0016601459477986191,-0.27713772631176387,-0.2009954515337035,-0.0354781427154584,0.03910253776345772,-0.03067600597657034,-0.01663466095505534
0.0007605208680228903,0.14817177114968808,0.042366618432952155,-0.16314888991213441,0.0723792747518037,-0.016539470229554064,-0.016634683913635085
0.00041269789395652345,0.03830615667744522,0.03538953658001181,-0.14499702335941395,-0.006393255353240059,0.02808847808569817,-0.01938890169359865
-0.0014434209305340395,0.03830617489243934,0.03538954414688452,-0.14499701772072396,-0.006393254961000494,0.028088476518711016,-0.019388901753223
0.0004127412053838986,-0.10322920891811077,0.03538952211494601,-0.1449970377434201,-0.00639327155160058,0.02808846096118902,-0.019388918581827737
0.00041270878156091095,0.03830615640987475,-0.19317744135556023,-0.14499701954123778,-0.00639326109664233,0.028088460243725764,-0.01938891881465838
0.00041269558388251637,0.03830615394827592,0.0353895373070839,0.14860963926418969,-0.006393242080907714,0.028088460679574972,-0.01938891696285396
0.00041268693490156827,0.03830614684804985,0.0353895245913278,-0.1449970162784058,-0.06392610108962762,0.02808846013310042,-0.019388918840774726
0.0004126972486830638,0.038306157158382065,0.03538953677637794,-0.1449970188082525,-0.006393256412434705,0.0290113928850996,-0.01938890169729424
0.0004127149238550565,0.03830617370734374,0.03538955360991033,-0.14499700632951543,-0.006393238323341558,0.028088495115596673,0.015177279353023432
-0.0014434234791056155,-0.10322924100931852,-0.1931774596028305,0.14860962081562562,-0.06392610862989109,0.0290113761883091,0.01517724507419313
0.0021408839407500435,-0.10322926628634947,-0.07943701810331591,0.1610529249755752,0.09843367594269592,0.031123544247919563,-0.023503648560671657
-0.0004753665880315172,-0.10322921646404098,-0.07943703345634111,0.16105290760123517,0.09843365615036655,0.031123527853192827,-0.023503665217548236
0.0021408913445180866,-0.27713774822667087,-0.07943701634267283,0.1610529254737588,0.09843367643743026,0.031123544063133207,-0.023503648654050184
0.0021408837916892243,-0.10322926750298195,-0.07207489145535309,0.1610529249144725,0.0984336769733103,0.031123545204373042,-0.023503648464829212
0.0021408794795178543,-0.10322925676567042,-0.07943700220135246,0.31730257624232977,0.09843367731085309,0.03112352808996558,-0.023503663626908432
0.0021408838035153893,-0.10322926809996473,-0.0794370170815713,0.16105292552648456,0.0852579507464295,0.031123543989958008,-0.02350364866513739
0.00214088435319279,-0.10322926729158652,-0.07943701797199458,0.16105292553633968,0.09843367571873506,-0.15484771553633922,-0.0235036487225443
0.0021408925271499124,-0.10322926895860465,-0.07943701968902817,0.16105293605240073,0.0984336875593436,0.03112355357937757,0.020913338744717114
-0.0004754113082692524,-0.27713776853048855,-0.07207489695754773,0.31730256739649,0.0852579433904595,-0.15484772730180135,0.020913319246813836
-0.0007355186156928623,0.1481717702967148,0.14449177479060962,-0.15966955360921972,-0.17495139176198432,0.01611579268549876,0.019515272312694024
0.0029103782496083877,0.14817177032455586,0.14449177475463787,-0.15966955358655258,-0.17495139173931726,0.016115792654701054,0.019515272352608054
-0.0007355267044018149,0.03830615732887826,0.14449178471954305,-0.15966953699890915,-0.1749513767056028,0.016115809589003428,0.019515288643607888
-0.0007355185821849679,0.148171770312976,0.1511393615086536,-0.15966955362745197,-0.17495139153186384,0.016115792646570436,0.019515272194430833
-0.0007355208646643296,0.14817176613508268,0.14449178263441526,-0.04635168445572525,-0.17495138175889,0.01611577615452311,0.0195152555057709
-0.0007354951350303507,0.1481717925183672,0.14449180405064613,-0.15966952300049037,-0.10051415181896155,0.016115810355743096,0.019515288965382294
-0.0007355186644764818,0.1481717704359204,0.14449177471595595,-0.1596695536148865,-0.1749513916365761,0.019751675828315662,0.01951527236566621
-0.0007355015857943709,0.14817178732661335,0.14449179182050803,-0.15966953657932118,-0.17495137473208575,0.016115809715397222,-0.026101695024778066
0.00291036257209875,0.038306149133239584,0.151139361106066,-0.04635168903645251,-0.10051417628096208,0.019751676323789196,-0.026101712577251888
-0.0012179150733922228,-0.0283556468168855,0.09060299914729367,-0.11226750366370038,-0.05018073306813152,-0.0912119156030552,-0.04098422128963405
-0.0009823830083762197,-0.02835561528693513,0.09060299724621292,-0.11226750648920489,-0.05018073469671418,-0.09121191545867559,-0.04098422111765972
-0.0012179143510012702,-0.18628149269291586,0.0906029988314324,-0.11226750249806886,-0.05018073263376081,-0.09121191479098148,-0.04098422242471419
-0.0012178931119189995,-0.028355628016735,-0.13172053613936496,-0.11226750346240645,-0.05018072324662049,-0.09121188097214564,-0.04098418908188788
-0.001217914644441584,-0.02835565117044893,0.0906029990122766,0.2428977476578281,-0.050180738637588373,-0.09121192660005306,-0.040984208836274245
-0.0012178930922083775,-0.028355621641610217,0.0906030044991955,-0.11226750670060023,0.004779875971544505,-0.09121188120251249,-0.04098418650966352
-0.0012179152167862695,-0.028355647048237988,0.09060299926949895,-0.11226750358806105,-0.05018073322014896,-0.06373417416350935,-0.040984221158805435
-0.0012179064850212362,-0.028355637485181145,0.09060300716479835,-0.11226749252971423,-0.05018072362604821,-0.09121190580741423,0.02471816075556768
-0.0009823794668865765,-0.1862814449776633,-0.1317205287311619,0.24289774062535718,0.00477988741646413,-0.0637341643789555,0.024718160863236315
0.0011486000642575434,0.19240674148165848,-0.1393001203940164,0.2535306453120908,0.06609879019004955,0.02407658972491627,0.024992702103086874
0.0015956339500254324,0.19240674274608893,-0.13930012118539414,0.25353064423096805,0.0660987918684012,0.024076589733786055,0.02499270197398305
0.0011485888161969493,0.09699926133903242,-0.13930011801544817,0.25353064817184234,0.06609879086809169,0.024076589450939913,0.024992701889473924
0.0011485888605456962,0.19240674143484596,0.09740934277436251,0.25353063363581885,0.06609877481608191,0.024076555019106594,0.02499266824926507
0.0011486033125528566,0.1924067593775885,-0.13930010700465292,-0.11997892038660132,0.0660987981242771,0.024076588797782107,0.024992700008350247
0.0011486015253004966,0.1924067548998486,-0.13930009892333525,0.25353065641922107,0.030020051913966613,0.024076589083584916,0.024992702080912744
0.0011486007097775142,0.19240674114066625,-0.13930012165253378,0.25353064256345725,0.06609879332599498,0.02590979075961051,0.02499270208978231
0.0011485658613129002,0.1924067189219706,-0.1393001576858476,0.2535306267588145,0.06609875892594497,0.02407655618079602,-0.03641063343566007
0.0015956440787743553,0.09699928058784374,0.09740936716318746,-0.1199789330395301,0.030020051813689212,0.025909782582450476,-0.03641063133919865
-0.00019964427568960885,-0.186281446746437,0.1971470161397796,-0.17110825095586854,-0.11613106397793647,0.030107874140912018,-0.001431408836186023
9.489621075162158e-05,-0.18628145688553407,0.19714699670815283,-0.17110826969072793,-0.1161310740376983,0.03010785604073163,-0.0014314259119114579
-0.000199665894938722,0.19240674492730556,0.19714699647458328,-0.17110826104051532,-0.11613106595490251,0.030107856421144996,-0.0014314324439812726
-0.00019964427495047787,-0.18628144677501726,0.20364630664994401,-0.17110825094133203,-0.11613106392200777,0.03010787410198375,-0.001431408883737653
-0.00019964427568960885,-0.1862814468119745,0.19714701611735883,-0.16987300400952324,-0.11613106404347394,0.030107874015011013,-0.0014314088448094374
-0.000199660170261573,-0.18628146514005778,0.19714699953809228,-0.1711082672850578,-0.1928075706184639,0.030107857237407318,-0.0014314252050426613
-0.00019964413648421164,-0.18628144664689883,0.1971470163548707,-0.17110825123575812,-0.1161310632006023,0.007548945538561589,-0.0014314087211257094
-0.00019966110848296248,-0.18628146927581993,0.19714700292879636,-0.17110827676212714,-0.1161310854983866,0.030107857647879134,-0.0041604699182605865
9.49120644244475e-05,0.1924067800790659,0.20364631110821974,-0.16987301268905527,-0.19280756805831206,0.007548945491502742,-0.004160446743111381
-0.0020709539189559607,0.09699925452830488,-0.02125169245511406,0.06004593353767777,0.08931282947096154,0.00035896408593386053,0.0026274166161086208
-0.0018690501406255842,0.09699927123840012,-0.021251676465931475,0.060045935294871636,0.08931283152824808,0.0003589642598792464,0.0026274166865736855
-0.002070982489123864,-0.028355627229791982,-0.021251665482238336,0.06004594446421048,0.08931285092833798,0.0003589390375450946,0.0026274065809846502
-0.0020709538819987136,0.096999254754976,-0.014089598946972976,0.060045933476328826,0.0893128302098599,0.0003589640107874159,0.002627416358147151
-0.002070953984493476,0.09699925448863751,-0.021251693077720537,0.04751846824683949,0.08931282922778279,0.0003589639410614409,0.002627417202496969
-0.002070942304033,0.09699928843805546,-0.02125168826317691,0.06004596785272625,0.09956927379154686,0.00035896455947934114,0.0026274166446888427
-0.0020709531371869705,0.09699925440117194,-0.02125169351184484,0.06004593452985662,0.08931283129098276,0.030572079995735746,0.0026274158956887737
-0.002070988230555063,0.09699923773764302,-0.021251721954879645,0.060045915187912864,0.08931281719893869,0.00035893167664741155,0.005177923789858837
-0.0018690547336720487,-0.02835563070968613,-0.014089599922644289,0.04751846299127291,0.09956925914070948,0.030572074484424925,0.00517793338642346
