S1_Current density (A/cm2),S1_Voltage (V),S1_Faradaic efficiency,S1_CO conversion,S1_Crossover rate,S1_Capture energy (MJ/kgCO2),S1_Electricity price (USD/kWh),S1_Membrane cost (USD/m2),ST_Current density (A/cm2),ST_Voltage (V),ST_Faradaic efficiency,ST_CO conversion,ST_Crossover rate,ST_Capture energy (MJ/kgCO2),ST_Electricity price (USD/kWh),ST_Membrane cost (USD/m2)
0.5236925687052946,-0.010754577246778613,0.2935195196816857,0.005540273777794243,-0.01276502190096193,-0.01281548011973359,0.07472637581042277,-0.013693768490227791,0.26477238682987847,1.0077570436878747,0.7015276907820085,1.0146225150794936,1.012927434292633,1.0128564774224855,1.000576208428933,1.0120838359475446
0.6163677784147045,-0.001021380472834803,0.30275409175957557,0.017723207186945304,0.0018723984472496134,0.001875567975091984,0.04466894813885951,0.0023351495122357303,0.3523664141842301,0.9918725383558319,0.6634016899395905,0.9950642528930992,0.9982036702209672,0.9982052549848884,0.9628222309165836,0.9987551680655398
0.6042274414315155,0.0014553298214377707,0.2405526538271246,0.007597390005402327,0.007045239805889205,0.007048497329190167,0.05002663100043725,0.006950771630161296,0.3493202762967611,0.9832668858970487,0.5884290016340012,0.9735643527451323,0.9929010110596449,0.992891238489742,0.9527552938985846,0.9926697269052766
0.5741576877212052,-0.006291398245852334,0.31761523043817486,-0.0035941923065404497,0.005534208225399772,0.0056096106046001045,0.06190848285794817,0.0051006445449978625,0.3269756552010591,0.979215660581333,0.6512545831323879,0.969000209082588,0.9944186652876,0.9944924967839004,0.9726540827080041,0.9941469025458988
0.6424014810130029,0.012367316912844291,0.29752278418950184,0.039568622655504176,0.0193276118213894,0.01906599671470001,0.050108212144742335,0.01998248275724246,0.4085618083053939,0.9654787159315159,0.6018203869271905,0.983065249918776,0.9807190456498673,0.9805257504118038,0.9285476610935737,0.9812989313640578
0.6390793945117016,-0.019163034531694833,0.33460482726168383,0.005369293120346897,-0.006228349451699575,-0.006105745801652226,0.042354175282603095,-0.006826456447200828,0.3917570802812883,0.9894763831594193,0.6944605218299463,1.0011055050470186,1.0063244442044394,1.0064288229875877,0.9754763717688775,1.0057594733305726
0.6636695382875838,0.015793323892284716,0.3169281338597176,0.022315299827838666,0.007370462363126503,0.007401410800383128,0.045702545203134284,0.007018627497472244,0.4145648533669257,0.9963775562751627,0.6528808511638857,0.9855113970678498,0.9926295376368734,0.9926523417485362,0.9561462167066693,0.9921311049105299
0.646419994565924,0.01906623853014473,0.3093947432400315,0.05496270017820932,0.018732192776958628,0.018800268451778544,0.0178535416252132,0.018436142749253412,0.3666172887397041,0.9801390175452135,0.6538301439601584,0.9997669760665465,0.9811031590792909,0.981180733685481,0.8965690025052387,0.9809385109355404
0.6197432787131683,0.003607476357080029,0.21886393915767005,0.0031421875182664873,0.007540696541237407,0.007555186505075891,0.03077454855825547,0.0072380172966112965,0.3615405179954566,0.9854638709167389,0.561122059914771,0.9660279994213857,0.9924512534788523,0.9924238835471574,0.9416011403816659,0.9919875746360208
0.4847682423988022,-0.024527487158146215,0.405575409659906,-0.026384332022559524,-0.02409048832367653,-0.024133707988624083,0.02077472534854433,-0.02429538155009455,0.2632835211536142,1.0162389158582048,0.7933503015386894,1.001841965245676,1.024055272300386,1.0239880417104674,0.9781255742877902,1.023711115709137
0.6019004192771302,-0.015682732904014143,0.298756849802177,0.013993912314513472,-0.007336776692072234,-0.0074552271638182455,0.04670385001896934,-0.006890186399948761,0.370543839221416,0.9965337735324259,0.6495395192806892,1.0042490610164228,1.0074120087484515,1.007274350092098,0.983435392312188,1.0081115068045732
0.7114734758146865,0.019418649268326097,0.3799172504868693,0.01181894561095884,0.013850377517708849,0.0139135635801272,0.022972865279358382,0.013517071038452042,0.4254838941286514,0.9875981629632319,0.7446825052989994,0.9678793725340248,0.9862444015759186,0.9862838928649301,0.9095854909984139,0.985791041578067
0.5316537263945498,0.007332278307335685,0.22969912090814468,0.013846567845122228,-0.002901958912214512,-0.002822302644939059,-0.007544326169027911,-0.00307401644952949,0.31079892193736836,1.010545774319967,0.5652226327405107,1.0030246295638188,1.002972056427417,1.0030580851960744,0.9088820735216518,1.002624755102096
0.48150569612800004,0.0008287655760091817,0.49305144054241473,0.007043856137140812,-0.006438996936311797,-0.006320431145766877,0.005093929554800726,-0.0062996020204008785,0.23023683345111046,1.0055305266222716,0.8782757863189055,1.001079502755599,1.0064662350233289,1.0065319268802524,0.9238130610902182,1.0065191089569503
0.2850279630237826,0.014908023210635108,0.4168490276631041,0.025480624037409375,0.00841544188950518,0.008467960241951124,0.06955665132766857,0.008367847132601042,0.0174396917743177,0.9934358300342144,0.7644755077520622,0.9990011341949706,0.9916452824555104,0.9916616944406498,0.9699404321087098,0.9917995551158204
0.5668457170218258,-0.004105382604756601,0.2719018469541908,0.022884863866502653,0.011589605314734207,0.011486950309435544,0.0692191628987286,0.011316927956909634,0.3042179923385965,0.9705612556389609,0.6117403085242332,0.9874640438551687,0.9885964568823696,0.9885483373486359,0.9605940962182439,0.9884344544521326
0.5410742416312996,0.010833018349588944,0.35240994494610245,0.016581698234071726,0.0034413982907793373,0.0034832771579680604,0.06549621511050017,0.003257775565413398,0.28495772261542296,0.9993532107312374,0.7022290909298923,0.9870311594237862,0.9966810168594646,0.9966971241160757,0.9856427139039139,0.9966181985586815
0.46763676293761003,0.027284910895372397,0.4617884659177442,0.022029109286312167,0.022150483009280436,0.022246304369518546,0.07583759412802177,0.021663391094736723,0.23832740805840213,0.9784452064468665,0.76844630739437,0.9615566917048999,0.9777441134944577,0.9778239646279894,0.9299755683930901,0.9774869928444854
0.7312389539216676,0.01842469420756476,0.31706508214470447,0.02887728321789305,0.006996062402863427,0.006865285427146777,0.07164773364190649,0.007559041334911929,0.485311769453431,1.0001360672971957,0.6398710166565033,1.0043033872672886,0.9931123867965114,0.9929146264917691,0.9820250510016071,0.9935015280413267
0.7062151886135691,0.008361613497975557,0.2525587413242906,0.004198750127493191,0.010538705276516257,0.010456239678844261,0.04589335631045446,0.0100571061861118,0.45158768046765585,0.9828195154869812,0.5875272702940812,0.9644874131244964,0.9895915903678055,0.989495930274506,0.946681441275159,0.9892534814173504
0.7177401784593309,0.0015130154018447575,0.2722600981115541,0.0014209353572970668,0.0038674068857107065,0.0038166041025119806,0.05491467847858038,0.003962662104208317,0.4941979199369284,0.9899029018245455,0.6050448301156233,0.9740000430963694,0.9962723007680858,0.996223085571862,0.9540742389736442,0.9963516801168338
0.5010138094353423,-0.010810441933993326,0.32819475518485103,0.01722330091416406,-0.012064352547442328,-0.012043264788095838,0.034578526856325606,-0.011451185391059764,0.26222256143427025,1.012246031704889,0.6922344172158952,1.0195975490401423,1.0120286655700867,1.0120643525474424,0.9800434010474639,1.0128510881845998
0.5721433373471242,-0.025274230183613126,0.28484852674100286,-0.028192051821344728,-0.03202209352054297,-0.0319339175919302,-0.0005416838070826726,-0.03189383762437894,0.3570754399573537,1.032721088154637,0.6737264219967186,1.0155636556452943,1.0319146792075056,1.0319836167516938,0.9793602225555937,1.0320669830842004
0.5848472598940362,0.014132558614546336,0.28791968368409276,0.024443261401199495,0.0037726557191609363,0.0038202158242687683,0.02940919237590695,0.0036676954871988237,0.32744862627987226,1.0028693589596915,0.6425704026989982,0.9967570654515229,0.9963142644729327,0.9964143046940216,0.941087142420993,0.9962503043315808
0.7214716482403485,-0.019736355333668597,0.3088407505946717,0.0008330581792352663,-0.012832498192334573,-0.012802394164102011,0.014130676427962691,-0.01326064437164211,0.4926399076717167,1.00079088689931,0.659009819698966,1.010248569102373,1.0127572381217531,1.0127689452438435,0.9649169199221748,1.0123709030927686
0.730897572071505,-0.018501403328694654,0.30089912861015045,-0.006919717448576885,-0.01721383935360846,-0.017145147975285,-0.03135308097083913,-0.01759883056700272,0.5153386545832858,1.0125699826841599,0.6554786512066253,1.0116450452876649,1.017170707557917,1.017215436827523,0.9174404110757443,1.0166946603313962
0.6522541192694254,-0.00123752899766263,0.18709337303692536,0.01007795027544498,-0.0063810736129994135,-0.006349185549668125,0.010983571274053566,-0.006771702388807694,0.44869870602793327,1.0044263353307914,0.5367894809806169,1.0011976689184985,1.006382668016166,1.0063555631623344,0.9187080322899557,1.006207283667844
0.5974413516400255,-0.03329698388108353,0.2353732848234044,0.009311523894042037,-0.02590722251244179,-0.026020225540047553,-0.010497429367667007,-0.026336952335731315,0.3744559095087775,1.011617910092096,0.6200926596849469,1.0446768662385655,1.0261332285676532,1.0260361414594286,0.9555890990948324,1.0255952704925724
0.7121074934782379,0.007816450436425556,0.25173058867369,0.01325846879228902,0.0019844180107218947,0.0018736936773350581,0.07223983384566497,0.0017547063339939805,0.4911063629284146,1.00327911933013,0.5946898031127954,0.9876306310787873,0.9981808421883629,0.9980519392330768,0.965148633595287,0.9979098154618639
0.5341890357551119,0.010735697307668777,0.17786242425781695,0.024124333882897406,0.011310121904400195,0.011193289783031093,0.05486740848649474,0.011032645616148577,0.270349202526028,0.9803818161315747,0.5417761831600898,0.9831549563457386,0.9887255767993515,0.9885990086678683,0.9356399816522657,0.988500025898375
0.7302071948772203,0.013635861380460641,0.24044856972138953,0.028556138652035188,0.007464065079550121,0.007530133917236108,0.013684204432425998,0.007467287949681145,0.45697065659237823,0.9942505018301545,0.6078622132567801,0.9919542068618001,0.992561717881498,0.9925891122776118,0.915821957191691,0.9923909057645538
0.5284464436149228,0.021754301866481533,0.2864770137130523,0.03300762327344268,0.01943424977629711,0.019472067776349727,0.06733485749511535,0.019111974645413945,0.25004530877254405,0.977435077523695,0.6317686914775504,0.9810804038765928,0.9805986354411399,0.9806134337889866,0.9412613383429316,0.9802418308319478
0.5956229892998228,0.025434042157993306,0.28714358683672075,0.012150005945044921,0.01268515257705758,0.01282709695810972,-0.00835035207702539,0.01284504394881746,0.31224368658507085,0.9942162811223739,0.6479307269611092,0.9688800248768722,0.9872202178355743,0.987326268235211,0.886687702069245,0.9874355817240672
0.6107492372028517,-0.04608444644814957,0.2607556908632615,-0.039420013303354116,-0.05194914761556956,-0.0520165948907699,-0.0704072185953958,-0.052164336541208736,0.38339248517974733,1.0550404810622518,0.7004107374963906,1.0390795651523428,1.0521370364536275,1.0520744068409416,0.9538920506868094,1.0519716300406363
0.6911733372739215,0.024112307352348202,0.40001891039365983,0.01442925847484421,0.013895383989333375,0.013944787299932884,0.0984260420802759,0.013351947572738762,0.45578079424227314,0.991400332175898,0.7243419716267523,0.9648325066596259,0.986077523872596,0.9860870858036797,0.9805905690856891,0.9854544046969699
0.6616953168552894,0.03341241740459673,0.13027180783413758,0.034782198064052576,0.034017818704262445,0.03411898656070526,0.07603299006886126,0.03364365821932316,0.38306102166721223,0.9638303570475889,0.44288815912171053,0.9513754698321849,0.9660464148553838,0.9661234951269593,0.9228894919680732,0.9657605755149581
0.7921235956139393,0.03357644611115735,0.3621236707665617,0.024429536929761464,0.02089569361629904,0.02074538837139752,0.06690245902237789,0.02116791311539846,0.4971989702969982,0.9878721123362897,0.7188557850115477,0.9666957733879421,0.9790759153929973,0.9789523310805227,0.941083759656723,0.9794800694959548
0.8405219315348856,0.03159189503742677,0.48988963079445264,0.047779891812177885,0.034342901969128765,0.03441716624075922,0.07614238581226042,0.034731982174844835,0.5709198921453873,0.9598757859285092,0.7971207913283088,0.9583646694448983,0.9656135081323055,0.9656974590480617,0.9245695825309793,0.9660445637958996
0.46298855434856184,-0.0024247887127078335,0.3491298467220784,0.00806721722948915,-0.0015941849897600513,-0.0014686286130353866,0.04641181274177426,-0.001584526806935077,0.2182737057587768,0.9971900536215718,0.7152854036290871,0.9912390033042502,1.0016118916582726,1.0017277898521721,0.9550127692249094,1.0015169195271603
0.8139604294562613,-0.0038873721370794668,0.497169443751373,0.008216765014138056,-0.00624310277007734,-0.006317222885753059,0.0703970968386168,-0.0061625374269515575,0.5655780680887112,1.0008371682463373,0.8720647464078121,1.0012416062688287,1.0061158095279386,1.0060320215710878,0.9956874315137374,1.005961124069137
0.5682375747139113,-0.0013686645932776047,0.25741236074190854,0.0005242800408285336,-0.01356502139060559,-0.01351786618619725,0.037817310270051245,-0.01342187166293742,0.30681123829065193,1.0237808596027833,0.6474250685331792,1.0085008892600387,1.0134740792106751,1.0135229185295267,0.9840104970276797,1.0137182758049328
0.46741640947590307,0.001488400438152315,0.15489271272358554,-0.0138515428787079,-0.010906182685023226,-0.010839501421665372,0.02573761108853249,-0.01141848995228478,0.23651390209839884,1.0189973847632017,0.5115773661940963,0.9885484429928183,1.0110021386493675,1.0110818308909415,0.9675584823855877,1.010494710498937
0.732817994846036,0.00835494063892452,0.46416940193414513,0.04320309158018448,0.01895576594730316,0.019128834044342603,0.07514628642534313,0.019468500403018146,0.48297204282053696,0.9689747561077592,0.7863215979182617,0.9846948386790335,0.9808646961202541,0.981003797581426,0.9480367512836881,0.98149550507208
0.4936368780097774,-0.016978013479231103,0.2955181151102375,0.005023986852781063,-0.016646001312058848,-0.016533678787841368,0.05237618981958232,-0.017237346366027344,0.25902892366333263,1.0133836927042719,0.6823576512225724,1.0185125373762611,1.0166724301412864,1.016802922485598,0.9892293945920335,1.0162165328371096
0.47055299040437976,-0.03222097701423203,0.3018446018192874,-0.01582398428020426,-0.027030924330933168,-0.026936707412112716,-0.02992728236984455,-0.026839241634022598,0.2125922627431811,1.018194027117429,0.7252914952306367,1.018934767030914,1.0270179288938546,1.0271121458126748,0.9354683235338053,1.0271949917240515
0.6596457719732168,0.004760672870934909,0.37738521264350283,0.015263324020225394,0.0007150046766531554,0.0007005271363952882,0.004680242091724536,0.00048658126369569655,0.4279288690466213,0.9980045373183177,0.7177579647000314,0.9985948992377218,0.9992592574739996,0.999231911009068,0.9134170954383528,0.9989487946662475
0.6790242472294313,0.0021921420956818134,0.3008244441326077,0.024604701806620666,0.007583201315374559,0.007560536201538013,0.06899756512890139,0.007215702683881991,0.40411948500653283,0.9810291979184637,0.6602045115621539,0.9979810841314976,0.9925819302282917,0.9925527893676447,0.9720797158264332,0.9921642445590182
0.5616394529674634,0.03359827705394911,0.3829443950219922,0.008952728424180854,0.010245937529779725,0.010312038650511515,0.05735061310357241,0.010054413769710693,0.31964971380036766,1.0072386563540445,0.7073344817928491,0.9775626429465339,0.9896862664489569,0.9897760961771309,0.9503577945140733,0.9894116925628402
0.5742723135895712,0.0076858275156097226,0.39822381018060365,0.014804949974800467,0.010379373045915782,0.010366313431223389,0.0007038310106891045,0.011398022991922437,0.28705090289558044,0.9862871603038509,0.7643063595699006,0.978448126584742,0.9896271567614304,0.9896238918577573,0.8965039417454854,0.9906229523817254
0.6113788988723787,-0.03858321709755698,0.3809531938859244,-0.034114793262378894,-0.03615545313149231,-0.036086953229562665,0.0452813721370064,-0.03610606948126396,0.3649950070457938,1.0302405662509162,0.8065214795696667,1.0175680843939316,1.0360805811456621,1.0361108485441892,1.0342358628564872,1.036298825019252
0.5176049859869332,-0.026473577102341304,0.35617685854169706,-0.0074137779724072345,-0.02435330777399863,-0.02437108442233077,0.04675005343668809,-0.02453107425732004,0.2558704164344686,1.0181831947438063,0.7744701942869666,1.0225303932904846,1.0245278421394415,1.024501985196413,1.0111501062400354,1.0241997821747666
0.4658747330903893,0.014729915095320475,0.3566013572031352,0.006703726560394674,0.004204357034192674,0.004318748241348,0.056916765493069864,0.004038254733391788,0.2243993210152806,1.0051177428475475,0.7115052871337411,0.9793577831978707,0.9957737049260789,0.9958426530509397,0.9465557127953713,0.9956906537756784
0.6212529571227091,0.02185186451504444,0.3938586918593889,0.0346619585231246,0.020128401746216225,0.019937449905351734,0.05268324251308779,0.019669790914738264,0.35915407835098156,0.9743699003430641,0.7305717295025731,0.9753621970887532,0.9799858429448993,0.9797671459647639,0.9241854716700539,0.9795615055207559
0.6495791116447461,0.012806098210227369,0.4770357293550284,0.024320574449913156,0.008369605426751591,0.008281927703757998,0.05027158631559846,0.008712345616635633,0.42187345017377753,0.989059046078909,0.8084014890612389,0.9845555993978745,0.9916096707478136,0.9915395285694187,0.9428704216058845,0.991864733214704
0.5936432300820472,-0.017884561153752816,0.17583668127506016,-0.00892374074086168,-0.0104345951173562,-0.010513614697716792,0.05683003246879416,-0.010260752040562898,0.3731290363763238,0.9980127170846711,0.5484071087489746,0.9960482903169068,1.0104203715928912,1.010372959844675,0.9670623278490345,1.0107285479562975
0.6174151653855071,-0.010498344086128123,0.18274498245844528,-0.029934959336120545,-0.015179195064514728,-0.015209715369452733,0.037436204316766405,-0.014891661665361948,0.36234665977691805,1.0122155128218506,0.5740563771408231,0.9799443061795078,1.0152450546699072,1.0151904393873867,0.9900095814816939,1.0155598957103205
0.5912844604931835,0.05580565885721919,0.42305847548177444,0.056463598796436205,0.04803766947435301,0.04800295405042448,0.14385554574796222,0.04798642289617279,0.33287721626179223,0.9541312179634679,0.6994258057152257,0.9407475954813047,0.9519606774102218,0.9518928996777899,0.9587847378853168,0.9519259619862933
0.7547125725955012,-0.018300170513010607,0.2986997664646921,-0.018379225682729657,-0.016589997453782254,-0.016527075992169134,0.04540861605567739,-0.017332148026654937,0.5142573153508543,1.010231703089236,0.6813412232374645,0.9985783257243244,1.0166609857694484,1.016706160152145,0.9906647418983667,1.015810739352266
0.6561199102676889,0.007600360849061944,0.2941107876583861,0.012296154904834506,-0.00130596253229374,-0.0013386402919024565,0.037858332358752994,-0.0015347068495547556,0.3908886808174302,1.0058873844294358,0.6768452196013867,0.9924960385417838,1.0012945253164307,1.001273284772685,0.9522419403677863,1.000969381608324
0.6545719214175268,0.027898711239339735,0.38071793417366817,0.04068100183693344,0.020973872364045413,0.02094751712569986,0.03439527749151881,0.0211534174252745,0.4008350255968107,0.9786670375134964,0.7080283893477952,0.9823155908219591,0.9790854269222321,0.9790442468623172,0.9007938970119707,0.9792320279355292
0.5824654280114399,-0.005685134195281152,0.3480243482146699,-0.01032810624620841,-0.008623644706404988,-0.008518585899443784,0.05157975580804996,-0.008338261081525298,0.34526665713441107,1.0067498346419477,0.715503301117065,0.9861943734411354,1.0084793848520701,1.0085546508630274,0.9806340968816663,1.0087726086864246
0.8781629822731034,-0.034031341152252495,0.4155090870423031,-0.003392084695136058,-0.02388348083690016,-0.023726298868999966,-0.0015476024187562277,-0.023543454538993615,0.6471632129138203,1.0100193897090504,0.8203713259493078,1.0198576977814973,1.0238064937505817,1.023928389970586,0.9477111745153081,1.0242732279613873
0.48953694802291936,-0.017099175341390417,0.31507592043053495,-0.01822957500219012,-0.011887759550989507,-0.01189901530863616,0.0509193681173411,-0.012027652538883637,0.2529522205715471,1.0041309345670666,0.680106615296697,0.9883969933424221,1.0118925834471237,1.0118925834471237,0.9896206549951513,1.0117092753940211
0.7421502025472199,0.003692229452212258,0.14396464295327113,-0.008415037261514977,-0.0023268025176587854,-0.0023396774523536967,0.049354794714552126,-0.002206100004893992,0.4805056993329029,0.9988264296474798,0.5341877395433356,0.9731666848005215,1.002384739723786,1.0023670366885804,0.9627138471950903,1.002537629573288
0.6875744621062914,-0.007934911738408839,0.36048500502529923,0.0011072304864178841,-0.01878708847253924,-0.018756573250110875,-0.0070772733817378855,-0.01932833215455818,0.461076428792654,1.0254522554766299,0.745584302071367,1.0169850842849273,1.0188320582740127,1.0188497249817343,0.9356090163901634,1.01805311706992
0.7023173662962622,-0.02027599756486258,0.3012069340279853,-0.00901252986578081,-0.02012935084825965,-0.02011435288860708,0.003437443085815566,-0.02026099960521001,0.4635284051019206,1.018216277772576,0.6993813192783878,1.0114671959289185,1.0200893562891862,1.0200726918895722,0.9458427902491078,1.0199427095725833
0.5619489285900413,-0.012527031689663737,0.36704145576876757,-0.011191457741010855,-0.012686649064014935,-0.012735511525551016,0.017902880606289678,-0.012502600458895697,0.3322801296715219,1.0103005321923364,0.7317731001956491,0.9950147254751323,1.0125970678845322,1.0125302891870995,0.9548123208719627,1.0128071764691373
0.7050126238056998,-0.015645517016345572,0.3262813645383187,-0.0037313322053030215,-0.00901571669456283,-0.009051990160635752,0.01469393976582907,-0.00885248609723468,0.4610077328222405,0.9979902318023068,0.6909996444576039,0.990412374980891,1.008967901671103,1.0088623788607092,0.9580580920377567,1.00897944322849
0.6509531278796807,0.034430993157405755,0.27440684203982835,0.036498282991379104,0.02585247691049025,0.02594413821745977,0.1298324088130956,0.025073355801249305,0.3745352626940587,0.9779743826554873,0.607693801870623,0.9631825392432806,0.974096782008866,0.974167164798146,0.9955717167845827,0.9733454866535264
0.6470785846385304,-0.03433238988473748,0.23756353546341694,-0.015427130064546848,-0.01982718969189586,-0.01998672774945021,0.05802100087232544,-0.02058180470412794,0.4215786184299847,1.0027342822055227,0.6119091164729015,1.0075714761105705,1.0199867277494503,1.0198176174084426,1.0082957788918674,1.0191252222386566
0.6416424933443885,-0.006868631946384597,0.2799199947683026,-0.011196759657964562,-0.014673291943443982,-0.01476301943086837,0.026172291740999127,-0.014488942742008425,0.4180181287485173,1.0185788847596982,0.6411606015197936,0.9981079663560399,1.0148967949575738,1.0147956476081137,0.972013581604166,1.0149490000411663
0.8411489415902601,0.010467794971469482,0.29381148073805274,0.021670031504761336,0.005407299999449592,0.005405669159948457,0.0971648536912727,0.0048854313590866,0.596718417748304,0.9931086360545182,0.635162197308544,0.9951422929124327,0.9945242047415027,0.9945193122229994,1.0003120541310286,0.9940969247922056
0.5488413986480516,0.013762264551493797,0.29259405469482375,0.0014559145070653784,0.011969030548943993,0.011981908351475768,0.05918227408106767,0.011643866035016649,0.26718148520704743,0.9897710825181623,0.6475434802362157,0.9628323293470034,0.9880535056054867,0.9880535056054867,0.9526411583684191,0.987802388456117
0.6029386339777515,-0.011403113641279194,0.3293945603922979,-0.03580020651729718,-0.026896194596844527,-0.02701645137010894,-0.008244703110126322,-0.0266272870899616,0.32461000059636314,1.0393795157548755,0.7671265322490524,1.0030669809279085,1.0269813764779068,1.0268761518013005,0.9581293630851438,1.0273755514569403
0.6244405847561653,-0.0267749151079141,0.41767395061976675,-0.030843397988107635,-0.023537994397245153,-0.023555859990731034,0.01953595149721101,-0.024034982725125085,0.37381345951680556,1.0174750616260826,0.8248855879931607,0.9980746512452794,1.0236451879581605,1.0236451879581605,0.978318553139621,1.0232245344388111
0.5656306337000022,0.03757124723384342,0.24813556383052165,0.03724909872881886,0.034262782087241185,0.03434815144107269,0.05886204193091661,0.03464130658064504,0.26599522866386116,0.9654682239110634,0.5752094712116853,0.9471073698671885,0.9657549360805352,0.965804869098814,0.9196409883287945,0.9658982921652711
0.6982360371288066,0.011270189236008721,0.3560360748040499,0.03065443920583071,0.01225305722148607,0.012385523622191004,0.12642764691549788,0.011777159411546122,0.47356634303484046,0.9833526561279687,0.6710770172612229,0.985215362676153,0.9876095702148199,0.9877600258798181,1.010554059127045,0.9873658974530294
0.6296037760402615,-0.012489820426298141,0.3148943419531497,-0.01692812583067524,-0.015262313850724536,-0.015604739947894145,0.027160474854176955,-0.015535262189048138,0.37574104869382063,1.0123591360703734,0.7006273202195191,0.9978068540568419,1.0153516423978122,1.015024104391824,0.9780056927857298,1.0149926739771078
0.5636397956522892,-0.021600698060979914,0.2856579742506344,0.00833180143451662,-0.005336330008198556,-0.005324798500412729,0.01158368663011982,-0.005932673696551321,0.2719999765180642,0.9869814643296723,0.6940366878967794,0.9958557832499937,1.0052951460518207,1.0052852619022898,0.9411552523887959,1.0046493816158142
0.7711399307718514,0.01832320484349907,0.306697242872682,0.03285954137476496,0.016729083207126794,0.016634462305169084,0.08927284387077214,0.01671464951021799,0.49149722192483425,0.981737737432338,0.6633480248092483,0.9786008139708249,0.9833831788799416,0.9833302553246094,0.9696647518401746,0.983360726462528
0.6576472100292617,-0.022110757412338974,0.4055212762376112,0.01792310581783693,-0.01620330382966254,-0.016163062320243764,0.032820512604668096,-0.015939319527875365,0.44786119868564067,1.0040664645889594,0.7524218192499574,1.0247071396000385,1.0161405270749693,1.016200084508909,0.9919231867067494,1.0165268455653895
0.8035185074673078,0.004838292964961713,0.30807976187530783,0.020137685610654616,0.007614439106982505,0.007678923740418366,0.026944948068486418,0.008087326418845487,0.5616199422807682,0.9857023073456392,0.6466305305749057,0.9817985068445606,0.9922450174611701,0.9922830468603758,0.9262226735356845,0.9926699546609911
0.7814259384645804,0.004413641550902674,0.3475475315568051,0.01410137523798555,0.005466656082107334,0.005590167560955399,0.041826535278380136,0.005631338053904754,0.49750098430630463,0.9899174982660708,0.7305528935681216,0.9787349589888267,0.9945396778398848,0.9946568553967408,0.948545903293463,0.9949608836523668
0.5951425594303403,0.0032053510918083963,0.23963774330090556,-0.002720134587913143,0.0020183079835554775,0.0020410109938226095,0.05795690363817904,0.002812913342905109,0.3381997807817687,0.9944043462557807,0.5994611580051561,0.9818836360934572,0.9979573673625869,0.9979979084523496,0.9628650000639624,0.9987908921681088
0.5508823855182462,0.00830233926898652,0.2876520894523559,-0.002285388400239944,0.0009359046063150792,0.0009066791657314147,0.02185157825069099,0.0005007702687360741,0.3292153735805061,0.9991485244442599,0.6282387161834456,0.9805757569533411,0.9990462354022172,0.9990153863260455,0.9215712160505105,0.9985136829293593
0.6741714737604407,0.002755548525138448,0.2336816882066257,0.011208647018830719,0.0015592488718255233,0.0016914544938897548,0.040851727107525375,0.0022621958379231448,0.41061424883850817,0.9951468964223547,0.5957101810468508,0.9914773842782304,0.9982763002324361,0.9983843218992446,0.9563945265206977,0.9988921849596133
0.5307529379379793,-0.028196474979833255,0.39144577621598825,0.004556686566540382,-0.00985411844407145,-0.009855746415717475,0.012735616116169149,-0.009883421933699897,0.2810502838382578,0.9900026321924447,0.7544969979352001,1.006355607376764,1.0097922555215224,1.0097987674081066,0.9578143768072416,1.009824814954443
0.5835414180763422,-0.0013906471704419965,0.3912215739668039,-0.0027257209069971294,0.0006119634343907025,0.0005888880858576508,0.08957072850766679,9.276809239703978e-05,0.3111509324147147,0.9950811875858333,0.7524851037403182,0.9815903498899027,0.999564398157969,0.9995808805497783,1.015748458675543,0.9989397155083958
0.5530128053529471,0.02626857461862215,0.37251324224529936,0.011767216485229893,0.023125910632900423,0.023172961358551392,0.08713274434519153,0.02323623647235787,0.28005284247622475,0.9743414623760249,0.7033812006685318,0.9509718536768325,0.9768984259493328,0.9769681908184015,0.9568970002312237,0.976966568379586
0.7291345807451374,0.029401361670071242,0.41451441163295333,0.05909815376768929,0.02573975489070196,0.025752837898399574,0.0778248439108593,0.025651444588743078,0.4809490861111989,0.9727246270807908,0.7322196965755812,0.9851796504089179,0.9743223893958617,0.9743060356362396,0.9331043736445337,0.9741719348073391
0.6901273901966962,-0.03736004196369883,0.30641167839752775,-0.0036355756983260865,-0.030857010235491124,-0.03087302755501873,0.01924356351490518,-0.030759304586372733,0.4863161982554971,1.0224927659781757,0.6922028234633344,1.0389681808442703,1.0309130708538377,1.0308890448745462,0.981938514666232,1.0308762310189243
0.6559198463801922,0.01642007098392705,0.4801577979941305,0.013079892584389092,0.01940088340772221,0.019526019774275507,0.09503779542723065,0.01964153026647855,0.3956924875734752,0.9739668891649531,0.8175849344707351,0.9582686924120815,0.9804964405992084,0.9805991165922778,0.9594270059588953,0.9807114184596974
0.7204797164313129,0.018373430111370617,0.3794454161402276,0.018430571800736886,0.006062570591237793,0.006194313930610024,0.05593297998564898,0.0061609812784797005,0.46657360370916834,0.9999198468315807,0.7462678877347131,0.9836757343600697,0.9938898113342903,0.9939739365991906,0.9474129833805759,0.9938977476800356
0.623973216303628,0.015529860481778996,0.28755180982843187,0.001349484151067074,0.0027872681741549234,0.0028860001242382092,0.06572117291864936,0.0034506234637769998,0.36489475632448154,1.002138530522969,0.6480441049828647,0.9736142530692197,0.997030694792879,0.9971664512242435,0.9820512067411805,0.9979439653311494
0.47808647549999816,0.016575478475083363,0.2881508410181904,0.026212474591043103,0.018056467588045463,0.01805809326215409,0.05732787703022486,0.017762220574383397,0.21249734573030998,0.9774745542873302,0.6232482943873559,0.9693331783513102,0.9820069337021912,0.9819776715682358,0.9393655018328213,0.9817468258448103
0.6507198262541395,-0.007052016277707654,0.3952616570004118,-0.00023971262015704255,-0.003941911655590193,-0.004054538310296982,0.06615048242507462,-0.004163947060583576,0.4062740878841258,0.9953259725705209,0.7561487907307645,0.9907018439187022,1.0038968609937076,1.0037761895779502,0.9876448347195179,1.0037021777762858
0.5797526814917816,0.010481859429678655,0.38450509355605367,0.03393682223524748,0.010087292972155697,0.01014365960894469,0.030221455633184357,0.009831227393599982,0.33217525376308366,0.9839652216089371,0.7327745518978009,0.9970519441960046,0.9899867888933385,0.9900367136287801,0.9121718415684638,0.9898031947049399
0.517911497218317,0.02364633458638777,0.3764065904482864,0.02707205411988141,0.025202902841300813,0.025286998781678376,0.04036873299467376,0.02559958180534593,0.2495759213645653,0.968280455137366,0.6996145529371762,0.9598676876678971,0.9747225215134587,0.9748288314758228,0.9059383891480353,0.9750319311054139
0.6145191335487082,-0.002689181761015739,0.1923795587178167,0.0031285258866368035,0.00010212678436927671,0.00015698124764186263,0.060142687741783406,-0.0006109812381743404,0.37554280497667836,0.9910286901396432,0.5378164127704006,0.9937306642734128,1.0000044476014174,1.000037360279381,0.9689740613633052,0.9991706597596741
0.509415274917289,-0.02916534685897033,0.33178872387092956,0.012706888514517928,-0.02570732844021945,-0.025612093365059166,-0.004553647866255711,-0.025689266615620085,0.2927732640545354,1.0188750327894966,0.7151884399279607,1.0455244339938303,1.025712254392383,1.0257845016907803,0.9534616720268196,1.0257401681213092
0.7308908651121034,0.031131440991238674,0.3001687037705706,0.040651346511692624,0.033654519746911554,0.03360975028863599,0.11530281927697215,0.03443318853906155,0.450909910398843,0.959444588041755,0.6237104258871768,0.9550827636783358,0.9663454802530884,0.9662703315195544,0.9593998185834794,0.9672168857802378
0.6469455815211916,-0.005807106167034751,0.20134315892821367,0.013141037558186358,-0.014267778249715202,-0.014212649301687004,0.04624597084911904,-0.014556394507039295,0.4107403768317257,1.016531307998167,0.5734940029281482,1.0254767905355662,1.0142402137757012,1.0143099356805603,0.9892327500863219,1.0141834633880251
0.5699072749657396,-0.021982904357794868,0.49205267538205233,-0.001993470213024588,-0.01289125183495862,-0.012827033911435144,0.038232637082081355,-0.013374491709472785,0.31409749522189223,0.9999995036876206,0.8765887091563789,1.003295488612463,1.0129683133431868,1.0130196876820057,0.9854300622882318,1.0125733731135174
0.703216565793777,0.014637874780627943,0.22351461877757764,-0.008215788532562251,0.0005764647309585594,0.0004900583851460982,0.08525142301034737,-8.707079254467995e-05,0.44577568962990244,1.0075163862240049,0.5895134610431374,0.9756145112266795,0.9994382080447455,0.9993485410821099,0.9950282237914868,0.9989833519979213
0.6788949691551581,-0.002580426129747207,0.33270121267356023,0.0026149643299331043,-0.0038469966255799347,-0.0037146195802090303,0.08893623790333807,-0.0039336137046497854,0.4099970339536596,0.9963538021437824,0.7193621889854633,0.9902088923833553,1.0037571109774885,1.0038600709016658,1.0148816856421767,1.0037146195802091
0.63706869165864,0.021665449581589696,0.147300060486688,0.021095310821841937,0.00983830974159501,0.009912816511334773,0.03406434789371779,0.010000280980159712,0.32428821024459287,0.9994215859671491,0.5410769947891354,0.9822283389935058,0.9901438734221629,0.9902021830680462,0.9352210461372574,0.9902588730015438
0.572915526701274,-0.025415389447210404,0.2623053660225219,-0.015850204757392173,-0.01714845375631793,-0.017099401527139374,0.03339169304065326,-0.01755885740711184,0.35670596994764125,1.0017542291657815,0.6186873856930798,1.0012130195705113,1.0171533589792359,1.0171893306139668,0.9859921128564058,1.0168623157527763
0.5369652937717647,0.012085847625918657,0.24514135155800948,0.021961644705140584,0.011399896369052585,0.011433164212919069,0.016233238827940314,0.011887824745761015,0.25805567833641563,0.9846713296886198,0.6137554649568611,0.9786324239353323,0.9886349556578552,0.9886603025865154,0.9058233713589705,0.9893700165890004
0.6282448197572568,0.017753511251848052,0.37573636769888075,0.034366162188966175,0.011966218861207016,0.011847751465105373,0.01605174311595554,0.012183942724312736,0.35566122439125936,0.9885316643845715,0.729702816653097,0.9928861416466859,0.988033781138793,0.9878784927952543,0.9094242601823208,0.9882178858759779
0.5570875291398711,-0.00556414052388049,0.34392501441596757,-0.0062726347562946285,-0.005858263129538653,-0.005877762970797757,0.03236630069862143,-0.005746139042298801,0.3187228568412055,1.0041780268077125,0.7072718188098119,0.9829605745310349,1.0058452632353658,1.0058338883279647,0.9553227995197972,1.0057835137380453
0.7582172929335139,-0.0037664538672378396,0.49434521061808817,2.317562160852617e-05,-0.0017638576501618401,-0.0018379059901523249,0.08386070615883541,-0.002241058063433853,0.512447490437039,0.9970988122307612,0.8492621241990916,0.9860014343441873,1.0019333460728068,1.0018560066954834,1.0025207962367313,1.0015450036675233
0.7289467240139895,-0.03445326007455727,0.226282154518122,-0.03354129622889278,-0.029965311902372983,-0.02990621792288159,0.036127311322299634,-0.029965311902372983,0.51328588645956,1.017050881681632,0.6185817751057399,1.0063692456049171,1.029942952018241,1.0299908660556665,1.0076453561350152,1.0299253835378517
0.6719595881792705,-0.027097872966386966,0.25052945677028354,-0.0038838474311630833,-0.017701175226864957,-0.017619493222870503,0.028793855086858264,-0.017738748948702403,0.39915439813838116,1.006035351416377,0.6547226858763093,1.013104112042057,1.0177126107074241,1.017787758151099,0.9888494577759438,1.017611325022471
0.7914943725611426,-0.02204224339913719,0.24381677771325916,-0.007600194582012085,-0.016306311707584797,-0.016372795992621626,0.051373028352780854,-0.016145087316370488,0.5680459924895231,1.0041928749738747,0.6235337767812603,1.0037490923712538,1.0164110244565179,1.0163362296358514,0.9881236232804731,1.0165639383121026
0.5805087167314175,-0.008077168400647825,0.31254229424746743,-0.00029694368723141417,-0.010388428384670578,-0.010359517557907262,0.00874893277560121,-0.010736964462872757,0.317066648674329,1.0073543977315649,0.7019934269863102,1.003504439300917,1.0103836099135433,1.0104446438811547,0.9462577899954694,1.0102583296642356
0.5868798834791913,-0.009623718799223134,0.323850721114245,-0.0007423285238013618,-0.01369570954912847,-0.013679467065084173,0.06352268384586539,-0.013175950059710955,0.355488534634833,1.014650767610933,0.6985639068668852,1.0023259707181202,1.0135868849060317,1.013591757651245,1.0017704777638055,1.0141797355736486
0.6195741476023726,-0.008763397308994727,0.3440192095430048,-0.00798644640941905,-0.016314046896420315,-0.016296850800051436,0.05120564385523571,-0.016112383584458018,0.3572924129370221,1.015779404627497,0.7511158486955815,1.0065341579069929,1.0162843445481469,1.0162780914221945,0.9973373729126193,1.0166501524163576
0.4804511044644387,-0.014231932830639555,0.4034469492423679,0.03767842287239441,-0.005422785347956175,-0.005354972995633466,0.02540438710198403,-0.0059039301334839695,0.21709127295792296,0.9899131316238622,0.7970451141391738,1.029667315883142,1.0054857539608273,1.0055487225736983,0.9422006834455674,1.005211275391902
0.5496325185732291,0.019236801764733254,0.4304519071929569,0.024525146043961006,0.012524094469976212,0.012353772046079391,0.04012300645200219,0.012307016870892027,0.2897133598276228,0.9894045565065025,0.7685097313338084,0.9743978150990444,0.9875209908775259,0.987369036558167,0.9415857010836275,0.9874274805271511
0.5270905729166292,0.026128647699367517,0.21970266612600944,0.031169440492071293,0.010151590634744174,0.010230636062398464,0.10090562226032575,0.01000996757686357,0.26146126132840253,1.0039761327787173,0.5714856624872415,0.9905861666900292,0.9898681707221694,0.9899570968282805,0.9961522822206854,0.989700199188404
0.4696908511836407,-0.015370411303174772,0.25855955998096203,-0.03503204759360679,-0.02959386202514467,-0.029503798729069566,0.05126169016213459,-0.029220508725051515,0.2265977017918971,1.0374850442757977,0.685565171134044,1.004466202420191,1.0294481232369503,1.0295087112724919,1.0107247827401735,1.0299410150936523
0.615765731862688,0.013938685977052868,0.3197071632245505,0.0198802329811176,0.010698282488694739,0.010678907878898875,0.02800949634129856,0.010875883078490151,0.337207246510303,0.9858950152888659,0.675265125533423,0.9844080139870335,0.989250051885183,0.9892419791311013,0.9284638282014783,0.9896004094123249
0.7140004744849713,-0.00012229827422126843,0.28866673632576584,-0.0010395724384038233,-0.004056311657069193,-0.004051344468454486,0.06284509606488084,-0.003677149592813228,0.49508174014435125,1.000569345249545,0.6242915618491856,0.9915108489458576,1.0040000168527692,1.0040066397709222,0.9850584709353533,1.004167245536131
0.8106323625536715,-0.003924921531034358,0.3530735692113067,0.00016039609416149296,-0.006149471947906172,-0.006070598597380326,0.05882768194345746,-0.005795346700647273,0.5941231371019617,1.0039667726966195,0.6951840440287924,0.9899080003804411,1.0058790490318175,1.0059369967995508,0.9835482328717143,1.00628790272638
0.5900893720691602,-0.03170713954400958,0.34188697364478965,-0.014386165878009565,-0.029982666845034398,-0.030120559770164118,-0.008954806897606077,-0.03062021884004592,0.39452664429548545,1.023923489487864,0.7213361213923324,1.0208395547740803,1.0300443130939159,1.0299713109570825,0.9560720589755054,1.029508964090471
0.5920806513719513,-0.016191733658963075,0.22068939117769576,0.0051156270257288325,-0.014169867316620049,-0.014243450541651556,-0.003122349485753182,-0.014569558016223012,0.3546333872830728,1.004615754484688,0.5981938621373644,1.0178456838761485,1.0142702080780266,1.0142166930052765,0.9368924299193256,1.0139340665273144
0.6219896440401385,-0.016851092968103946,0.26658937691821605,0.0008313120363142673,-0.011495923060816819,-0.011258799638473347,0.09294182587401761,-0.01193038409638573,0.3860964238050104,1.0001744732181896,0.6492429481764046,1.0009017578088673,1.0114243086044044,1.0116152804881708,1.0205639046749988,1.010953244624447
0.7991685596743494,-0.007397674989338258,0.3442870286540054,-0.021575181554563155,-0.008973308969564652,-0.00878615244602507,0.05283793227909329,-0.00907728481597553,0.54551297080612,1.0071529318431711,0.7262597833215727,0.9797081072759181,1.0088421394402463,1.009014899308129,0.9799560496788978,1.0085925974088603
0.906433292408687,0.013014330601158855,0.4007802967090574,0.028872826847063042,0.010946109058909305,0.010917339362031027,0.05025510489359663,0.010840620170355619,0.651219332081937,0.9853457966767792,0.7404213755695316,0.9874987289931705,0.9890746690555028,0.9890474976751178,0.947193981983196,0.9890123347122665
0.5347280116821238,0.020930681331386394,0.33986023929227854,0.011432533752607048,0.016753755939053185,0.01678603511519177,0.0596059762218349,0.01637286166061785,0.27517992003773484,0.981254618893196,0.6643957700815941,0.9686431447758499,0.9832091230083875,0.9832349463492983,0.9428262597002076,0.9827443028719918
0.621258299074075,-0.006589810769021339,0.2598172203952855,0.003952023057763439,-0.019499872731728523,-0.019628617608931743,0.057975745148393903,-0.019272875185080737,0.40414509801197096,1.032619992125662,0.6241480710022274,1.0234553896826433,1.0194964847086443,1.019369433842983,1.0078281332063312,1.019679437955196
0.7308704966080851,-0.01372377487198951,0.32796957526928905,-0.004820442619475843,-0.009411578066992454,-0.009588347323007751,0.09487579603685888,-0.00956077780601454,0.5006161419572702,1.0051042464708766,0.6921918503342173,0.9897707298137697,1.0094732040461538,1.0093126521530755,1.022985510845415,1.0093531955604187
0.5863967500412783,-0.006570902285857296,0.47781686749180335,0.017972415515470484,-0.0056230912325539876,-0.0056005626166859964,0.08429505144398639,-0.005301253863011268,0.3508385261505006,1.003336436721953,0.8412366088043715,1.0062715935321827,1.005515275713757,1.0055072297795187,1.0027185089724309,1.0057325159381985
0.6101808249473399,0.007491330375527189,0.34879967108857124,-0.005570757590624538,0.0026059618819721363,0.002678119053411016,0.04295166033059295,0.0020434639318917796,0.368114625870988,0.9981549682895652,0.6885974229453427,0.9673684551208813,0.9974825946466119,0.9975383524609056,0.9608956288556709,0.9970102931608302
0.7458891733902809,0.007842015840040763,0.34757414738386067,-0.0005900946545337548,-0.010210479012720541,-0.010053256147757915,0.03464768682740553,-0.010827785629889588,0.5179076243316425,1.0216215490539553,0.704051221559762,0.9960538012559805,1.0100995955184837,1.0102386136306611,0.9767203537981552,1.0095700027101886
0.8143529067841014,0.019306082355411557,0.3318508995932965,0.018178647540248522,0.01686678170980277,0.01678499056389478,0.06108371668684411,0.017060835212839368,0.5637467120250557,0.9818550311668901,0.6474527329960649,0.9675560143646231,0.9831733119891717,0.9830658608759201,0.9490664041455412,0.9835213252962705
0.8058795968632919,-0.00013547032309579938,0.2849432134898381,0.034541984342758125,0.007481069635745682,0.007501535741463941,0.0725506912932149,0.007098510890396678,0.5177729732810876,0.980851675789022,0.6581909246140658,1.0049575996934825,0.9925519909965684,0.9925598625756908,0.9759665737856559,0.9923189922545451
0.4873035055772035,0.028633698427026958,0.3475941973167147,0.02091926470831588,0.018123924503572038,0.018202463305196148,0.06409476877665586,0.017675131351434264,0.20103529558609246,0.9912157815589523,0.6948904858638704,0.9620346096738798,0.9819337774731314,0.9819690397922279,0.9543602467723239,0.9815266579708349
0.7738989779147117,-0.034640957571257854,0.15640079546668004,0.0068744363532185875,-0.02400809726760806,-0.023943454780960775,0.007872251147107469,-0.02463960463716232,0.5326108312718558,1.0104994750579828,0.5532135520161063,1.0342763076465809,1.0239616872771946,1.024013069766581,0.9716808330764586,1.023292057415515
0.4599584330322691,0.006121505702581277,0.3978483028867274,0.017285478323234585,0.004698270215297273,0.0046415410165075235,0.00936508106867753,0.0046815851568297,0.18790507651544275,0.9931994124177885,0.7714499798661988,0.9863985825864056,0.995306735302243,0.9952800392086949,0.913678423761334,0.9954819284161526
0.5236798654385072,0.005225785007554963,0.4401861587752107,-0.0027954802908297053,-0.001241124195562613,-0.0011098163944840834,0.04090047321307793,-0.0019862959666832676,0.27492351196227127,1.0026822273123994,0.8007226225160538,0.9808079890002299,1.0012279934154547,1.0013199088762097,0.9576091832446808,1.0005353447647656
0.5619059859400496,0.026775839115944177,0.22679753465664027,0.006994147644975119,0.017469343187173515,0.01753067919525412,0.10028621593557477,0.01702009837123179,0.29782022130955577,0.986320227474239,0.5689983171435458,0.9494639175375881,0.9824643476149015,0.9825207104331377,0.9799048125749974,0.9820814119968848
0.5364056172871613,-0.023952124896111048,0.2198027191838545,-0.02876686773659417,-0.021498169378200004,-0.02152343532947837,0.019799027986284932,-0.02169398050060732,0.2742213405156405,1.017809340491559,0.628497351096942,0.9959084980990826,1.021543963914892,1.0214902737684255,0.9787671292786679,1.0214871155245158
0.8427865646271453,0.007308396353832627,0.3273349272553587,0.027762865594877267,0.008073710820929968,0.00826627381587704,0.026250340873882734,0.008317294780350197,0.5725191486716542,0.9837547056755468,0.6854367722385668,0.9885984056253694,0.9918012055242326,0.991959205930343,0.9360237704921275,0.9919740184684159
0.6127166976614093,-0.010559131557144621,0.300746431713554,-0.02076223908144536,-0.023248195665989294,-0.02329376629870217,0.008773816521012156,-0.022784632333220353,0.3778077535365679,1.0297082257033219,0.7023492285086657,1.0046930911462075,1.0231696256095877,1.0231476259937953,0.9619085526333265,1.0236756167728136
0.6395703158072921,-0.0077137540008919035,0.3769836865310815,0.0279419468169594,-0.007871210520442653,-0.008012265319206863,0.02665769207937361,-0.008207445796566647,0.3985505636447757,1.0039790821777976,0.7306165223448327,1.0204759329448958,1.007922055854881,1.0077711600236448,0.9727731682093336,1.007741636926229
0.6008532194575563,0.02219684137972843,0.3195239823493368,0.04519246895252476,0.020719674265893197,0.020815029334396717,0.09215400374253921,0.020940496529796085,0.3486119400274552,0.9745677778749066,0.6455325672839696,0.9850601812021711,0.9792786528381682,0.9793873910741809,0.9600989009014513,0.9796182507137158
0.51339258032106,0.007496827184943694,0.3894206270884956,0.006484458579659754,0.017811249351822104,0.017879718726092515,0.06198051664902514,0.017739519531157863,0.28570034311438663,0.9674482725016764,0.6968149195818907,0.947652472221543,0.9822474386832668,0.9822767827008113,0.9386976562008913,0.9822295062281008
0.6464103545101828,0.020725883403717636,0.21506393113012162,0.005133905932951814,0.009390953469531916,0.009419245028610048,0.10178452858128098,0.009212883068275439,0.3801903678606914,0.9949542971629977,0.5675304152386516,0.9727104748901557,0.9904992087128707,0.9905324929000213,0.997926575075559,0.9903194741022566
0.6174547844131564,0.017826226702203216,0.3793750020936849,0.04999383407256395,0.020135764017013516,0.020110876761465994,0.01803030219769292,0.020618576774635498,0.32579397718663783,0.9707571596029623,0.7477242119875243,0.9799339202985196,0.9798542810807674,0.9798111431711518,0.8970510635734128,0.980461530116127
0.6619083484961531,-0.03874518231386559,0.23558394819106038,-0.01025649700280251,-0.03606283735158958,-0.03590080574800711,-0.0030308500470063557,-0.03599224932626652,0.4377972372726593,1.0304591107049208,0.6546757365311342,1.0398344838864646,1.0360580245316813,1.036194387762419,0.9712742600181464,1.0358350305425925
0.5993297199075976,0.0164337483452257,0.3674407031955048,0.012207913898492689,0.021170380125312853,0.021136326969755908,0.06857885897592156,0.021746040612108792,0.32423716165542593,0.9696790505028858,0.7089956583991437,0.9476174704384949,0.978896104606965,0.9788490788207197,0.944155399623539,0.9795544656143992
0.5756864800360605,0.014615981818610796,0.28367831989932824,0.006973193311676187,0.002816950973706557,0.0028328205511711224,0.05478346933917182,0.002940733677930166,0.3196965044442862,1.0013139000403197,0.6538018927212706,0.9842572781814051,0.9972703317023486,0.9972957230262919,0.9541780810550682,0.9975226579840352
0.6780740224924026,-0.005508589247352268,0.36646476117586246,-0.017304648300630703,-0.012843191401984427,-0.012894320852578894,0.004118591498451174,-0.013689301342467066,0.45531281808586743,1.0142682186701657,0.7234142156207475,0.988434651423032,1.0129405022918254,1.0129207102464342,0.9473348198306599,1.0121174830709663
0.7037304624286265,-0.02846915187314633,0.22177515804672332,-0.01764155073048955,-0.02346621272890138,-0.023449712269982367,-0.013551086964466056,-0.022618089140464075,0.4594887771064732,1.0172389395328656,0.6149181499859063,1.0155608428608018,1.0234777630501446,1.0235256143810099,0.9460939108117543,1.0245354424668536
0.6308135933703156,0.007712778174224323,0.42380408274925113,-0.005929345516105674,-0.008217185507744688,-0.008026123923860488,0.04659952601212572,-0.007366389907713335,0.37945964102468877,1.0183369174336454,0.8163456311482746,0.9901332882433547,1.008048985993727,1.0082302495476685,0.9634483536941947,1.0089406067185198
0.6364450806757092,0.010583940097584829,0.2070363597500744,0.022928085402766373,0.000629500877174385,0.0007432201345596048,0.042236333963031523,0.0003091649408779909,0.3820431078876373,1.0081461020976654,0.5771340998108672,0.9983422207673142,0.9991718908423218,0.9992631865841664,0.9475561614268839,0.9987826826797217
0.8935502193488126,0.01188943269936763,0.3522011978556889,0.01973554106106146,0.012536919201190969,0.012416833985313958,0.055079541085403055,0.012527182562065805,0.6136037255367388,0.9847855050393892,0.7015661461666486,0.9779714804249626,0.987490667942997,0.9873868104589952,0.9540777680118128,0.9875653155096232
0.5790751287017362,-0.0012979621937874084,0.2928041167905191,0.025262065292848013,0.009896773689125428,0.009995174531928648,0.05052648168257439,0.010001734588115528,0.3405592629668285,0.9784820867758145,0.6273813195977436,0.9867313574308176,0.9899621851028566,0.9900491058473329,0.9333456201819781,0.9901622668165565
0.5805181966417549,0.03477559075595084,0.3101074517680028,0.05334281123247919,0.020847718116861015,0.020896863750732186,0.07648876659800496,0.021373576399282543,0.29029922835228117,0.9907719479180794,0.6570616266182594,0.9907195259086169,0.9789933776669555,0.9790195886716868,0.9587994367092915,0.9794930249446457
0.6471007839225731,-0.0057726822441956,0.3609914634449962,0.020877898489381402,-0.001958497503857308,-0.0018578251096891625,0.0033885056251056526,-0.0022978608971015407,0.3532483219604293,0.9932828103741734,0.7603885927042198,1.0078007438621959,1.0018626963545683,1.0019844774765458,0.9269965338076216,1.0015931541379246
0.5568760689346126,0.025187886281266517,0.4086531789812965,0.02469851939256588,0.02315238015285059,0.023258057387952055,0.06318616841651976,0.02352143757389725,0.25519241357179134,0.9747747202355437,0.7827461776272446,0.9551041222741186,0.9769077745809764,0.9770199550305456,0.925577902786769,0.9772556965550028
0.8021392824983615,-0.008769904453708373,0.36858087542179574,-0.0016808902758847601,-0.006484974976336853,-0.006434198765728596,0.01536026118115703,-0.00713032423374501,0.5540066966502237,0.998255952973244,0.762556059214275,0.9862907846347502,1.0063211807485684,1.0064030778624526,0.9256050232464957,1.0057266077017684
0.663484229948065,-0.023211570707159904,0.2920864522427034,0.0062313642139818015,-0.015593737091569816,-0.015539358266684226,0.009479699312294518,-0.015908814400465734,0.407633676739071,1.003855907802295,0.6764394037889578,1.0197761084761527,1.015556951415912,1.0155969358459749,0.9647575327095562,1.0153058491951168
0.717489171412256,0.009946521571642927,0.3007505349451914,0.04401996523174012,0.008794595700690737,0.008724236592095645,0.05274122218085259,0.008832229642497413,0.44231599930726917,0.9869053173833116,0.6685434410572393,1.0014303826623494,0.9911841329408968,0.9911006837655864,0.9552928062657031,0.991107228798944
0.47435337783095244,-0.015076686765072962,0.3630450802076155,-0.0010028127451038136,-0.021399119023783834,-0.021366604586865803,-0.006491249696867224,-0.02161371430744283,0.26679756414276734,1.0223144004230265,0.7289707762704085,1.0254130262613146,1.0214852822816165,1.0215031652219215,0.9426101354840143,1.0213032014348757
0.4976435534742369,0.017761114592313217,0.2868726835302815,0.01722062236092533,0.007050279051986847,0.006886345972797126,0.0011048645067200642,0.007824497653704634,0.24928921905106594,0.9996726002945856,0.6281093492622181,0.9827144536473164,0.993107161628027,0.9929091434531642,0.9051416451946995,0.9935567602709533
0.6094117857131975,-0.004470408206402558,0.22239091273534603,0.00517707137867909,-0.010409509282558101,-0.010520254374548215,-0.016460937523446476,-0.009594741820059404,0.35876798521255726,1.013856845788936,0.5976530589989468,1.0088590779946964,1.0104632997558105,1.0102908538268545,0.9203183769486003,1.0112116201631152
0.44232595024527394,-0.0015730864674925063,0.306091139125373,0.01855323210662872,-0.003948262298572573,-0.0039498902463663225,0.015536644844811473,-0.004088265808835004,0.19112206861857117,1.005288063332828,0.6739941755136931,1.0078048706219644,1.0039710535676851,1.0039677976720975,0.9344739622525322,1.0036438360611415
0.7391483459166368,-0.0077178213069751655,0.18580677341821955,-0.007199703370379848,-0.01362503648699233,-0.01350095646334167,-0.0011046913978103364,-0.01408949819714412,0.4391160826566032,1.0145003036808524,0.6164918299793724,1.0029994268940974,1.0134858656496544,1.0136132991874578,0.9440781832307982,1.0129660709559827
0.6620682490813738,0.04726635370786404,0.49310527278645616,0.052727134310551496,0.047805490781850916,0.0477812780390072,0.10107836758660824,0.04804116147886315,0.3766463125428815,0.9441558785940334,0.7973701605611089,0.9363335484726549,0.9523252580295052,0.9523042736523739,0.9196622679333241,0.9524882904979862
0.7181031962008454,-0.00435320951649155,0.3152753895288799,0.01851581710711844,-0.003964728227504212,-0.004099572972441966,0.0433738037185603,-0.004247260074040458,0.47011759360810246,1.0017333687577008,0.6761523374000772,1.0068542584761704,1.0038443311338099,1.0037544346371847,0.967118401673263,1.0036645381405596
0.48122237237522875,-0.008439981103725763,0.38038064935216404,-0.009051359862419568,-0.01750985002924182,-0.017516354058589628,0.037276841182005596,-0.017225298745275293,0.270183869907588,1.0236333936602016,0.7496088811930952,1.0077505539928582,1.0175895243887525,1.0175618822640242,0.9707491310331875,1.0175602562566872
0.6688928313589321,0.02654854145734654,0.26138805064063897,0.021798480773462657,0.012219164790686273,0.012401797270195929,0.0022794324987890644,0.011553283537960802,0.3974512452020579,0.9959556589381618,0.6035786659031465,0.9855811643720337,0.9878503325245254,0.9880345812206679,0.9006958505992315,0.9871909161383312
0.722051489565334,-0.0004863185556082268,0.39739823464210305,0.009028378889430179,-0.004463044676999895,-0.004380533272528383,0.013903023235953,-0.0048820731820611,0.4940652931936653,1.0023695200223697,0.7419732347343352,0.9987357824842714,1.0043821511432043,1.004479223383759,0.9398485256224269,1.0040035694050409
0.726376251296204,0.0008699566550684992,0.4109898067542785,0.019257984885517762,-0.004782567770011732,-0.004754519633635094,0.09618412362438693,-0.004830414590889527,0.49337429765325935,1.010159560502451,0.7768832102579475,1.0027812507450198,1.004870011959892,1.0049013598770187,1.0088313987504982,1.004874961631017
0.7690029025004524,0.02902648208696966,0.31404398234207104,0.04126493301117839,0.03279857441742949,0.032801781978934984,-0.0015111072260769144,0.03271357403753392,0.49923905108092037,0.9593669566054037,0.628505383533043,0.9567191145826193,0.9671693499675156,0.967204633144076,0.8453654093579226,0.967090764710631
0.5064061775015913,-0.04587954658642206,0.24293706251259337,-0.045182123433579295,-0.04020839515935852,-0.04048369377232277,-0.03032434071572085,-0.04004655294446438,0.2777430251700148,1.0294867655417326,0.6589064683923351,1.021708328368161,1.0402050582064741,1.0399114063526456,0.9616531873073415,1.0402551124997403
0.5522474586970042,0.001785533618024188,0.3157230262380661,-0.005848724991647285,0.004142925562329335,0.003951649632328775,0.012351011962002488,0.0032855395953970004,0.2864683415547167,0.9911120890864287,0.684677982071321,0.9647025878740707,0.9959258666581094,0.9957262014329334,0.9162040724647181,0.9952413001717917
0.5945757358837416,-0.0010409148350064617,0.3833831071983926,0.021186568324658654,-0.00608063232940481,-0.006143709666465637,0.0042915461980588,-0.00664509362771836,0.3397251741483651,1.0055242578691759,0.761770784319505,1.014374493469095,1.0062067870035265,1.0061809091216554,0.9298945307332449,1.0057490719679312
0.5481097516021888,0.019459140569432546,0.3955547813239491,0.019643737718540083,0.016495870544285234,0.016604361851216855,0.050131414239563916,0.016427861068298247,0.2716376093872519,0.9815836713957012,0.7407443049201627,0.9684805123555417,0.9833697297769786,0.9834685054444835,0.9378778674346351,0.983147889343402
0.5102736527731322,0.009400401889116929,0.18298438836654302,0.025278436277035514,0.008452312645706088,0.008432629132002056,0.034209830620239724,0.00885254409102139,0.2555647070324767,0.9824555443158401,0.531957325878867,0.9904388494156335,0.9915542485255285,0.9915411261830592,0.9340062156261757,0.9918905085513058
0.5507314347100628,0.02591660786255277,0.42653155880725974,0.026442837734360444,0.02933870638866793,0.029341915107398465,0.059468575268387905,0.029608238762032835,0.2654073776709388,0.9649385437554236,0.7500891549962873,0.9513399937754179,0.9707318854234038,0.9707270723453081,0.9227406837301629,0.9709115736723137
0.5638727031726902,-0.013459789999331567,0.3652707353302713,0.011997978187782948,-0.008828630886879685,-0.008774203161396323,0.05905394849905951,-0.008226724275651926,0.3180607537302561,1.0005572174288642,0.7456449651275419,1.0084012131602897,1.0089054700287385,1.0089630993851326,0.9848740284123791,1.0094801627772245
0.5080965302092667,-0.0034748083457523805,0.27995884919827607,-0.010350706137754444,-0.0018572363545711493,-0.001914021730389949,0.09660373799729984,-0.002232019834975226,0.2642395410580024,0.9943323628389257,0.6403469319383116,0.9671759736830666,1.0019691846668997,1.0019059095338445,1.0199587917262953,1.0015376158106768
0.4641473026294256,-0.019317171630807123,0.41591505612625246,0.006249720366817835,-0.00530189545293718,-0.005322746745030601,0.05501126890005475,-0.004958651106168564,0.22612118883272214,0.9872366567723067,0.776154215073973,0.9987417581712379,1.0053083112351198,1.0052858559974807,0.9758550591803904,1.005784683062177
0.5240815769997919,0.00830285856452689,0.3481932233125766,0.005416013172937667,0.006692388073600992,0.006671304371302869,0.02548283229099018,0.006348561543816208,0.2739852096817956,0.9914960353520141,0.7014232154879229,0.97312402153408,0.9934260050239192,0.9933887030890841,0.918256119038094,0.9930432547360456
0.6448400929561829,-0.006554700218465585,0.25573938185929446,0.011735034441292497,-0.004902936890022358,-0.004886452226065839,0.03130397902407647,-0.005140316050996235,0.3914607855424681,0.9982728050467103,0.6327154910125226,0.9978359614518626,1.004919421553979,1.0049540393482876,0.9559171094768298,1.0047776534439528
0.6610017173036139,0.0013836661758622852,0.255477647357673,0.038808586313972104,0.0034627387287147955,0.0034611245419501582,0.09228982219992658,0.0026766297743365556,0.433797857196755,0.9909069778362312,0.5900236948386218,1.008319210466371,0.9966518685315744,0.9966712387727501,0.9985646798476693,0.9957705225580826
0.7967775859343397,-0.0005936960144362289,0.37273158744776985,0.01340165763258372,-0.001776700724018771,-0.0016608478490113773,-0.0010832152046083153,-0.0017652786095814223,0.5271388939331638,0.9958567819842044,0.7627656926612298,0.9950996589700715,1.0017016411148592,1.0018191257205002,0.9143371512448468,1.0016216863137977
0.49842818203164885,-0.001378864044116965,0.2548712882543899,0.013213244614482648,-0.0008095352658216865,-0.0007410200546801343,0.02890812190955105,-0.0008552120732493879,0.23914877140890056,0.9941390900668263,0.6233934946925819,0.9996300948454564,1.0007132877073133,1.0008144292094747,0.9436450107700534,1.0007964847494137
0.5044102127541381,-0.02285299175046168,0.22247289119338945,-0.001271755629070115,-0.024891825418643976,-0.024997567197220693,0.045479328224160294,-0.024706777306134724,0.2518863797170473,1.0263193394294297,0.640953340698331,1.0262218587273042,1.0248422589599362,1.024683646292071,1.001663330652862,1.0249893061207693
0.6853643868169154,-0.009712649392284162,0.20401610453094543,0.005846827950295276,-0.010704999335707753,-0.010757228280098468,0.06762100760223487,-0.010428027660908504,0.42234910616486976,1.0089418767887,0.5955070491635055,1.0059300076621687,1.0107983783574972,1.0107160782026998,1.0061547503925772,1.0110990904615649
0.6307370264835469,-0.024085588815986117,0.2610884949821646,-0.02847564961804967,-0.017514823409561776,-0.017551433778832067,0.03948115452353815,-0.01833776084055048,0.3941787174376644,1.0086917244154217,0.6404312034359392,0.9796262747251823,1.0174272768743502,1.0173874829947085,0.9954355872292052,1.0166107064641041
0.5698771475576329,-0.021833683741793886,0.14535302437535585,-0.030602475032279954,-0.037610958080511576,-0.03758803313596129,0.025349127134782306,-0.03802688207449542,0.35511243387381697,1.0442067921268379,0.5529858177675697,1.0207676738202054,1.0375700206795289,1.037565108191411,1.0156177487765865,1.0372556214399822
0.7133835675009973,-0.02440738555138985,0.1733265652726554,-0.019978781744956743,-0.020440896924758457,-0.020428060391986188,0.030149483297353674,-0.019744515021862818,0.45259280124445234,1.01012192914245,0.5903608892228388,0.994212651337818,1.0205002658888302,1.0204713836900925,0.988786007108341,1.021110001195513
0.6163451123050628,-0.015811229893692026,0.34457496264432946,-0.021996451857177322,-0.002922820024880186,-0.0029380046941849783,0.013959157871091964,-0.0035504530228115914,0.3471931223231748,0.9876402939623461,0.7222527669660603,0.9693798855305945,1.0028317120090515,1.0028266504526164,0.9334512707699782,1.0022985613979054
0.4763352735088017,-0.019787862035230357,0.23774022657277133,0.005592858948077347,-0.010257075912139552,-0.010375844670587083,0.0503491572512704,-0.01008949807487797,0.22902384132228426,0.9987283714962601,0.6158780921252953,1.002439488455422,1.0102229095569697,1.0101041407985223,0.9859761861714419,1.010278226512959
0.7945449973498581,0.009678626993426639,0.2922722379111239,0.008458674551638005,0.0075720163063641745,0.00761985757859118,0.02571342673484456,0.007439655453202794,0.5497383393954882,0.9922270503502824,0.631006308527502,0.975827062230865,0.9924136313119677,0.9924806090930856,0.9211428933663238,0.9922429974410247
0.7081700814215142,-0.029389425250749418,0.25786386647587256,-0.012750487137086468,-0.025637114301060106,-0.025505454267737676,0.03533432600852562,-0.025458891573026086,0.47537363869093074,1.0192227017019977,0.6587664314481037,1.017445291252145,1.025588945996186,1.0256595928433347,0.9932086058496802,1.0257896472664947
