n,theta,r,t
-0.06224371272967093,-0.03947901607736845,0.04714628634650986,-0.037014216805497796
0.02246266821425199,-0.03947902674553918,0.047146282100584386,-0.03701421677316022
-0.06224372403489211,0.00555272776465339,0.047146280118290154,-0.03701421675375771
-0.06224370601962113,-0.03947901998051549,0.04401802361503038,-0.03701421725499031
-0.06224371261648937,-0.039479018156675455,0.04714628490101955,0.028292718340203034
0.022462670474649487,0.005552727415407396,0.04401801788157579,0.028292718547163608
0.012925722138283524,0.08410307375015691,-0.02676202508802004,0.02129971591057254
-0.03956817862409586,0.0841030785522889,-0.02676203047222863,0.02129971719437483
0.012925722138283566,0.08411296812118961,-0.0267620250880201,0.021299715910572573
0.01292571613642695,0.08410307004426919,-0.061904944046141774,0.02129971621454587
0.012925726639675977,0.08410307666700749,-0.02676202064483526,-0.017051950957263966
-0.039568173171978145,0.08411297259347823,-0.06190494150117358,-0.017051960267255938
0.02709021671519923,-0.11245382497630388,0.031214204073573164,-0.0009563877441300106
-0.001066263202422602,-0.1124538289214898,0.03121419811052168,-0.0009563870521055867
0.027090214571217117,0.08320566226353143,0.03121420803492786,-0.0009563883617779712
0.027090213322986084,-0.11245382547106898,0.03769078886640877,-0.0009563875533381838
0.027090216686095403,-0.11245382098907913,0.031214203261899675,-0.061259408387640116
-0.0010662565344116831,0.08320566379309946,0.037690790893975624,-0.06125941227785211
-0.01884658992639742,0.08182108187207225,-0.07573132976540356,0.0330840617114315
0.026587883893322846,0.08182108306209555,-0.07573133008231198,0.03308406196366471
-0.01884659041631189,-0.11120141452960929,-0.07573133143240639,0.03308405582113966
-0.018846590398526177,0.08182108349541925,-0.0029733123988585353,0.03308406216415773
-0.018846588325686715,0.08182108461753362,-0.07573132196881091,0.011688753710283595
0.02658788896062305,-0.11120140532471445,-0.0029733050291219504,0.011688753794361309
-0.0010662644280172717,-0.11320992760010998,0.004709395596162527,0.028292717699918712
0.027090214904294214,-0.11320992219003123,0.0047093999261657166,0.028292717761360133
-0.0010662594706648126,-0.09105786990969342,0.0047093992794139386,0.02829271759967221
-0.0010662573816565407,-0.11320992310841882,0.048451236171078764,0.02829271763200979
-0.0010662628273066244,-0.1132099283147706,0.0047093978112873955,-0.037014217135341275
0.02709020210184257,-0.09105787824309017,0.04845123033414389,-0.03701421685400419
0.026587881513276308,0.05980747429485845,0.03284857221943737,-0.017051959711049405
-0.018846590243305757,0.059807469806401024,0.032848572206502356,-0.01705195839814326
0.026587889487725766,0.0840424650976073,0.03284858512213554,-0.017051961243851166
0.02658788480200911,0.05980748042283166,-0.03454469022108242,-0.017051950000071328
0.02658788286175374,0.059807479407431356,0.032848574356951994,0.021299716499116703
-0.018846590948265282,0.08404245511822714,-0.034544696122692446,0.021299717362530286
0.022462674723808702,-0.1038655065640342,-0.05584194115686431,0.011688749632513595
-0.06224370850153115,-0.10386550485175877,-0.0558419413848444,0.011688750410232596
0.022462670303260265,0.07374861314504712,-0.05584194447793475,0.011688745393055602
0.0224626812139629,-0.10386550339171667,0.025427683489397203,0.011688752074001593
0.022462675160366208,-0.10386551199998294,-0.055841947123149556,0.03308405645657325
-0.06224371868948869,0.07374861365598114,0.02542767918849781,0.03308406185371691
-0.03956817143221586,0.08392459305792316,0.04655545154754588,-0.061259413199473374
0.01292572293055455,0.08392457992239433,0.0465554420596972,-0.06125941468053497
-0.039568185287256114,-0.1131034536956577,0.04655545078599568,-0.061259407616388546
-0.039568180722805366,0.08392459191640632,-0.0786570799472328,-0.06125940653469622
-0.03956817159713757,0.08392459529891814,0.04655545548949799,-0.0009563868192748737
0.012925725706736566,-0.11310345337551558,-0.07865708357065963,-0.0009563873770983
-0.02889864908421362,-0.11045754850137102,-0.06729244092033092,-0.008546839938692985
-0.02889864908421362,-0.11045754850137102,-0.06729244092033092,-0.008546839938692985
-0.028898649042174783,-0.11267311265207051,-0.06729244105291504,-0.008546839948394253
-0.028898644196386977,-0.11045754262401414,0.044893262959602824,-0.00854683795478195
-0.02889864845686436,-0.11045754447857485,-0.0672924401765664,-0.026523740307311527
-0.028898640910887917,-0.11267310263873595,0.0448932622611109,-0.02652373975272186
0.02540955372387546,0.08344825787935409,0.04057909466145143,0.030937580534049998
0.02540955372387546,0.08344825787935409,0.04057909466145143,0.030937580534049998
0.025409553892030923,0.0809995797592112,0.040579094609711285,0.030937580521114973
0.025409550959011495,0.08344825383392172,-0.018827061049200428,0.030937581746709613
0.025409553989043644,0.08344825817039236,0.04057909488134707,0.025097457058210343
0.025409551211244677,0.08099957632819302,-0.018827060906915022,0.025097458141519577
0.024410908000492046,0.019647741619135312,-0.01085796204602556,-0.048575424007140114
0.024410908000492046,0.019647741619135312,-0.01085796204602556,-0.048575424007140114
0.02441090790347929,0.08409711152651445,-0.010857961645039424,-0.04857542431111348
0.024410915299085956,0.0196477509679324,0.036289884951353664,-0.0485754175881286
0.024410911777522533,0.019647744620063627,-0.010857961082365447,0.03478416736470533
0.024410904362513225,0.0840971051269055,0.0362898677412886,0.034784165815734826
0.006449606819336984,0.08411469232265115,0.04172572381018346,0.016847487461442788
0.006449606819336984,0.08411469232265115,0.04172572381018346,0.016847487461442788
0.006449616970106365,-0.05315165961251803,0.04172572557258212,0.01684748961189243
0.006449590498555684,0.08411468944783945,-0.07192422362600663,0.01684748976064532
0.006449602980865148,0.08411469383281661,0.04172572507458323,0.005771485212284849
0.006449612989349106,-0.053151663037068704,-0.07192422375859073,0.005771478702728053
-0.009532026031390847,-0.08417745463278457,0.019016412885523245,0.025097457035574058
-0.009532026031390847,-0.08417745463278457,0.019016412885523245,0.025097457035574058
-0.009532029048487933,-0.11322845170636561,0.019016407818223037,0.025097456353250898
-0.009532026322429152,-0.084177454600447,0.048153607249130564,0.0250974570873142
-0.009532026400039376,-0.08417745412831813,0.019016410899995298,0.030937581585021648
-0.0095320304648744,-0.11322845068449768,0.04815359982118629,0.030937581601190436
0.027484572584702032,0.08406295834477834,-0.08065794593454079,-0.026523739916026728
0.027484572584702032,0.08406295834477834,-0.08065794593454079,-0.026523739916026728
0.027484574512022318,0.05239700722773302,-0.080657947435005,-0.02652374023940255
0.02748456722798031,0.08406295708846301,-0.049193720423823376,-0.026523739720384333
0.027484572722136797,0.08406296097220749,-0.08065794648589673,-0.008546832253664944
0.027484576233998963,0.052397019711659346,-0.049193711197909114,-0.00854683191088651
0.018284748243685423,-0.1130396178794197,0.048788676290617616,0.03478416683436887
0.018284748243685423,-0.1130396178794197,0.048788676290617616,0.03478416683436887
0.01828475792555967,0.08385393753673671,0.04878868514464956,0.03478416568961827
0.01828475317193401,-0.11303961189049815,0.027271150068069506,0.03478416695725173
0.018284747710115207,-0.11303961513395837,0.04878867657842218,-0.048575419877629956
0.01828474272365893,0.0838539208408393,0.027271135907439133,-0.04857542707597739
-0.05072762569438456,0.07640355778211315,-0.042059234970818364,0.005771484206585763
-0.05072762569438456,0.07640355778211315,-0.042059234970818364,0.005771484206585763
-0.05072762678092762,-0.10628465629027531,-0.042059234372572966,0.005771477431860822
-0.050727626004825416,0.07640355717416643,0.01207587922949138,0.005771484879207658
-0.05072762498295761,0.07640355475531478,-0.0420592342981965,0.016847489162399892
-0.05072762603877996,-0.10628465201039536,0.01207588077037755,0.01684748943565253
-0.045094877140298986,-0.11283428502792964,0.04401802475493037,0.00882819194197916
0.025658166585748834,-0.11283428458005404,0.04401801838927589,0.008828192063245158
-0.04509486643170628,0.065679523696114,0.044018029904691454,0.00882819229930952
-0.045094875484614445,-0.11283427971809742,-0.06729243421998243,0.008828191728551121
-0.04509487714029904,-0.11283428502792954,0.04401802475493033,-0.054773808532950656
0.025658168076511653,0.06567951536595103,-0.06729244036897504,-0.05477380817562032
0.02052481342495112,0.07989081619436748,-0.06190494109048617,-0.0680386670735768
0.002816281779410526,0.0798908068294016,-0.061904940411396735,-0.06803866670492831
0.020524809059376564,-0.11318469186598025,-0.061904942060613845,-0.06803866155678404
0.020524815171180988,0.07989081938932133,0.04057910162050063,-0.068038667312875
0.020524814097572928,0.0798908164013281,-0.061904938154233057,0.014359684117759286
0.002816285816758579,-0.11318468923531734,0.04057909550384568,0.014359683947986895
0.027197306923982197,-0.06527504350783099,0.03769079350685285,0.026767137854929183
-0.0341640311008733,-0.06527504599782535,0.037690793028256515,0.026767136179842048
0.027197302235031674,-0.10066514772673447,0.03769079348098279,0.026767137964877
0.027197304055637996,-0.06527504242452171,-0.010857961260222142,0.026767136377101354
0.027197305982958338,-0.06527503867982884,0.03769079268871185,0.029680699229680148
-0.03416402909917651,-0.10066513961970076,-0.010857956073272779,0.029680704293746647
-0.005186468741158077,0.08408904573944817,-0.0029733205026584927,-0.021663773717591546
0.024092534301517907,0.08408903352230687,-0.0029733192608950576,-0.021663772178322282
-0.0051864868631431565,0.08397646894122268,-0.002973319623076051,-0.021663772850944132
-0.00518646314028752,0.08408905005328256,0.041725729718261016,-0.021663761015386408
-0.005186466176787239,0.08408904516060535,-0.0029733121239890886,-0.012681840951295802
0.02409252825762248,0.08397646823949702,0.0417257151825146,-0.012681842303007007
0.009822765830904249,0.0432609890121967,-0.0786570835949129,-0.00464055024268523
0.01574919615328934,0.043260988966924076,-0.07865708364018553,-0.004640550249152747
0.00982276555926844,0.08242815482016241,-0.07865708336208224,-0.004640550255620204
0.00982276579209915,0.04326098722716175,-0.04205923411063856,-0.004640549964581919
0.00982276586000811,0.043260989215923494,-0.07865708349466638,0.03398665670344292
0.015749196260003318,0.08242815436420241,-0.04205923498051967,0.03398665656115758
0.022849844422631133,0.08411687917477036,0.025427682102114626,0.032069872873964615
-0.05644961529469584,0.08411687319393324,0.025427677427716004,0.03206986352355064
0.022849843614191415,-0.1121556942978512,0.02542768406824007,0.032069863373180844
0.022849833967888422,0.08411686799566573,0.04878866995891761,0.03206987428711735
0.022849838466047188,0.08411687224805868,0.02542767778828019,0.0025121255409127907
-0.056449610264583845,-0.11215569645153466,0.04878867565680089,0.0025121257058345337
0.02640978299960911,-0.10809925509642604,-0.034544696843820714,-0.042657733869014544
-0.0140899323644893,-0.10809925550711343,-0.03454469768136428,-0.042657734253831806
0.026409775280626532,-0.024703467985899716,-0.03454469729978076,-0.04265773367175524
0.026409782747375904,-0.10809925053682591,-0.08065793852761596,-0.04265773423119553
0.02640978299960911,-0.10809925509642604,-0.03454469684382075,-0.031638384770808964
-0.014089936382434803,-0.024703464973653215,-0.08065794235153594,-0.0316383856067356
-0.023787754684841872,0.08375766762765123,0.0484512451415261,0.0191586636162052
0.027448842159679368,0.08375766863658406,0.048451238078996595,0.01915867250904224
-0.023787754684841872,0.08410742768319322,0.0484512451415261,0.0191586636162052
-0.02378776176677387,0.083757657945777,0.019016404002387438,0.019158661766495066
-0.02378774966604802,0.08375766668339366,0.048451243925632693,0.02327713309528512
0.027448846771019563,0.08410743040601829,0.019016413910624863,0.023277132739571677
-0.03416403147275559,-0.09647402567982982,-0.01882705674183353,0.033986656438274726
0.00982275969322978,-0.0964740294859641,-0.018827061932016585,0.03398665670020917
-0.034164029438721225,0.08407801727298646,-0.018827051920298862,0.03398665710119526
-0.03416403019865458,-0.09647402672756773,-0.026762029702594132,0.03398665652882002
-0.034164032012793354,-0.096474026012907,-0.018827056900287725,0.03206986150083446
0.009822765746826528,0.0840780114780904,-0.026762034084337437,0.03206986369332301
0.024092533929635663,0.08401452509375908,0.04489325137627831,0.0025121253889260897
0.02284983694941424,0.08401452543006996,0.04489325078126667,0.0025121253889261452
0.02409252605866643,-0.07562458911626085,0.04489325223645817,0.002512126507806682
0.024092537241004797,0.08401453800292477,0.04714629066357805,0.0025121254536012994
0.024092533910233218,0.08401452498381118,0.044893251266330494,-0.0046405509541121714
0.02284983643201281,-0.07562457841898627,0.04714628909843871,-0.0046405496735436
0.02565817084299245,-0.11315030352206022,-0.07192421535566815,0.02327713256009803
0.026409784133041604,-0.1131503023773096,-0.07192421520044773,0.02327713254069555
0.025658170319123506,-0.11295268453573547,-0.07192421463777363,0.02327713257950051
0.025658169879332303,-0.11315030271362046,-0.07573132802079072,0.02327713280586366
0.02565817090928449,-0.11315030353984587,-0.07192421537992132,-0.042657734130949
0.02640978275060965,-0.11295268258739578,-0.07573132723660413,-0.042657733872248284
0.002816293149306995,0.07024693959263256,0.03628987736818895,-0.0316383852170677
-0.023787752039627075,0.0702469277118022,0.036289877892057995,-0.031638385029509726
0.0028162769999147685,0.07839961876420101,0.03628987807314837,-0.031638385236470196
0.002816294969913258,0.07024694279728766,0.03121420839064133,-0.03163838459295222
0.0028162924378799248,0.07024693923045162,0.03628987735525394,0.019158661100340774
-0.02378776183468298,0.07839961697593237,0.03121419724710802,0.019158661756793847
-0.014089938385748466,-0.11175075882541327,0.027271139529249172,-0.05477380835024331
-0.04509487830768601,-0.11175076089663585,0.02727114637996747,-0.054773808710807476
-0.014089938443956111,0.08411594593781047,0.02727113870787435,-0.05477380824676299
-0.014089932784877968,-0.11175075509365547,-0.05584194382794921,-0.05477380862834658
-0.014089938266099404,-0.11175075522623952,0.027271138762848257,-0.06803866108465524
-0.045094867110795696,0.08411595396400015,-0.055841936215680704,-0.06803865736906622
0.027448841160447865,0.08287587476338053,0.012075878974024415,0.014359683202605458
0.020524808108651423,0.08287587470193912,0.012075878912582966,0.014359683212306726
0.027448841322135823,0.03231647306367654,0.012075878954621783,0.014359683247878115
0.027448836749600688,0.0828758715166866,0.04655544632179145,0.01435968198024451
0.02744884144825234,0.08287587534869092,0.012075879229491387,0.008828192224933043
0.020524803730141806,0.03231646981374877,0.04655544618920731,0.008828192309010774
0.01574918824028123,-0.009454646480864741,0.04815359847917632,-0.012681840876919334
0.027197310733350237,-0.009454634027659031,0.04815360855233543,-0.012681840983633426
0.015749194688396573,-0.1094525949803129,0.04815360151244223,-0.012681839538143197
0.01574919419686515,-0.009454643389391181,0.0047094029626653915,-0.012681840857516788
0.015749189207175086,-0.009454651082503734,0.048153599931134085,0.026767137822591665
0.027197298157261667,-0.10945259755438502,0.004709399573686018,0.02676713688156772
-0.05644961870146092,0.08411063686233115,-0.04919372023303161,0.029680700280651867
-0.005186475700207305,0.08411063737973258,-0.04919371001435329,0.02968070009632754
-0.0564496097892213,0.08362662871432906,-0.04919371067404014,0.029680700241846693
-0.056449612508812474,0.08411064214952703,0.03284857620666216,0.029680699022719602
-0.05644961959721213,0.0841106421753971,-0.0491937172935448,-0.021663761364632342
-0.0051864656141131504,0.08362663491344498,0.03284857726086757,-0.021663761943475253
-0.059338721857380296,-0.11267311666678222,-0.006897687009768533,0.020250051036580483
0.011408621700765145,-0.11267311526009706,-0.006897686343614234,0.020250051091554432
-0.059338713743879105,0.07989081925673723,-0.006897680361160188,0.020250051366423907
-0.059338721857380296,-0.11267311666678222,-0.006897687009768533,0.020250051036580483
-0.059338721647186,-0.11267311527949972,-0.006897686288640284,-0.002771097937107253
0.011408635702941318,0.07989082318898809,-0.0068976735573313495,-0.002771094884438857
0.014372942894826532,0.08099958567375631,0.03981320994919055,-0.03980211075071967
-0.06516241289662303,0.0809995752384162,0.03981321063798125,-0.039802110317395986
0.014372940608558898,-0.11283428266566865,0.03981321365831211,-0.03980211651004433
0.014372942894826532,0.08099958567375631,0.03981320994919055,-0.03980211075071967
0.014372942917462828,0.08099958380140983,0.039813206828613175,0.03259131157796632
-0.06516239897690769,-0.11283427440826524,0.03981321323630658,0.03259131219723113
0.02730984559942351,-0.05315167175851664,-0.0646883763094795,0.03259131236376967
-0.02129500046268928,-0.053151671153803724,-0.06468837646146619,0.032591311972484854
0.027309845447436837,-0.0652750458167349,-0.06468837794252781,0.03259131207596519
0.02730984559942351,-0.05315167175851664,-0.0646883763094795,0.03259131236376967
0.027309845612358524,-0.05315167177145158,-0.06468837629654445,0.02025005144080036
-0.021295001102973492,-0.06527504572618964,-0.06468837736691867,0.02025005104951555
-0.016444290431940678,0.08409711095090537,0.042408355634607826,-0.0027711033601210966
0.026790117935484584,0.08409711105438558,0.042408357173877004,-0.0027711054685318204
-0.016444282813204703,0.08408904320094734,0.042408361688204596,-0.0027710959095404997
-0.016444290431940678,0.08409711095090537,0.042408355634607826,-0.0027711033601210966
-0.016444288617801978,0.08409711885744597,0.04240835966710524,-0.03980211200541817
0.026790113657221355,0.08408903079301433,0.0424083481355208,-0.039802113014350965
0.0009054701222339367,-0.10628464874429887,0.048741547586460994,-0.019327253370041316
0.02693277461447805,-0.10628465795727811,0.04874154468577924,-0.019327253735456094
0.0009054687559707786,0.08375766935447856,0.04874154874252975,-0.01932725434501962
0.000905462524517342,-0.10628465234508944,-0.07977532440822364,-0.019327252834854255
0.0009054696242350724,-0.10628464927463532,0.04874154786456423,0.010282576567583959
0.02693278019432914,0.08375767092931913,-0.07977532751586604,0.010282577245056407
0.026162927171551765,0.08385393422213377,-0.03834259212857838,0.02754753999761305
-0.0030974067534164512,0.083853928142667,-0.03834258771773115,0.027547538238448147
0.026162919219738456,-0.10809925845306778,-0.0383425865891493,0.027547537963578672
0.026162932468448936,0.08385393418332869,0.022294368882689403,0.027547541148831203
0.026162926363112002,0.08385393329727872,-0.03834258725853738,-0.06461191319330181
-0.003097400337638778,-0.10809925169127782,0.02229437161844947,-0.064611912533615
0.02331642671035498,-0.11322843909793949,0.022294371851280165,-0.0646119125724201
-0.04231723287860709,-0.11322844370442911,0.022294367125141462,-0.0646119131464123
0.023316424779800914,0.04326099425088612,0.022294372029136866,-0.06461191231048563
0.023316422755467803,-0.11322844424931747,-0.038342586323981055,-0.06461191271147176
0.023316426021564335,-0.11322843875839479,0.02229437135004749,-0.019327253051516086
-0.04231723089631281,0.043260986986246676,-0.038342587046726224,-0.01932725363844335
-0.03684973035867894,0.05239700936524764,-0.07977532382453019,0.010282576506142532
0.021531889486747544,0.052397006876870114,-0.07977532393609489,0.010282576329902662
-0.036849730772600155,0.08411687332328356,-0.07977532426432135,0.010282576816583393
-0.03684973829432339,0.05239700511285462,0.048741540886112454,0.010282576839219737
-0.0368497306561848,0.052397010571439785,-0.07977532426755514,0.027547538236831287
0.021531886104235676,0.08411687224482489,0.048741548419153964,0.027547550258330177
-0.026322921854443886,0.005552735477168488,0.03384588149169261,0.030325142420931796
-0.05357852071918188,0.00555274007395681,0.033845881684101256,0.030325141766095628
-0.02632292121739338,0.08401453213365231,0.03384587989744945,0.03032514276694397
-0.026322922219858606,0.005552737168424429,-0.07393469482647352,0.030325141660998412
-0.02632292219722234,0.005552734481170742,0.03384588106483636,0.015626072540827558
-0.053578519333516185,0.084014533491831,-0.07393469622669113,0.015626073520656487
0.0259494820460936,0.08411297549739376,-0.07393469650156066,-0.010585339348633954
0.017053462645789174,0.08411296948260213,-0.07393469386281339,-0.010585339607334623
0.025949472904257097,-0.09647403098642829,-0.07393469932463226,-0.01058534439653161
0.025949482718715472,0.08411297513521271,0.03384587951586589,-0.010585339924243042
0.02594948209783375,0.08411297421682526,-0.0739346960876396,-0.051639110506382924
0.01705346323433332,-0.09647402474203974,0.03384588114568036,-0.051639110894433994
0.023669344982610883,-0.11120140688500312,0.04613652811935425,0.01562607512621781
0.027507092161815516,-0.11120141616912509,0.046136525141062305,0.015626074670257784
0.023669345018182218,-0.11315029983557497,0.04613652812258802,0.01562607496776361
0.023669343630899606,-0.11120140971130843,-0.022806221966877493,0.015626073929726994
0.023669344311605924,-0.1112014031289921,0.04613652857369741,-0.010585339174010923
0.027507090932987147,-0.11315030750605122,-0.02280622671080187,-0.01058534020396315
0.008169357027832592,0.08320567516622958,-0.022806221441391626,-0.05163911121780981
-0.011785265061512774,0.08320567526970991,-0.022806221150353422,-0.051639111314822586
0.008169342760488224,0.07024692431312157,-0.02280622141552159,-0.0516391111531347
0.008169363705544774,0.08320567439982872,0.04613652831176301,-0.05163911142153662
0.008169356856443405,0.0832056767346027,-0.022806221561040698,0.03032514188412779
-0.011785275571229353,0.07024692531558688,0.04613652966670789,0.03032514314206008
-0.007331882470882373,-0.11310345610642496,-0.052584979945095284,-0.029048831334673914
0.004664817850829839,-0.11310345277888702,-0.052584981946792064,-0.029048831622478465
-0.007331885339226546,0.08411063967246771,-0.052584976475271994,-0.029048830930454017
-0.007331878266995744,-0.11310344842948124,0.008439167308905676,-0.029048831276466288
-0.0073318820925325915,-0.11310345259779646,-0.05258497997419913,0.004167536939752997
0.004664821621392708,0.08411064616585567,0.008439170985689632,0.0041675408396662506
0.02738127768194929,0.07374861564150902,0.047473756350680324,0.02420653086543706
0.025074026870748268,0.073748623234375,0.04747376349082008,0.024206530749021737
0.027381273083544027,-0.00945464997009067,0.04747374919113806,0.024206522302443384
0.027381279302062442,0.07374861135031095,0.030146816237700283,0.02420652262258552
0.027381267793114394,0.07374860611485519,0.047473743719617885,0.03439812270355316
0.02507401499638545,-0.009454637410170968,0.030146814630522024,0.034398134564980906
0.019442146821852996,-0.09105787247406422,0.008439160485674344,0.0041675332694365436
0.02479041376177019,-0.09105787423646287,0.008439160281947525,0.0041675334666958636
0.01944214658255483,-0.11175075753190966,0.008439160479206828,0.004167533651020086
0.019442150362819023,-0.09105786811819089,-0.05258497944386265,0.004167535911417636
0.019442149470301533,-0.09105787042709484,0.008439159952104112,0.024206521274108033
0.024790417875111524,-0.11175075489639621,-0.05258497845433241,0.024206526603342826
-0.04789902815698749,0.08404245878207604,0.03014681697823102,0.03439813394409915
-0.03151299568061308,0.08404245808681786,0.03014681718842545,0.03439813405728067
-0.047899028195792615,0.08287587671333721,0.030146816939425926,0.03439813398290425
-0.04789903159447323,0.08404245396054141,0.0474737465038843,0.034398133902060354
-0.047899032626042344,0.08404245959051575,0.030146817566775223,-0.02904883177769893
-0.03151300618709588,0.082875873000982,0.04747374797524468,-0.02904883081403875
-0.05357852540166477,-0.07562457971734052,-0.06970736981828746,-0.05798030027168961
0.02730985524572646,-0.07562456983012251,-0.06970736962587884,-0.05798030045763077
-0.053578528740520916,-0.03947902441723272,-0.06970736905026971,-0.057980300008138266
-0.05357852483737387,-0.07562458057590346,0.03536636524950154,-0.05798029992729429
-0.053578525117094045,-0.07562457679402239,-0.06970736897104267,0.025950709614941586
0.027309839170710726,-0.0394790226742367,0.03536636425350376,0.025950706832292
0.017053460673196207,0.08407801349918981,0.038537062740134506,0.013047517164118783
-0.016444290402836903,0.08407801201812823,0.03853706414358586,0.013047517558637358
0.017053449801298637,0.08410306619932983,0.03853705485623023,0.013047517170586276
0.017053462303010764,0.08407800513668921,0.0009004910470037653,0.013047517506897227
0.017053463192294414,0.0840780126681137,0.0385370635841456,-0.024062307402750227
-0.01644428237988098,0.08410307892417125,0.0009005065270078494,-0.024062306316207288
0.027507093288780537,-0.11295267873598888,-0.014839364079913712,-0.014837087054426528
-0.059338716308249925,-0.11295268425278163,-0.01483936375977161,-0.014837087442477609
0.027507098870248523,0.08182108754731919,-0.014839372726985158,-0.014837086853933493
0.027507088590128785,-0.11295267940537693,0.045402102376101545,-0.014837087342231069
0.027507093489273597,-0.11295267913050747,-0.014839364474432295,0.0073247549266346745
-0.05933871558065421,0.08182107700203133,0.04540209648419276,0.007324755942034994
-0.011785267493299528,0.07839963271140325,0.04342118372248177,0.029003504136603114
0.014372956405471399,0.07839963679887454,0.0434211903581551,0.029003512932427436
-0.01178527626002001,-0.11245382861104901,0.04342117805370232,0.029003503370202292
-0.011785265643589435,0.07839963185122338,-0.05895244550386753,0.02900350256499629
-0.011785262041181993,0.07839963242036502,0.04342118341850838,0.0351455493073445
0.014372941737140849,-0.1124538335166613,-0.0589524549917163,0.03514554225775002
0.00466482359398572,-0.10945259557855831,0.048592464668521046,0.033548893626882736
0.02331642803296244,-0.10945259586312912,0.04859246452623564,0.03354889426716702
0.004664819008515536,-0.10386551313179856,0.048592458414431265,0.03354889320002658
0.0046648141384745614,-0.10945260265402286,0.028404627965452782,0.033548892094081
0.004664823225337178,-0.10945259105776335,0.04859246342029009,-0.006565512048028824
0.023316423534803718,-0.10386550910576868,0.0284046321531706,-0.006565512174145444
0.02507400994525394,0.08362661781979518,-0.045680750245487046,0.0008044021411073854
-0.03684973614225687,0.08362662410945633,-0.045680753430739615,0.0008044028298980765
0.02507401051439553,0.08392458216338931,-0.04568075153899064,0.000804402141107427
0.025074020235074893,0.0836266251992331,-0.077307414677408,0.0008044071534337588
0.025074016099097235,0.0836266237214053,-0.045680752337729114,0.03151890404923393
-0.03684973036676338,0.08392459089777235,-0.07730742263568881,0.03151890340894975
0.024790417826605165,0.03231647208708132,0.024232303655784024,0.022308469184079194
0.0009054636757355461,0.03231647393032396,0.02423230415378281,0.02230846892537852
0.02479041813704599,0.05980747396501509,0.024232305233858338,0.022308468692547878
0.02479042303619086,0.032316470673928635,0.047918826102330885,0.022308471146970904
0.0247904176746185,0.03231647177987426,0.024232303542602363,0.018024743541092028
0.0009054555007928788,0.059807468519365026,0.04791881826046543,0.018024743867701754
-0.03151300044393999,0.08411595146430452,0.015605996091229209,-0.03429323511793174
0.02616292646012475,0.08411595476597239,0.015605994367635684,-0.03429323572264467
-0.03151300513612422,-0.11320992778120041,0.015605994994984884,-0.03429323537986619
-0.03151300017877171,0.0841159533075471,-0.030679724192143355,-0.03429323562239814
-0.03151300402371116,0.08411594793627354,0.015605994994984919,-0.045581899599508466
0.02616292110501997,-0.11320992100970922,-0.030679725876931734,-0.04558189610704885
-0.04231723199902465,-0.11318469483295404,0.03536636582672754,0.007324754129513139
-0.007331889452567902,-0.11318469869567907,0.035366360208071324,0.007324754745544199
-0.04231723211220621,-0.110457544074355,0.035366365771753644,0.007324754456122767
-0.042317231080637126,-0.11318469573840652,0.038537064597929056,0.00732475422652587
-0.042317231902011886,-0.11318469473594128,0.035366365923740296,-0.014837087554042228
-0.007331878399579869,-0.11045753880171107,0.03853706924969124,-0.014837087035023946
0.02153188459083646,0.06567951369409764,0.000900494051165851,0.03514554953694133
0.027381283657935795,0.06567952191431285,0.0009005078722515436,0.03514554945286358
0.021531884739589363,0.08344825465206268,0.0009004935919720569,0.03514554954340887
0.021531895019709056,0.06567952289414178,-0.06970736567745917,0.035145548621787544
0.021531884655511643,0.0656795130214757,0.0009004908691470637,0.029003503299059572
0.027381273516867755,0.08344825281528752,-0.06970737855105355,0.02900350512289963
0.02693277684738862,-0.10066513603992971,0.045402106887195266,-0.024062306393817488
0.01944215153020601,-0.10066514150821604,0.04540210279649017,-0.024062306435856357
0.02693277374944752,0.08411470224382356,0.04540209575659704,-0.02406230762264594
0.026932776197403037,-0.10066514339026376,0.0434211848542974,-0.024062306927387707
0.026932777714035978,-0.10066514001098559,0.04540210713296094,0.013047518499661171
0.019442158104437893,0.08411470727555247,0.04342118972757216,0.013047525174139651
-0.0030974016473111626,0.08397648053424848,-0.05895243791423531,0.02595071400153555
-0.04789903604735934,0.08397647633036184,-0.05895244475040169,0.02595070701014871
-0.003097401783128992,0.01964775051197243,-0.058952438140598494,0.025950714279638864
-0.00309741015856467,0.08397647156380118,-0.014839373205581456,0.025950706744980453
-0.003097405890002833,0.08397647777261835,-0.058952445241933105,-0.05798030050937088
-0.047899031898446603,0.01964774457802476,-0.014839369451187322,-0.05798030005987837
-0.021295008408035002,-0.02470346963511677,-0.03067972696994229,0.01802474462440133
-0.026322928690610252,-0.024703470608478214,-0.030679725246348752,0.01802474414903879
-0.021294999579873103,-0.11303961348474129,-0.0306797225655626,0.01802475022527178
-0.02129500784859473,-0.024703468403054606,0.02423230257247471,0.018024743987350787
-0.021295008501813994,-0.024703467646355035,-0.030679726914968345,0.022308468889807184
-0.026322918982865914,-0.1130396172391354,0.02423230442218485,0.022308468398275827
0.02679011451740137,0.0841074185478242,0.047918815175459394,-0.04558190422378383
0.02594948887902632,0.08410743186120977,0.04791882304319487,-0.04558190407179716
0.026790123953509905,0.07640356087682046,0.047918822244456434,-0.04558190379046012
0.026790115555437886,0.08410742079528671,0.015605997598160878,-0.04558190035297434
0.02679011485694597,0.08410741998684697,0.047918817946790815,-0.034293236088059426
0.025949468509578636,0.07640354534184246,0.015605993649741245,-0.03429323566443698
0.0114086227064642,-0.11215570156410747,-0.07730742546522787,0.03151889769489768
0.023669331253687337,-0.11215570526029398,-0.07730742522269587,0.031518897833949316
0.011408630600069795,0.08406296677357106,-0.07730742372223176,0.03151890403629893
0.011408626286235318,-0.11215569873456845,0.04859245845647013,0.031518903389547215
0.011408621902875064,-0.11215569525989444,-0.07730741973662383,0.0008044043966542735
0.023669339047046378,0.08406295694941135,0.048592457816185854,0.0008043983608432559
-0.06516240764014784,0.08242814995173829,0.028404632785370497,-0.006565512531475824
0.008169341563997382,0.08242814492809376,0.02840463157756156,-0.006565512025392559
-0.0651623996398283,-0.08417744911114115,0.028404631976930782,-0.006565512434463031
-0.06516240738791465,0.08242815120643673,-0.045680753762199905,-0.006565512098152121
-0.06516241189092398,0.08242815094288546,0.028404633233246095,0.03354889305127364
0.008169351278209225,-0.08417745456810935,-0.04568075588839641,0.03354889161225089
