Pd_C103,Pd_C301,HX100,T_E110,L_R100,D_R100,F_S220,T_E120,P_V100,Pd_P150,HX150,HX220,T_E220,Rr_D200,Pc_D200,F_S220.1
0.0,-0.002234159537144516,-0.0012484715440069518,0.06931893013721312,0.0,-0.036209619635617356,-0.000969469782159612,0.0,0.0,-0.11159565065319622,-0.02388116345769443,-0.0035474634986794105,0.0,0.060417845223976835,0.03860530662585897,0.0
0.0,-0.000949559098516187,-0.0005513242433241251,-0.011508703641708784,0.0,0.0015007947240000814,-0.0004346626642305112,-0.0001438439375169298,0.0,0.33787354386190915,-0.009272456194276156,0.0,0.0,-0.0019252709258592892,-0.001321438234486333,0.0
0.0,0.07033920159627029,-0.0012714234651894072,-0.024910554665123333,0.0,0.002905235020819835,-0.0008280550752475452,-0.0004093925961513867,0.0,-0.1240313392212027,-0.026587583910837462,0.0,0.0,-0.0037015943503071894,-0.002540887269852605,0.0
0.0,-0.0022248850641256286,-0.0008861953864988624,-0.030063686780325935,0.0,0.0,-0.0007318024094806283,-0.00022909168163487426,0.0,-0.1379369278013029,-0.029079980363942506,0.0,-0.03129310079011455,-0.0036009125332495838,-0.002422481788710403,0.0
0.0,-0.0010861527480196269,-0.0006153092370988693,-0.01137518073914281,0.0,0.0013811382277677316,-0.00027447269568153657,-0.00019451365929906705,0.0,0.336392477467048,-0.009357397387674275,0.0,0.0,-0.0017423854402167738,-0.0010500339768161168,0.0
0.0,-0.002193035390794832,-0.0013910066552724834,0.13289364231094772,0.0,0.002737012750937748,-0.0009024509916622062,-0.0002826092094322611,0.0,-0.11068786519724634,-0.023775522699518194,0.0,0.0,-0.0034990832850026483,-0.002549127867618202,0.0
0.0,-0.0024364038906025476,-0.0013121206173515236,-0.025187320249717322,0.0,0.002891574315662865,-0.0007349658861338915,-0.0004899067914103197,0.0,-0.13379333215389333,-0.028522796347613254,0.0,0.0,-0.003668596237037892,-0.0025020335177984602,0.0
0.0,-0.002232766396003005,-0.0012606681033749774,0.05718639589707437,0.0,0.002811625912906335,-0.0009755736835009828,-0.00041161115209829846,0.0,-0.12258961410707353,-0.026063154516728932,0.0,0.0,-0.00359026257947739,-0.0025734646026076054,0.0
0.0,-0.002000439642642427,-0.0011964211572421057,0.1345305449661578,0.0,-0.0006045123435111118,-0.0008277236734486998,-0.0005405129466155706,0.0,-0.09796231622906963,-0.02173858316858019,0.0,0.0,-0.001141876623350445,0.06517680548139983,0.0
0.0,-0.002513850545985997,-0.0012910544209834508,-0.04576668889112858,0.0,0.003032539408345164,-0.0008555622276103856,-0.0005979459807668869,0.0,-0.13644528033132633,-0.02883571788641291,0.0,0.0,-0.0037600841802905667,-0.0026296525812450878,0.0
0.00033293057557820527,-0.001139626547298245,-0.0006285508982162506,-0.01169794135609373,0.0,0.001149356885166673,0.0,0.0,0.0,0.3373419042474773,-0.009506805458640173,0.0,0.00043843245746089343,-0.0019379964934014549,-0.001351703853142683,0.0
0.0,-0.0024049852467316365,-0.0013756929596893128,-0.02326334190455856,0.0,0.0027638631060737107,-0.0007826777041171275,0.0,0.0,-0.13286488311159336,-0.028471011264454386,0.0048770668179505695,0.0,-0.003772991586674495,-0.002579575251879816,0.0
0.0,-0.0024035121339683447,-0.0013757440514990552,0.03518913539927497,0.0,-0.03348803747825929,-0.0008473990556190385,-0.0004408911137134819,0.0,-0.13078463094167053,-0.02794477879714183,0.0,0.0,-0.003768080222438814,-0.002520466167695899,0.0
0.0,0.0002638722259614316,0.0,-0.011925819722290103,0.0,0.0012838207507522336,0.0,0.0005567211730161516,0.0,0.2741535754684913,0.04935621847499474,0.00018348357691932993,0.0,-0.0019286307070382621,0.0012129763933591286,0.0
0.0,-0.0008618504056402316,-0.0005302574273570995,-0.011428887095614163,0.0,0.0011686787432844353,-0.0003585789118616298,0.0,0.0,0.3358558142323044,-0.009250155064087247,-0.00023050565926419075,0.0,-0.001770340673058685,-0.0011758906016358136,0.0
0.0,-0.0025247251154364068,-0.00145680045939998,-0.025002858044985823,0.0,0.002891977115466654,-0.0010913094890241926,0.0,0.0,-0.13341882663902518,-0.02849432789545646,0.0034383477318591336,0.0,-0.0036934580014098993,-0.0024257060056584127,0.0
0.0,-0.002344407738545723,-0.0012096606149995185,0.1130513973909605,0.0,0.002927258135838319,-0.0007234616648024542,-0.0003767486633721659,0.0,-0.11410661933840709,-0.024580331477341337,0.0,0.0,-0.0037287562059792573,-0.0025703544412850623,0.0
0.0,-0.002668910854209781,-0.0013959535523723507,-0.02498091519436623,0.0,0.0028185690111619532,-0.0009200913336093487,0.0,0.0,-0.13333529543534228,-0.028457281083195958,0.0,0.005491910735941916,-0.003882316707603098,-0.0026179413691771636,0.0
0.0,-0.0007863087457902654,-0.0005011137956044775,-0.01165618751063421,0.0,0.0013083901161083378,-0.0007497402467479637,0.0,0.0,0.337711171391076,-0.00938279796418167,0.0,0.0,-0.001655630838607977,-0.001020702759626929,0.0
0.0,-0.002345752329584558,-0.0012833236674850226,-0.025036902882061493,0.0,0.0028152959471939853,-0.0009741834168967549,-0.0006146375836696443,0.0,-0.13386102142903722,-0.028455747860401313,0.0,0.0,-0.0035161699466410776,-0.0024834582073125816,0.0
0.0,-0.002372740746141567,-0.0012827300427134872,0.031870113480166724,0.0,0.002810467063520896,-0.0008588481367586997,-0.0003856275336514281,0.0,-0.12644761843744723,-0.026905150337053936,0.0,0.0,-0.0036256835768783318,-0.0025212262019684204,0.0
0.0,-0.0024937987689536917,-0.0012185074755477136,-0.01987216987719794,0.0,0.002938320351957985,-0.0008096539662260003,-0.0005730630861061041,0.0,-0.13310941067618423,-0.0284559462729196,0.0,0.0,-0.0036253039859868138,-0.0025340098288933314,0.0
0.0,-0.002396231939635615,0.025187795738726614,-0.02493386209517136,0.0,0.0029579249354233696,-0.0008801310026645895,-0.0005251574059572939,0.0,-0.13055388379404662,-0.0277658933698321,0.0,0.0,-0.0036686815668839265,-0.0025352459105756294,0.0
0.0,-0.002313135724782652,-0.001055836643792933,0.15601974806157434,0.0,0.00511486744529154,-0.0008011796175141431,0.0,0.0,-0.10499282209564845,-0.02269806487665616,-0.0010395801696310273,0.0,0.011871597211859743,-0.0025306053219518706,0.0
0.0,-0.002504899780761621,-0.001321967473128731,-0.0250619360019189,0.0,0.0029495805581225554,0.0,-0.0023411162743291695,0.0,-0.13348445355108385,-0.028562199628236088,0.005254558975920809,0.0,-0.003792696967242928,-0.0027004357282562497,0.0
0.0,-0.0018790700674361015,-0.0008264760231968764,-0.017158332594689896,0.0,0.0024138720118981874,-0.0007105128796743947,0.0,0.0,0.29300036334476814,-0.011568778865535931,0.0,0.000539344340884651,-0.0028184079204057527,-0.001975796276189578,0.0
0.0,-0.0010137770149526153,-0.0004746187220252485,-0.011871991973826223,0.0,0.0014830541176474093,-0.00038245943417775097,0.0,0.0,0.33659366083353676,-0.009317670492494538,0.0,0.0,-0.0018259492651338427,-0.0011120782377073378,0.0
0.0,-0.0023229773529574766,-0.001310831778834076,-0.024776722985539564,0.0,0.002848523714997664,-0.0008332308651069533,-0.0004952882640830089,0.0,0.04755846495666167,-0.022985056703811197,0.0,0.0,-0.0036633325650368464,-0.002516671469572438,0.0
0.0005922900614132587,0.02137372404792116,-0.001711424369505768,0.011359428881044967,-0.01388276844314205,0.0,0.0,0.0,0.0,0.1091942309961215,0.18402873905526468,0.0020848933106925116,0.0,-0.0019722165542537203,0.0006239787698929042,0.0
0.0,-0.0017667248553029549,-0.0008061897632069304,-0.017059014996922663,0.0,0.002608883071472431,-0.0005800617607395764,-0.0003272375639538083,0.0,0.29302922429997813,-0.011587807332362133,0.0,0.0,-0.002685586607514787,-0.0018092794210252566,0.0
0.0,-0.002450102991077756,-0.0012527698228875955,-0.02504934040111071,0.0,0.002951242924761982,-0.0007363056556973085,-0.0005743929207015736,0.0,-0.13380908173748066,-0.02848075407607476,0.0,0.0,-0.0037707437947190714,-0.002583652900908226,0.0
0.0,-0.0022292818166217447,-0.0011542863599910296,-0.01987711271410398,0.0,0.0027691291090094494,-0.0009463294239294383,-0.0004958952796531828,0.0,-0.13340132465873922,-0.028234300870193695,0.0,0.0,-0.0035838448020371655,-0.0026002967697974807,0.0
0.0,-0.0022883807850440636,-0.0010160455712547403,-0.02477505881877709,0.0,0.0,-0.00043342910924720757,-0.05364184803060224,0.0,-0.14021378432851186,-0.029554224132552317,-0.002676508941182935,0.0,-0.0033632732612202494,-0.002050506021052085,0.0
0.0,0.024101611619096307,-0.0006570234883734072,-0.008318082265048404,0.0,0.0012713429175476298,-0.00016184570879157478,0.0,0.0,0.3069995073348642,-0.008928949318497472,0.0,0.0,-0.0017112242697376826,-0.0011628719486175658,0.0
0.0,-0.00235118054935665,-0.0012884926909733428,-0.024915182528026613,0.0,0.0028477214145524454,-0.0008402779922780491,-0.0005115510573645751,0.0,-0.13369282941794233,-0.028678140061421876,0.0,0.0,-0.003586782546577468,-0.002739185946507214,0.0
0.0,-0.0010136542417721356,-0.0006715803109140487,-0.011654247848235813,0.0,0.0017711867760160538,-0.0002462783783850897,0.0,0.0,0.33713423503602463,-0.0094130987113935,-0.0003062356338693892,0.0,-0.0016835006081813572,-0.0012241031030736135,0.0
0.0,-0.0025500349598196618,-0.0012998930154453346,-0.024920362703438153,0.0,0.002787669541782619,-0.0011052005235181461,0.0,0.0,-0.12972138086249363,-0.027560395443685166,0.0,0.01466770172608242,-0.0038796889331135075,0.01796993587885844,0.0
0.0,-0.0023963958294096715,-0.0011648244637627273,0.06919251101068723,0.0,-0.036044237692939456,-0.0007848405269429929,0.0,0.0,-0.1116759598798431,-0.024225385250146603,-0.003490400613888807,0.0,0.06035355197807727,0.038892065146719286,0.0
0.0,-0.0025013138511927185,-0.0012662321539532845,-0.024892294289324258,0.0,0.0029227511065392244,-0.0009012541132097929,0.0,0.0,-0.133059478884842,-0.028585339001855437,0.005588074446206363,0.0,-0.0038046344100203604,-0.002806170599828529,0.0
0.0,-0.0022782975267953702,-0.001326555569993391,-0.010581087674645237,0.0,0.0028398173585571507,-0.0009396932735475226,-0.00058829070400313,0.0,-0.13215759374478717,-0.028081819738733558,0.0,0.0,-0.003539844546844319,-0.0025937355828455923,0.0
0.0,-0.002263142770253169,-0.001262686301914298,-0.025047030715136847,0.0,0.0029521206199423543,-0.0009747748948718105,-0.0005365758476643945,0.0,-0.13378081028378125,-0.028603114231059393,0.0,0.0,-0.0036608526657822215,-0.0025790342853746822,0.0
0.0,-0.000967558198601998,-0.0008528728256684854,-0.011406811734288393,0.0,0.0011527953784355666,-0.00013141320152648683,0.0,0.0,0.3370099541416227,-0.009199165232167461,0.0,0.0,-0.0017253810493482835,-0.0011868243022414206,0.0
0.0,-0.002911093172149583,0.0,0.01852922059305445,0.0009608329332310706,0.0014576414918602224,-0.001899441157477662,0.0015123687904631782,0.0,0.14842840971165552,0.15072484862551241,-0.0022717649330500876,0.0,0.0,-0.0018973911401440995,0.0
0.0,-0.0023959941714625163,-0.001265968737870177,-0.024973626790672852,0.0,0.0030608137895486703,-0.0009845842009333669,-0.0005227612731275866,0.0,-0.13384184079973638,-0.02851909480280232,0.0,0.0,-0.003663542641415245,-0.0026493017474238626,0.0
0.0,-0.0009509315174046131,-0.0006246227044855446,-0.014159312763166622,0.0,0.0019002389105083723,0.023766172332639494,0.0,0.0,0.25051795760207557,-0.009379764190465973,0.0,0.013405176523595422,0.04803839334623252,-0.001318615102330174,0.0
0.0,-0.0022797356275988446,-0.0013484912719954007,-0.025121835159859576,0.0,0.0029316673909437884,-0.0007916825152256446,-0.0003708041834554199,0.0,-0.13388943039857934,-0.028452106379979216,0.0,0.0,-0.0037906132594223555,-0.0026428699707236455,0.0
0.0,-0.002327858154616964,-0.001109928718914228,0.11320215186561106,0.0,0.002627102857368494,-0.0008740152146598701,-0.000396347167389087,0.0,-0.11394985903483958,-0.0244171387248303,0.0,0.0,-0.003687531852330086,-0.002404070936204954,0.0
0.0,-0.0021960784031485386,-0.0012749150778206973,0.08272950877952308,0.0,0.002622008702698509,-0.0006961694100019045,-0.000423343228194234,0.0,-0.11877573029300048,-0.025507171045028983,0.0,0.0,-0.0036529348814256005,-0.0025097204953947834,0.0
0.0,-0.002513556513658714,-0.0013238445550528177,-0.02496852840528556,0.0,0.0028228939537122133,-0.0009212077546387635,0.0,0.0,-0.13325987547654874,-0.028392231808982645,0.00505525905341177,0.0,-0.003921230205336311,-0.002303697468257124,0.0
0.0,0.011337665543739094,-0.010108771074029976,-0.015225859495328382,0.0,0.0025225551492174952,-0.0006364046943118096,0.0,0.0,0.2787335665644411,0.01240924151620981,0.0,0.0007177167027374553,-0.0021211907806958914,0.012978995909857464,0.0
0.0,0.026936356670523645,-0.0012755670377493642,-0.02490680547358007,0.0,0.0028689855439028873,-0.0008709662452799917,-0.00046231052310941045,0.0,-0.1302590648417553,-0.027664922862337876,0.0,0.0,-0.0037134210329036734,-0.002518273763377971,0.0
0.0,-0.002311672304188705,-0.0013177497765815244,-0.024827160355886446,0.0,0.0028198211585253145,-0.0008636225761837592,-0.00035837037661471186,0.0,0.047525952304689846,-0.02298431794068869,0.0,0.0,-0.003649283868776105,-0.002530719577577446,0.0
0.0,-0.002490085776504993,-0.001228227510278755,0.00624070476481058,0.0,0.002978424586003915,-0.0009697825085102425,-0.00041399837211500423,0.0,-0.1300548658050968,-0.02763956048566748,0.0,0.0,-0.0037382701514895645,-0.0024179311891670634,0.0
0.0,0.0015216806489835866,-0.001309544677864398,-0.02506318835163592,0.0,0.0025769937531382246,-0.0010898318333400186,0.0,0.0,-0.138593959274024,-0.029495040721204027,0.0,-0.04197630142320959,-0.003677107692725642,-0.0027348541438243384,0.0
0.0,-0.0023988964816777343,-0.0012230751528008762,-0.0015859413711840993,0.0,0.0028641297509217345,-0.0009701455422302626,-0.00044753670245419925,0.0,-0.13086323854165885,-0.02793921855722751,0.0,0.0,-0.0037681105591194208,-0.002407274474049103,0.0
0.0,-0.0025204656903232907,-0.0013093304446125404,-0.02492000906457768,0.0,0.002701320705364385,-0.0009625433041269372,0.0,0.0,-0.1339930183077978,-0.028643196697081548,-0.002010030570344579,0.0,-0.0035893164622684977,-0.0026957093858662622,0.0
0.0,-0.0008847170218618184,-0.0005398166301742252,-0.01143519755453634,0.0,0.001386484353198763,-0.0003846185600338811,-0.00021259827172742662,0.0,0.33566696530360174,-0.009408210990383718,0.0,0.0,-0.0016489680709171415,-0.0012954589064737045,0.0
0.02020561651610314,0.023713501177786544,0.050568675381815476,0.010979505431084589,0.0,0.0,0.0009333451360282186,0.034063195049029375,0.0,0.13955968571930924,0.03758672740993421,0.0,-0.01193978952984787,0.005712172986123265,0.0,0.0
0.0,-0.0023537631097970504,-0.0012140254100797198,0.03194230817171194,0.0,0.002881969331064315,-0.0009674550388653142,-0.00046543047975583507,0.0,-0.12652147917601625,-0.026951289914239236,0.0,0.0,-0.0035834477159690315,-0.00248643112697936,0.0
0.0,-0.0022416791571064237,-0.0013374592073156595,-0.02330769415849217,0.0,0.0028138330754529615,-0.0008842300894968574,-0.00037455501283277515,0.0,-0.06749127531840714,-0.024618056931959145,0.0,0.0,-0.0035628272418411796,0.07252629223625068,0.0
0.0,-0.0025850490293819893,-0.001308536828323439,-0.025208243175870657,0.0,0.0029119352467897874,-0.0010916422295275995,0.0,0.0,-0.13279935799167508,-0.028218099802510516,0.0,0.01057424793888126,-0.0037611361571090263,-0.0026541163549414974,0.0
0.0,-0.002324286269556814,-0.0013299412899251848,0.09775675611584152,0.0,-0.030964018241661378,-0.0008784276017488711,-0.0005239123275827401,0.0,-0.12111935291476356,-0.025983079059071535,0.0,0.0,-0.0035936175541742494,-0.0026026270667900892,0.0
0.0,-0.0024941308366931347,-0.0013536325525053774,-0.025134220140648922,0.0,0.002955533811239197,-0.0010410033190610193,0.0,0.0,-0.1388077574053695,-0.029468619201243426,0.0,-0.03989686213639056,-0.003896251019782012,-0.002794896037247144,0.0
0.0,-0.002581962071161297,-0.0066179113310364055,0.006628779723992629,0.007483819170670244,0.0027107636095620724,0.0,0.0,0.0,-0.11472361845916282,-0.02776873481511858,0.004269377589203642,0.0,-0.0037818286760250086,-0.0026349423502013336,0.0
0.0,-0.0024262457478723904,-0.0013073492551572135,-0.024931003597002174,0.0,0.002909316523845559,-0.0008993105623824128,-0.0004793531201826018,0.0,-0.1340096871774555,-0.028326258716601646,0.0,0.0,-0.0037679524912758535,-0.002518057231811425,0.0
0.0,-0.00241231668808014,-0.001229665265473683,-0.024860482120484476,0.0,0.0028675530895967806,-0.0008317338653197848,-0.00045199838952615645,0.0,-0.023479723657979266,-0.02538865319947337,0.0,0.0,-0.003675659833186993,-0.0026006086888738654,0.0
0.001641823283897348,0.027399293463179434,0.0,0.03842816436323787,0.0014205658083011141,-0.03829019215217442,0.0,0.0,0.0,-0.09721173217112371,0.08863620915790175,0.0,0.02546121584029313,0.012823605346166592,-0.002777335672910629,0.0
0.0,-0.0023833623146756228,-0.0011795211039547216,0.08270993009145554,0.0,0.0028353115894114924,-0.00101696288413697,-0.0005321473506298691,0.0,-0.11861020363536459,-0.02548010980549928,0.0,0.0,-0.003523221688521672,-0.002504258249877943,0.0
0.0,-0.0022569174588512497,-0.0012401342361706888,0.04214337944516957,0.0,0.0029496433017971954,-0.0009824872560037557,-0.0006521050463482309,0.0,-0.1248928056527249,-0.02669664473873982,0.0,0.0,-0.0035778106048922308,-0.0025046414510492177,0.0
0.0,-0.0015958898124203637,-0.0009151997230032923,-0.017067650361438345,0.0,0.0024260779056073534,-0.0003979715152413549,-0.00022221110466824623,0.0,0.2930802362306087,-0.011526535190526436,0.0,0.0,-0.002782521857445766,-0.0019821295010497737,0.0
0.0,-0.002488029801194193,-0.0012145220167952791,-0.024885652855074398,0.0,0.0027950230388739117,-0.0009426012640818096,0.0,0.0,-0.1294103063129469,-0.027460118127732677,-0.0021595709375206718,0.0,0.03490054334437377,-0.0025411536359747407,0.0
0.0,0.009980462356883846,-0.0012183577338587825,0.06475497790063658,0.0,-0.025543322070367365,0.0,0.0,0.0,-0.0996496598423354,0.05260854871346758,-0.0026023417723018342,0.001926399212258856,-0.003419817708249098,0.05876795170597695,0.0
0.0,-0.002352869371760217,-0.0011164789822597672,-0.024977081885696282,0.0,0.0027512709842442973,-0.0008839244152852006,-0.0007003135198685001,0.0,-0.13391172705053386,-0.028430962631300936,0.0,0.0,-0.003617757111231715,-0.0025160573922034797,0.0
0.0,-0.0023638198735711135,-0.0012312015028846358,-0.02474874653533045,-0.021294982327581206,0.0028490521494900687,-0.0007045185593225617,0.0,0.0,0.03582892970335693,0.042699931861775876,0.0,0.0,-0.0035887978784933426,-0.0025084226000136023,0.0
0.0,-0.0024476520381567974,-0.001199461122249311,0.01800141561016829,0.0,0.0028434424299466246,-0.0009547674964789686,-0.00039591257169444005,0.0,-0.12845633932540784,-0.027427299993940633,0.0,0.0,-0.0037192322347686575,-0.002472589904581277,0.0
0.0,-0.002390828404416724,-0.0013306131297434862,-0.025016119788253067,0.0,0.002995054768174332,-0.0008676579464022421,-0.0005016854842744556,0.0,-0.13381504855419168,-0.02851998149932431,0.0,0.0,-0.0037242093596193387,-0.0025848119778446492,0.0
0.0,-0.0024642055100307717,-0.054675815961655716,-0.02495653560145396,0.0,0.0029311348565819626,-0.0009994408709202705,-0.0004397426462172671,0.0,-0.1403196096982298,-0.029512033597772047,0.0,0.0,-0.003925986786229024,-0.0024617698603664816,0.0
0.0,-0.0021519906184987447,-0.0011282065239610576,-0.024870889049682474,0.0,0.0,-0.0009171268735563728,-0.0004791167610378498,0.0,-0.12523569928352915,-0.026274912973138935,-8.644751482157764e-05,0.0,0.08232206178066527,-0.0025912713133112004,0.0
0.0,-0.0009669460405926288,-0.0006127693017891412,-0.011559083173832451,-0.00010533410860125159,0.0013190171545766766,0.0,0.0,0.0,0.3375332735187269,-0.009303255677906644,0.0,0.0,-0.0019106656536309252,-0.0011271570709596556,0.0
0.0,-0.002419144355743489,-0.0013314704862368708,-0.024957822605714358,0.0,0.008723078445064961,-0.0008983415080831347,-0.00045026693657804207,0.0,-0.13322024780214337,-0.02830291430673708,0.0,0.0,-0.0037410680088093094,-0.0025811872871827264,0.0
0.0,-0.0024487067209274104,-0.0013212126013467725,-0.04592372350614966,0.0,0.0031341961076588156,-0.00100064501848119,-0.000393391581028274,0.0,-0.13631192162196232,-0.02910879912000505,0.0,0.0,-0.003694973120822175,-0.002594120454340981,0.0
0.0,-0.0025466654478777722,-0.0011308668332590298,0.03512948005541669,0.0,-0.03350535673635226,-0.0009823581383978089,-0.0005354191798145058,0.0,-0.13063450139562865,-0.027948133953606544,0.0,0.0,-0.0036723234272501397,-0.002558259505961374,0.0
0.0,-0.002467369650334362,-0.0012266485486743402,-0.025043732805502043,0.0,0.003018741870730285,-0.0008667054717313088,-0.0006349808150643739,0.0,-0.13385566809882532,-0.028502654252315057,0.0,0.0,-0.0037008802416522413,-0.0024760033625268667,0.0
0.0,-0.002422773073899661,-0.0014229078818595933,-0.02513251541726923,0.0,0.0029943466153426975,-0.0008980387326050566,-0.0004634660187608497,0.0,-0.1340294120775866,-0.028289300943687874,0.0,0.0,-0.0036155126714354302,-0.0024763211741340896,0.0
0.0,-0.0024628964573069263,-0.0012649626661544128,-0.025039309013466616,0.0,0.002948082321164419,-0.0007967375022561916,-0.0004929136683660837,0.0,-0.13382312565478613,-0.02854274830095939,0.0,0.0,-0.0036514876856355545,-0.002629802748128699,0.0
0.0,-0.002407430573781771,-0.0011952470892441275,0.0827625852724825,0.0,0.0029202742825877068,-0.0010024832223609781,-0.0004133083630361717,0.0,-0.11871959001275179,-0.025530021268826364,0.0,0.0,-0.003605476733521943,-0.002493847643340697,0.0
0.0,-0.0012823497774581002,-0.00028690329767932935,-0.011480502623992845,-0.00022061913120748503,0.0012995232161743405,-0.00019389748828013698,0.0,0.0,0.33577160574739695,-0.00956239537374459,0.0,0.0,-0.0016587278900475387,-0.000967706244091515,0.0
0.0,-0.0023128450457731505,-0.001236619733061459,-0.024967652464040608,0.0,0.0027523551845460015,-0.0008260285187525984,-0.0006090912388446884,0.0,-0.13384968965324603,-0.028507298385558617,0.0,0.0,-0.0037389208026995012,-0.0024601107184649604,0.0
0.0,-0.002411471953812971,-0.0011426150270091677,-0.02492073493361758,0.0,0.0027669011286954037,-0.0008558241658927061,-0.0005687137191036605,0.0,-0.13388044462496404,-0.028477703149470714,0.0,0.0,-0.0036761366936137008,-0.0025891582371065755,0.0
0.0,0.004048499473693746,0.04949046994381798,-0.025099859349664317,0.0,-0.02195137098321967,-0.0011615047409129508,0.0,0.0,-0.09354161974967522,-0.027942175015867005,-0.0014443445040208658,-0.005857163491265151,-0.0006419206913988312,0.0,0.0
0.0,-0.0021636476228642653,-0.0013848996797425131,0.08269110485458561,0.0,0.0029166043038806825,-0.0009890883214143731,-0.000522070586956469,0.0,-0.11872722811570965,-0.0253832478914351,0.0,0.0,-0.003567886525647007,-0.0025541857664905716,0.0
0.0,-0.0024614083318548747,-0.00119617426040395,-0.024835569105917592,0.0,0.0028381865613259505,-0.0009893723859194404,-0.000477209850544099,0.0,-0.13396467883896768,-0.02847659849959165,0.0,0.0,-0.0036987977540998912,-0.0024942789099224403,0.0
0.0003805725211880606,-0.0009658003501174746,-0.0005955706930313814,-0.01202747778218108,0.0,-0.005136672536705484,-0.00010757858663521769,0.0,0.0,0.3429627696811507,-0.00934791291298516,0.0,0.0,-0.0018747842822522136,-0.0014661471247545898,0.0
0.0,-0.0023344360723865577,-0.0013412019574128699,-0.023640503185602322,0.0,0.0028780002875965216,-0.0007856791868622715,-0.0005351837123189877,0.0,-0.13376491839784183,-0.02842742848904144,0.0,0.0,-0.0037352613714343457,-0.0025691136976168116,0.0
0.0,-0.0024208013101198263,-0.001289568536888092,0.034875310524753574,0.0,-0.033488280876340246,-0.0008169501593218596,-0.0004277920446934258,0.0,-0.13066083754995356,-0.027997742007345984,0.0,0.0,-0.0035903112645727627,-0.0025674313382491507,0.0
0.0,-0.0024138152966519696,-0.0010873336649587111,-0.024934670343935855,0.0,0.0028452711319348085,-0.0009288839372120065,-0.0005123967680060737,0.0,-0.13407817035264452,-0.028309915719690795,0.0,0.0,-0.0037531386119711236,-0.0025828478127594076,0.0
0.0,-0.0009490938817405738,-0.0005070497231757528,0.00831648675592326,0.0,0.0013226482547268649,-0.0003349277371542114,0.0,0.0,0.31686202137499486,-0.008991062795351468,0.0,0.0,-0.0017660644253623583,-0.001173436924574419,0.0
0.0,-0.00229065594250287,-0.0011848333230280146,-0.024556175063881348,-0.02167293870423825,0.002731199299352963,-0.0009919088006682536,0.0,0.0,0.0573314979517692,0.08997794576033882,0.0,0.0,-0.003541240657831022,-0.002556600194501086,0.0
0.0,-0.0022985702068331615,-0.0012438687998297733,-0.025027311033982886,0.0,0.0027821845087912605,-0.0009827493869039002,-0.0004280524959565657,0.0,-0.133907124583234,-0.02840468596021319,0.0,0.0,-0.0036923308579623407,-0.0025533925597710904,0.0
0.0,-0.0022805823216982424,-0.0012782795485598093,-0.02478781510578012,0.0,0.002908550470589946,-0.0008938856222031775,-0.0005010839461979978,0.0,0.04744841741834989,-0.022920470654751342,0.0,0.0,-0.0036253534627775754,-0.002566620540253802,0.0
0.0,-0.0024175417234927822,-0.0012431371506104961,-0.009415056562881267,0.0,0.002894064014433199,-0.000971420813356823,-0.00037585469767328905,0.0,-0.1319081140398088,-0.028110496799826423,0.0,0.0,-0.0036789344969775425,-0.002518530544751132,0.0
0.0,0.021758284140918144,-0.0007250455914181578,-0.014786306488308185,0.0,0.0022233176393949413,-0.0005964795442978121,0.0,0.0,0.2890214719184761,-0.010314166420817221,0.0,0.000836948792894726,-0.0022824144874421873,0.008885953745499938,0.0
0.0,0.004405485790577523,0.009174800385458405,-0.012354875718360718,0.0007255507643729219,0.0018430474868651138,0.0,0.0,0.0,0.2907701797227536,0.005641608398141148,0.0,-0.0010010348721787854,-0.0018097821120095403,0.013807553065707268,0.0
0.0,-0.0010034420117023197,-0.0005403023835845966,-0.011258374918152536,0.0,0.0014169749116960144,-0.00024502319069885474,0.0,0.0,0.3361958537780353,-0.009260447448904965,-0.0002087543639984757,0.0,-0.0018352051085045327,-0.001295881169929982,0.0
0.0,-0.002441785562690427,-0.0012267200569971882,0.05739168565628547,0.0,0.0028984926766073616,-0.0009832635313556334,-0.00042463876851184246,0.0,-0.12258588468219127,-0.026263967839777184,0.0,0.0,-0.0035371218422242286,-0.002525889380029098,0.0
-0.00754018068326802,-0.001979503235871823,-0.0012362167815164055,0.03420067905804459,0.0,-0.03406121662971954,0.0,0.009531192130715653,0.0,-0.12043749535572515,-0.02512947400948203,0.0,0.0,0.042470012416956394,-0.002665931946060697,0.0
0.0,-0.0007784398606069181,-0.0006090429660527332,-0.01163126965993957,0.0,0.001378490580222994,-0.00021885124936610323,0.0,0.0,0.33615382685641404,-0.009307883727531621,-0.0002735682430147541,0.0,-0.0015177211699950804,-0.0014457734490086612,0.0
0.0,0.05392889057970262,-0.0006978259940108034,0.07683133130389362,0.0,0.0024316647264376293,-0.0007467015561277417,0.0,0.0,-0.08098651897325805,0.15543808599983486,0.0,-0.0011430390369128215,-0.0033991173523053955,-0.0022934831160086803,0.0
0.0,-0.0024409868380847162,-0.001184696411163897,-0.02498111682590122,0.0,0.0029658045429435675,-0.000976630315936626,-0.0004613710925481928,0.0,-0.13397100319027636,-0.02844113020950924,0.0,0.0,-0.0037293690256402713,-0.002535402009778727,0.0
0.0,-0.002196859015890245,-0.001423354031800397,-0.02483890309778017,0.0,0.002876310026942358,-0.0008116744250972787,-0.0005630228437122233,0.0,-0.13378332795463205,-0.028641381930860178,0.0,0.0,-0.003723209968423102,-0.0026504781346423536,0.0
0.0,-0.012791454571458643,-0.0013467717176628966,-0.04330360250285027,0.0,0.002794643133842728,-0.001013251631796593,-0.0004370131657793051,0.0,-0.13725443275626795,-0.029202880484858047,0.0,0.0,-0.003586244305043537,-0.0026172515665850342,0.0
-0.025291346803883844,0.002979122396567443,0.013723464173793538,0.03299781021627362,0.0010574639715982131,0.003106973568179636,0.016260689328214364,0.0,0.0,-0.07052190875039371,-0.02654453033041337,0.0,0.0,0.0,-0.002610223648919395,0.0
0.0,-0.000934485935209331,-0.0006287109285550772,-0.011510282349521835,0.0,0.0012022261173013844,0.0,-0.0003534217446170019,0.0,0.33539759848986833,-0.00923737373943153,0.0,0.0004969985094645524,-0.0016660637774223762,-0.0013691098914300297,0.0
0.0,-0.0023286095454760833,-0.0012019338773920011,-0.025035753913323733,0.0,0.018460554025707614,-0.0008240349736641759,-0.00055209104282955,0.0,-0.1319480376594055,-0.028034603379426905,0.0,0.0,-0.0036772145692758663,-0.002523122933493795,0.0
0.0,-0.0023542240010282025,-0.0012389683015669494,-0.019787260111438484,0.0,0.002934711976912724,-0.0009519299565500627,-0.0006069604750870316,0.0,-0.13333740988515094,-0.028240140628802427,0.0,0.0,-0.003667744324312057,-0.0025036178790340713,0.0
0.0,-0.000935538613809978,-0.00039294202445661763,-0.011748757145803547,0.0,0.0013276483733326936,-0.0001476493925024469,-0.00020246616276112643,0.0,0.3370637681116218,-0.009599781032537615,0.0,0.0,-0.0017744955883347703,-0.0012043401312071729,0.0
0.0,0.015832313752839385,-0.0009129666541284687,-0.015454799967361484,0.0,0.0022285936364540068,-0.0004166162811671259,0.0,0.0,0.29005713575420905,-0.010432681137173584,0.0,0.0005277113406443598,-0.0023787382489275986,0.00622027185089218,0.0
0.0,0.0,-0.0013329204169813186,0.0679859418294327,0.0,-0.03376705071732566,-0.0006075925271669773,0.0,0.0,-0.10884130790182936,-0.0045090215134229485,-0.0032642272601877504,0.0010982420675476568,0.04478857881443646,0.04384263072493791,0.0
0.0,-0.0023785039999898246,-0.0012820108005632419,0.01665421054989504,0.0,0.0027604185528237344,-0.0008205094196285758,-0.0004978804058378417,0.0,-0.1285425613335019,-0.027555007538773033,0.0,0.0,-0.0035923049982750613,-0.0024736238625287627,0.0
0.002325937693590935,-0.0023229994453853055,-0.0011081518956004763,0.032157640140760335,0.0,-0.036760754217878,-0.000825094480753713,0.0,0.0,-0.13097812665822645,-0.023147417488080534,0.0,0.0,-0.003479559170532666,-0.00253087272817458,0.0
0.0,-0.002047052538561767,-0.0011253250761087926,-0.024819744914887868,0.0,0.0,-0.0006142403593477443,-0.00024057492610338183,0.0,-0.13433938627217776,-0.028379617638980868,-0.005467922043127693,0.0,-0.0031958470796092132,-0.00235556084320469,0.0
0.0,-0.002046045276797797,-0.0008321290662250399,-0.024808383803867348,0.0,0.0,-0.0006834891923634421,-0.00018519984140916157,0.0,-0.13400426594281095,-0.02817470168768646,-0.0031372911580879576,0.0,-0.003559726727162546,-0.0021571108129709252,0.0
0.0,-0.002353816422400162,-0.0014088999465981964,-0.02495635575179097,0.0,0.0027957631992928996,-0.0009125747447539606,0.0,0.0,0.07076466955531995,-0.022323946435891705,0.0,-0.003919949803210204,-0.0038019063310075346,-0.0026273499591830283,0.0
0.0,-0.002424349696423942,-0.0012644622664926537,-0.025122622846191444,0.0,0.002770953619344513,-0.0008204901919527186,-0.0005858697495722191,0.0,-0.13387975505037752,-0.028441616173879348,0.0,0.0,-0.0036832183583063753,-0.002304470662043963,0.0
0.0,-0.0009762319898650019,-0.0005617666619879472,-0.01126682204295416,0.0,0.001246637265636791,-0.0004076654803558677,0.0,0.0,0.33601956187005183,-0.009448775593229188,0.0,0.0,-0.001725487698694548,-0.0011296825574803027,0.0
0.0006660267475254167,-0.0013583329325259094,-0.0010358089873867748,-0.011244235052577777,-0.007234058850671265,0.0016878113055455643,0.0,0.0,0.0,0.274847135117284,0.05888860326619002,0.0,0.0,-0.001984870143731045,-0.0012784054605110278,0.0
0.0,-0.0008871572580347206,-0.0005816530155880038,-0.011474331311167044,0.0,0.0014096682151592903,-0.0004083723013804663,0.0,0.0,0.337332170773276,-0.00949836811756416,0.0,0.0,-0.001780896229786483,-0.001111061196023963,0.0
0.0,-0.002344752220237396,-0.0013178619463356605,-0.024942445212207075,0.0,-0.01996952906755706,-0.0010304899715118914,-0.0005010677197520852,0.0,-0.13657501252907067,-0.028926040758603947,0.0,0.0,-0.0037833117796482224,-0.0025814574832211286,0.0
0.0,-0.002285604016188807,-0.0012945670975736865,-0.025126722603018962,0.0,-0.008034861311408131,-0.0009792607386114487,-0.0003805472383296288,0.0,-0.13427797080447068,-0.026573987373014425,0.0,0.0,0.0886070613416932,-0.002459914530388348,0.0
0.0,-0.0022789833943000675,-0.0014435706492343242,-0.024982296898680558,0.0,0.002951395032597941,-0.0009863966554659155,-0.00045646926989018066,0.0,-0.13392768390252205,-0.02840686149123189,0.0,0.0,-0.003604923426730861,-0.0026201107204377877,0.0
-0.0032152455464644573,-0.001412885912586574,0.02176542705085543,-0.014870239142909109,-0.009367014818157349,-0.0006049040953087781,0.0,0.0,0.0,0.27063410324417136,0.026804853329354925,0.0,0.002192107574521646,-0.0023790865321083906,0.0,0.0
0.0,-0.0024435001010987807,-0.0012707414422946767,-0.02503411990862281,0.0,0.0029411024866782542,-0.0009412920996855611,-0.00044800915477118494,0.0,-0.13393065385059832,-0.028476346159811972,0.0,0.0,-0.0037172603987135774,-0.002435080746977015,0.0
0.0,-0.00233572804852675,-0.0012976150447539581,-0.02477437506433723,0.0,0.0028782255830153546,-0.0008834235276979567,-0.0004169162851310384,0.0,0.0474570893834213,-0.022876952551765365,0.0,0.0,-0.0036953602309782356,-0.002552067526528352,0.0
0.0,-0.002317218415817485,-0.0011271887404144057,0.08259660101883975,0.0,0.002847873905971664,-0.0008683591495161498,-0.0005520185580545761,0.0,-0.11869467380095551,-0.025467730200988574,0.0,0.0,-0.003589877914952163,-0.0025119534959061776,0.0
0.0,-0.002380083455986513,-0.0014040649492371314,-0.02498716684882704,0.0,-0.038541942620409074,-0.0008957461345653799,-0.0005108628939606286,0.0,-0.1388790037800656,-0.02940951369539472,0.0,0.0,-0.003752900452565834,-0.0025112385483355448,0.0
0.0,0.026438917716796427,-0.0010458802691499715,0.07958192953156473,0.0,0.0025866886921528044,-0.0009875049581090773,-0.0007377374034344963,0.0,-0.10065563665673781,0.0655204943986039,0.0,0.0,-0.0035445626781646037,-0.0023173377587952498,0.0
0.0,-0.002503000511486111,-0.0012697039280608136,-0.024913566142076068,0.0,0.0028125351723852234,-0.0009013155198748309,-0.00034700256004205343,0.0,-0.13994401951953947,-0.029746606957487116,0.0,0.0,-0.055298542131450634,-0.002595670897136999,0.0
0.0,-0.0022997602351302205,-0.001313549809510167,0.057467684786741975,0.0,0.0028948008712817975,-0.0008812479560276019,-0.0004988198132838961,0.0,-0.12270163173285178,-0.02625573874675272,0.0,0.0,-0.0035596509398883687,-0.0025511797554630443,0.0
0.0,-0.002253333953722953,-0.001279407937801153,0.057371798271776214,0.0,0.002894235261213092,-0.0008404105082498788,-0.0005696077052850801,0.0,-0.12269648047290097,-0.02623710075224776,0.0,0.0,-0.0036406337610455472,-0.002448151772619985,0.0
0.0,-0.0025295608636341214,-0.00115793156290796,-0.019808083014968527,0.0,0.0029325188141426186,-0.0009074720329540618,-0.00036378776816356484,0.0,-0.1332224169454997,-0.028375750225055934,0.0,0.0,-0.0037864735407897765,-0.0025345864462264505,0.0
0.0,-0.007556166230202565,-0.001133218777314326,-0.04451339448109362,0.0,0.002994336585567617,-0.0011847335227736827,-0.0004999345755836992,0.0,-0.13690065077656813,-0.0289924086305903,0.0,0.0,-0.0037665846188661666,-0.0026580235755075178,0.0
0.0,-0.002259032354176579,-0.0012704111822480133,-0.024937602889485044,0.0,0.002980874065712208,-0.0008932817137471331,-0.0006130584899214441,0.0,-0.13390248317770864,-0.028454898192389357,0.0,0.0,-0.003725005120998882,-0.0026810023209327748,0.0
-0.0017216046591259138,-0.0035759440165092538,0.0,0.01849836431266668,0.0010349219306877676,0.0,-0.0008375531626882426,-0.0013825083014013901,0.0,0.1502034653494648,0.14964542546831971,-0.0012131920616935,0.001982256883234767,0.0,0.0,0.0
0.0,-0.0009727897854329669,-0.0007062284102917594,-0.0118424974244239,0.0,0.0013437240940392058,-0.00028475538699094025,0.0,0.0,0.33786456250916136,-0.009359847481471768,0.0,0.00039402737737009863,-0.0019404278970803453,-0.0012286879488880706,0.0
-0.022897733857821057,0.0,-0.001144708011109656,0.033554469035010095,0.0,-0.03510970802736349,0.0,0.02942706058581512,0.0,-0.09778220775877078,-0.018833344250454288,-0.0012488561565042005,0.0,0.13291664901634795,-0.0026021344281269023,0.0
0.0,-0.0024385553812389486,-0.0013354795452585491,-0.017135407195182674,0.0,0.0028186030348109183,-0.0008821995271641224,-0.000331324017210477,0.0,-0.13289023994850183,-0.028356149653582633,0.0,0.0,-0.0037597365433988885,-0.0024402492216836122,0.0
0.0,-0.0024848436106854094,-0.0012412961094969937,-0.024901157687484566,0.0,0.002882347107443458,-0.0008766469451758831,-0.00041726991212809317,0.0,-0.1339606422132305,-0.028360472655381594,0.0,0.0,-0.0037596337417285124,-0.002636285608027498,0.0
0.0,-0.0028653665660743045,0.0,0.01799253669816895,0.0014488567501870244,0.0,-0.0018443387405300239,0.0016864163964345378,0.0,0.14719568259177504,0.15186071688383054,0.0,0.0007577503238249683,-0.0021800537726144598,-0.001418568822046813,0.0
0.0,-0.002283843411485959,-0.0012197566896468054,0.08276489458473735,0.0,0.00285760623044377,-0.0008801328444614766,-0.0004318601469707334,0.0,-0.11884217527264455,-0.02550143187453161,0.0,0.0,-0.0036445161129837257,-0.002503329814249897,0.0
0.0,0.0,-0.000713907892866421,-0.01164256212839411,0.0,-0.0024693712264150557,-0.0003729888251353403,0.008253285667516064,0.0,0.3309754618861362,-0.008878764572995121,0.0,0.0003493213641227455,-0.0013002176890887767,-0.0012008371328810484,0.0
0.0,-0.001776207051773566,-0.0009925178971326362,-0.017206414778913166,0.0,0.002314045863346288,-0.0006594833428891549,0.0,0.0,0.29304946320545205,-0.011739494401593767,0.0,0.0006468865428184145,-0.0026349816752635493,-0.0019850913936284545,0.0
0.0,-0.0010193592784661124,-0.0003506571639295408,-0.011427501709366374,0.0,0.0004303649947964838,-0.0004559258235570578,0.0,0.0,0.3367074986354078,-0.009479758109342585,0.0,0.0,-0.0016841668457138585,-0.0013003019090069507,0.0
0.0,-0.0023859784441016925,-0.0013694945787652043,-0.024988609342199264,0.0,0.0029243170910280003,-0.0008098830752346339,-0.0005404876652926443,0.0,-0.13389769338610275,-0.028470447215507313,0.0,0.0,-0.0037155724595459537,-0.002502052300174229,0.0
0.0,-0.002374078356104715,-0.0013271108433723338,0.13294096275305023,0.0,0.0027673093831705633,-0.0009312074538667113,-0.00038083080191385517,0.0,-0.11054917197800322,-0.02369973480732451,0.0,0.0,-0.0035011368931240875,-0.002595047237173062,0.0
0.0,-0.0023573469013548095,-0.001214649264652717,-0.02483166790153416,0.0,0.0028788700458378335,-0.0008522918192484122,-0.000453052714452876,0.0,0.047507372655068124,-0.0229239449245412,0.0,0.0,-0.0037107224633393383,-0.002539690025064673,0.0
0.0,-0.002581511478104839,-0.0012501926589769765,-0.024949907939678908,0.0,0.0028715707112988787,-0.0009607641352493024,-0.00026376136192271527,0.0,-0.1339948607545121,-0.02841537566862113,0.0,0.0,-0.003782406495998499,-0.00242869159413004,0.0
0.0,-0.0024002234819961756,-0.0052826495042065,-0.024783109200080748,-0.02097117735230445,0.0,-0.0006440911134122698,-0.0002705669273139477,0.0,-0.13516843408877044,-0.015141457492026264,0.0,0.0,-0.003406616569231455,-0.0022390017006610158,0.0
0.0,-0.0014220897936277055,-0.0006272528202364053,-0.016345697896003,0.0,0.0023652163490607884,-0.0004032274548517661,0.0,0.0,0.31344494173588283,-0.010530429532583504,0.0,0.000628063443079141,-0.0023934994639931402,-0.0018919998977408206,0.0
0.0,-0.002408298785026183,-0.0009494307272308057,0.15790607825361525,0.0,0.003001600654478427,-0.0010561010185352342,-0.00032132326082831564,0.0,-0.10666599494079346,-0.022840956047421368,0.0,0.0,-0.0037008640860408375,-0.00259480513883705,0.0
0.0,-0.002311844121502957,-0.001127513471828576,-0.02485858439513636,0.0,0.0030025110499923616,-0.0009177099857245375,-0.00032114918067649434,0.0,-0.13365170944053217,-0.028310906398123375,0.0,0.0,-0.003620669368317029,-0.0025517176006094257,0.0
0.0,-0.0023311846068617462,-0.0012814288429000666,-0.024831532966335397,0.0,0.0029609332825560066,-0.0009395806601468785,-0.00045841014498580746,0.0,-0.125643662026093,-0.026764149009688737,0.0,0.0,0.05958320229865297,-0.0024453061577104952,0.0
0.0,-0.0021197798067762387,-0.0014749692615383396,0.06923144471663753,0.0,-0.03613423759537081,-0.0008412027958517258,0.0,0.0,-0.11163451731936505,-0.024040626349305226,-0.0035397657759936294,0.0,0.06046134372361339,0.03874839434250051,0.0
0.0,-0.0026366980722740477,-0.0011538617460407547,-0.02507959361119414,0.0,0.0028600796121777787,-0.00076048115532285,-0.0004748462726373026,0.0,-0.13575267258909124,-0.028759611173793338,0.0,0.0,-0.018680476972139967,-0.0025136678061318373,0.0
0.0,-0.0019383640018557071,-0.0009632587874077147,-0.024807095860074898,0.0,0.0,-0.0006890409923892224,-0.0003279380539516208,0.0,-0.13860518454303927,-0.02916046994271051,0.0,-0.03954035462426162,-0.003554983953032362,-0.0023451480789789137,0.0
0.0,-0.0023325920623682313,-0.0011768826568850509,-0.024880760039240512,0.0,0.002803626783897062,-0.0009954304973396003,-0.0005355579701396473,0.0,-0.13384501423605716,-0.02858929200690222,0.0,0.0,-0.0036320082945313133,-0.0025719903963289546,0.0
0.0,-0.0024645647077193265,-0.0012926331565052648,-0.024951208371736724,0.0,0.0027067610175021684,-0.0008999880247413455,-0.0004531672683350405,0.0,-0.13374722174064946,-0.02857901346485491,0.0,0.0,-0.003576012755971059,-0.002498852902884681,0.0
0.0,0.042028268217913646,-0.006072347169404936,-0.024791781012911445,0.0,0.0026622250632095173,-0.0010464569555486414,0.0,0.0,-0.1136390987656705,-0.02433020537396002,0.0,0.026499437729387038,-0.0038407261481019756,0.07446411007501705,0.0
0.0,-0.002321531784452198,-0.0013263884186238022,-0.032785626258701774,0.0,0.002877134889360533,-0.0010116446999807486,0.0,0.0,-0.13412803213037824,-0.02868155757553463,0.005741925497725885,0.0,-0.0037128460253568756,-0.002615989196852469,0.0
0.0005141526112383832,0.0010084719179763104,0.0,-0.011990124557702994,0.017419939091324832,0.001629592360871331,0.0,0.0,0.0,-0.03260690241458171,0.33688162801577526,0.0,0.00172713468081487,-0.002125204023927546,-0.0009040249200100988,0.0
0.0,-0.002453486808323059,-0.0012906010905686031,0.08276287615688718,0.0,0.0029286447530705592,-0.0008020758035803655,-0.000516834038324615,0.0,-0.11870217330995567,-0.025500819088524838,0.0,0.0,-0.0035818138264995802,-0.0025282622959746444,0.0
0.0,-0.0024338961374059114,-0.001179609099676947,-0.024994060078035302,0.0,0.002891304573833131,-0.0008738273153682001,-0.0005250505188933104,0.0,-0.13390998663030987,-0.028433555047012823,0.0,0.0,-0.003763435410512928,-0.00253378571251347,0.0
0.0,-0.0023473646410249677,-0.0012084884351501312,0.03707141072684436,0.0,0.002794695279773702,-0.0008231071377951545,-0.0004897897342790031,0.0,-0.12564620475083177,-0.026897518586192323,0.0,0.0,-0.0036516541693158637,-0.0025154118456604297,0.0
-0.011979285451801665,-0.0005338752664480603,-0.0007293711221133363,-0.011672053259085375,0.0,0.0008748869532035353,-0.0005267904306015735,0.0,0.0,0.3482886879427646,-0.009245061033128436,0.0,0.0,-0.0014572384696249971,-0.0013250430032544188,0.0
0.0,0.08702416673325404,-0.0016625323118221872,0.13260561691936273,0.0,0.005321945693722677,-0.0010867950396466369,0.0,0.0,-0.09658668379368136,-0.020261090641491973,-0.0010081767148529958,0.0,-0.004990185070452297,-0.0023451546208493315,0.0
0.0,-0.0024857712467320826,-0.0011639324432666533,0.05606960612910461,0.0,0.002756294407100952,-0.0008702433085067548,-0.0005478464238625746,0.0,-0.12279739420867639,-0.02620506458647446,0.0,0.0,-0.0034695510429147763,-0.0024886195850857347,0.0
0.0,-0.0020958519041361368,-0.0012625891910083334,-0.024547949217455657,0.0,0.0028805206771869616,-0.0009675146498985945,-0.000402250803990159,0.0,-0.11789462962948255,-0.025231571152582156,0.0,0.0,0.10919071538199769,-0.0027539892991622745,0.0
0.0,-0.0012498390711947083,-0.0013216323880710457,-0.012020751826867073,0.0,0.001983201323785701,0.00041668358019408824,-0.0007562507857904459,0.0,-0.06239449390362838,0.3896858429366757,0.0,0.0,-0.0020403109300413808,-0.0008682934771363855,0.0
0.0,-0.0023397694885880435,-0.0012362852227450509,0.09031184261004299,0.0,-0.014016899207079504,-0.0009470987826958694,-0.0005184455543348204,0.0,-0.12006043691012873,-0.02571608040126435,0.0,0.0,-0.003613161006829462,-0.002487191816990097,0.0
0.0,-0.0024155037730420664,-0.001279236381537762,-0.024957256429953285,0.0,0.002819626594829097,-0.0009357660326449116,-0.0004439958479319772,0.0,-0.1339329473956532,-0.028499864250752825,0.0,0.0,-0.0036344282559208382,-0.0024765296032879104,0.0
0.0,-0.0024607515816231565,-0.0012233963189869077,-0.02505894556053018,0.0,0.002963178886490503,-0.001009103495256871,0.0,0.0,-0.13337328311448557,-0.028426955355109786,0.003698510119698235,0.0,-0.003749112979491967,-0.002594024854936162,0.0
0.0,-0.0025548468732037167,-0.0012458387175511435,-0.0249770561869917,0.0,0.002898523595931271,-0.0007934206811643171,-0.00045499069231366707,0.0,-0.13388224653987502,-0.028467446616013414,0.0,0.0,-0.0036891315408998384,-0.002589447123814126,0.0
0.0,-0.00242637170633241,-0.0011866150239976186,0.0063038050444934116,0.0,0.002966429842143922,-0.0009375156191835951,-0.000541220776907575,0.0,-0.13000951906017635,-0.027625622477149548,0.0,0.0,-0.0037246087966876936,-0.0025523538742178997,0.0
0.0,-0.002396741674622726,-0.0011277568367999416,-0.025027181912649233,0.0,0.0027477260479018347,-0.0007406262989114018,-0.00044183514637458066,0.0,-0.13394566187187046,-0.028438565157941215,0.0,0.0,-0.00374132737672167,-0.0026439311479062623,0.0
0.0,-0.002501824835212665,-0.00118508630834911,-0.024977217649865276,0.0,0.0028945941194962743,-0.0008050398837971207,-0.0005155513888234347,0.0,-0.13399580898633676,-0.028361098159713813,0.0,0.0,-0.0038176917749035357,-0.0024911765083902686,0.0
0.0,-0.002217045561643028,-0.0012599363509387083,-0.017665994318110577,0.0,0.002703476641732837,-0.0009332971774157581,-0.0003989746737079469,0.0,-0.13295315135048652,-0.028375282376879186,0.0,0.0,-0.0035867872923004227,-0.0025774942497402927,0.0
0.0,-0.0022234526982240497,-0.0012847618877790902,0.012214303426721468,0.0,0.0028766947545846855,0.0338169512175699,-0.0003726083567800048,0.0,-0.11812939359336407,-0.026282521863308272,0.0,0.0,-0.008926071130388218,-0.0025540128941240474,0.0
