Current density (A/cm2),Voltage (V),Faradaic efficiency,CO conversion,Crossover rate,Capture energy (MJ/kgCO2),Electricity price (USD/kWh),Membrane cost (USD/m2)
0.20391877744672127,0.0,0.04785140353043891,0.0,0.0,0.0,0.00704459997452106,0.0
0.09832415656725467,0.0,-0.005612128393368845,0.0,0.0,0.0,0.01161550054238283,0.0
-0.027724730495229593,0.0,-0.04433102485836349,0.0,0.0,0.0,0.012689468600119921,0.0
-0.09682711515964029,0.0,-0.0489169272641036,0.0,0.0,0.0,-0.009247227640428735,0.0
-0.009442346680450577,0.0,-0.04123391298465694,-3.7450855936350946e-05,0.0,0.0,-0.0032946551089246606,0.0
-0.09099629007406825,0.0,-0.006684145606448154,0.0,0.0,0.0,0.009204581523249905,0.0
-0.09990390735938982,0.0,0.037889266035395386,0.0,0.0,0.0,0.008706123630656162,0.0
-0.07754328085750133,0.0,-0.045371893025543564,4.199394608710161e-05,0.0,0.0,0.00297108974625166,0.0
0.012763173317804011,0.0,-0.06452020437208868,-3.834448652127037e-05,0.0,0.0,-0.006034869714483021,0.0
0.15396100963397746,0.0,-0.0670095926319278,0.0,0.0,0.0,0.007657961813782588,0.0
-0.06813910728682175,0.0,-0.016720036774900478,-1.4618184744463747e-05,0.0,0.0,-0.001152609231432734,0.0
-6.941814099283711e-05,0.0,-0.039481015577042505,0.0,0.0,0.0,-0.0051857439637062516,0.0
0.020257343866617566,0.0,0.09284192636620905,0.0,0.0,0.0,0.015585040919812887,0.0
-0.09818603706574491,0.0,0.11528903745645168,0.0,0.0,0.0,-0.008521512018676389,0.0
-0.06246382133862131,0.0,-0.06624507633706146,0.0,0.0,0.0,0.016379517999045246,0.0
0.030868481795335686,0.0,0.030859826678030985,1.7609577189645065e-05,0.0,0.0,0.004802398667726503,0.0
0.1582418580957211,0.0,-0.05396454136294671,0.0,0.0,0.0,0.004939282971195669,0.0
-0.09745791205362686,0.0,-0.010701390147149771,-3.053872845597272e-05,0.0,0.0,0.010731998937989361,0.0
0.08078382181840629,0.0,0.007961431260790686,0.0,0.0,0.0,0.009309870251100616,0.0
0.20607559510451148,0.0,-0.004724011418218286,0.0,0.0,0.0,0.001914588962317998,0.0
-0.08848213650932746,0.0,0.12883194970874107,-2.7635463597384252e-05,0.0,0.0,-0.016398245182343587,0.0
-0.0032306974731449722,0.0,-0.050421000767377794,0.0,0.0,0.0,0.012533373485035445,0.0
-0.0871959563513265,0.0,-0.018157333307205082,0.0,0.0,0.0,-0.003437392060113398,0.0
0.21877025141949755,0.0,-0.06980601875797836,0.0,0.0,0.0,-0.016690708614439997,0.0
0.054762963631410914,0.0,-0.07314907857420096,3.838685025459726e-05,0.0,0.0,0.01467810757975442,0.0
-0.04954620161030101,0.0,-0.02578611724044433,0.0,0.0,0.0,-0.0021128762269694568,0.0
-0.01969362733207861,0.0,-0.06393937734300424,0.0,0.0,0.0,0.006810067187661931,0.0
0.11612968204850081,0.0,0.11119313316509374,0.0,0.0,0.0,0.011841744867115034,0.0
-0.03588439537657585,0.0,0.022221360012366895,0.0,0.0,0.0,-0.015877206352948287,0.0
-0.09769860920691845,0.0,0.11757547783049276,0.0,0.0,0.0,0.010104475362164564,0.0
-0.04743699680989675,0.0,0.1000426765797565,0.0,0.0,0.0,-0.0032647769633963944,0.0
0.08060766639050701,0.0,-0.061921250531398304,0.0,0.0,0.0,-0.011351051993075033,0.0
0.15707638252947723,0.0,-0.03160272612682803,0.0,0.0,0.0,0.00048457671654306145,0.0
0.02010140226139645,0.0,-0.012208930972941456,0.0,0.0,0.0,0.01689322521918024,0.0
-0.04790309309494721,0.0,0.07444567948534436,-3.941975218741886e-05,0.0,0.0,-0.013509861669194493,0.0
-0.07528123277913269,0.0,-0.05234759718791509,-3.577808443228081e-05,0.0,0.0,0.009321581653002616,0.0
0.035001808376259436,0.0,0.11130684647896785,0.0,0.0,0.0,0.00537789337893993,0.0
-0.04374569107612603,0.0,0.029358542395680556,-3.810322834998936e-05,0.0,0.0,-0.005675044587414512,0.0
0.023358546516206287,0.0,-0.045281925665209596,3.339427990131996e-05,0.0,0.0,0.010756134295743573,0.0
-0.09886073571547757,0.0,-0.0134335364908364,0.0,0.0,0.0,0.011415317320058821,0.0
0.1383781686437636,0.0,0.04666950031842342,4.0583447430381225e-05,0.0,0.0,-0.013057118995167599,0.0
-0.09504873377364838,0.0,-0.047776155832639396,-3.6790734447206264e-05,0.0,0.0,-0.010933503316729872,0.0
0.07028033282571665,0.0,-0.062467053185905515,0.0,0.0,0.0,0.0031320693393664598,0.0
-0.05929202891117662,0.0,0.03644836884186725,0.0,0.0,0.0,-0.01260703782842039,0.0
-0.05508345153425646,0.0,-0.04137113281858607,-3.0222649236633092e-05,0.0,0.0,0.0030787099487326417,0.0
-0.06558488929883297,0.0,0.04194821750595624,4.06869334446322e-05,0.0,0.0,0.006110544129518503,0.0
-0.02599566840198532,0.0,0.08949715707909298,0.0,0.0,0.0,0.016554730663398066,0.0
0.0944815552455016,0.0,-0.07128954134995859,3.939712783909005e-05,0.0,0.0,-0.006986344856323037,0.0
0.0642870533647667,0.0,-0.0105507135160761,-3.607627686880166e-05,0.0,0.0,-0.013426747154137122,0.0
0.10510590023588197,0.0,0.015384740021641771,4.1102822969263375e-05,0.0,0.0,-0.002637064725094706,0.0
0.09869651525104378,0.0,-0.02507216966245148,0.0,0.0,0.0,0.004888709498678562,0.0
0.04699586796405724,0.0,-0.021063572792103084,-3.020515808757271e-05,0.0,0.0,-0.012180475890340846,0.0
0.030506550215542733,0.0,0.11509206108371527,0.0,0.0,0.0,-0.0006568650632292061,0.0
0.20166649991617472,0.0,0.019250945018142424,0.0,0.0,0.0,0.010635780822509378,0.0
-0.06729401758973921,0.0,-0.07607604229427645,0.0,0.0,0.0,-0.016967717014187117,0.0
-0.04872946482519017,0.0,-0.006684450598477984,0.0,0.0,0.0,0.01307482793853606,0.0
-0.058630229520602886,0.0,0.12501811755142372,0.0,0.0,0.0,-0.013515797451606623,0.0
-0.09370891253602649,0.0,-0.07258012187517326,0.0,0.0,0.0,0.009880350993107134,0.0
-0.08601638204066242,0.0,-0.05294430880420835,0.0,0.0,0.0,-0.016938477168520594,0.0
-0.003455318093772242,0.0,-0.05601516304298584,0.0,0.0,0.0,-0.0026880746081854243,0.0
0.015868539162609104,0.0,0.008650033482247368,0.0,0.0,0.0,-0.00802134902807512,0.0
0.07122012693531564,0.0,-0.026917699277705775,0.0,0.0,0.0,0.0043900958229868,0.0
-0.03149319235021626,0.0,-0.010279046594254533,-3.7013747659263296e-05,0.0,0.0,0.0017516223927432001,0.0
0.20408798947335688,0.0,0.026934845376486705,0.0,0.0,0.0,0.004191427398376968,0.0
-0.07302562901830877,0.0,-0.0708152762685381,0.0,0.0,0.0,-0.0008679973094455062,0.0
-0.02236373112830937,0.0,-0.03924909468605532,-3.39240276964331e-05,0.0,0.0,-0.012618388425274645,0.0
-0.0454003581460938,0.0,-0.06982204869389655,-3.47394399694001e-05,0.0,0.0,-0.014004914599566253,0.0
-0.04492423515039429,0.0,0.06055344734164788,4.0540311260722425e-05,0.0,0.0,-0.013208141230474783,0.0
0.09325863973734909,0.0,0.018877749834218638,0.0,0.0,0.0,0.00735503761271851,0.0
0.15804174223377038,0.0,0.06587026273006483,3.7241366364876294e-05,0.0,0.0,0.013373172599081284,0.0
-0.05338409045546702,0.0,0.016963729560189482,0.0,0.0,0.0,0.005348905656162896,0.0
-0.012570947862109466,0.0,0.013692160087063572,-3.514121621046797e-05,0.0,0.0,-0.000720039837717289,0.0
-0.0788769825710321,0.0,-0.03522243121518348,0.0,0.0,0.0,-0.0025537762293959543,0.0
0.06023321461323573,0.0,0.09390619136817512,0.0,0.0,0.0,-0.005943842187093484,0.0
-0.057666122563854894,0.0,-0.00034661112470733835,0.0,0.0,0.0,-0.011751344927398722,0.0
0.04377914202404666,0.0,0.004490849681934365,4.122048443666593e-05,0.0,0.0,0.0014505590128047075,0.0
-0.05663602146826832,0.0,0.050674562292285556,0.0,0.0,0.0,0.015125851171594075,0.0
-0.04973308846693787,0.0,-0.048947644709329934,0.0,0.0,0.0,0.014848140451649006,0.0
-0.09678864883249982,0.0,-0.036702097177896825,-3.814839553001326e-05,0.0,0.0,0.00890741275003346,0.0
-0.06338544567657788,0.0,-0.07472978623613198,-3.59468845762545e-05,0.0,0.0,-0.003957754292742537,0.0
0.0021807928644293484,0.0,-0.07590966705459515,0.0,0.0,0.0,-0.014330075279219227,0.0
0.048913404273476804,0.0,0.1032495722785142,0.0,0.0,0.0,-0.004659959125318913,0.0
-0.04699995637826348,0.0,-0.06929815784204486,0.0,0.0,0.0,-0.003799792129646151,0.0
0.14717802109261102,0.0,0.04694448476624039,0.0,0.0,0.0,-0.009385092689762925,0.0
0.14118391378135914,0.0,0.04681465690492734,2.5301502001195963e-05,0.0,0.0,0.0022477130389062763,0.0
-0.06803345125018007,0.0,-0.06627189367974282,-3.731265902415237e-05,0.0,0.0,0.006941602730920643,0.0
-0.03128319077162192,0.0,0.04928426400349179,4.119194633094361e-05,0.0,0.0,0.0065874459740572254,0.0
0.0706537980240549,0.0,-0.03340806736705547,-3.048601005204571e-05,0.0,0.0,-0.01402161800358522,0.0
0.1243219539290841,0.0,0.09561190189381223,4.2301743784278756e-05,0.0,0.0,-0.013787211556863356,0.0
-0.09878019288787426,0.0,-0.05451199666959868,-3.178299548040053e-05,0.0,0.0,-0.006543747215389512,0.0
0.15530191556636688,0.0,-0.022116037244764863,-3.273863645707198e-05,0.0,0.0,-0.01242816457490962,0.0
-0.04214469285342282,0.0,-0.07565172143287806,-3.3240924762270585e-05,0.0,0.0,0.005911070746217618,0.0
0.055147343998292735,0.0,0.12142670021707011,0.0,0.0,0.0,-0.009916239725092119,0.0
-0.09834078067401221,0.0,-0.0665799490666148,-2.8518920097253542e-05,0.0,0.0,0.0026993100546433683,0.0
-0.04673595391542625,0.0,-0.05888711855124793,-3.873015960528803e-05,0.0,0.0,-0.011566393397480253,0.0
0.10273487234459448,0.0,0.0023138118773903525,2.5379003691872182e-05,0.0,0.0,-0.004630313558327735,0.0
-0.07251110176791246,0.0,-0.07322643066277457,-3.732486629093312e-05,0.0,0.0,-0.010681480034612546,0.0
-0.010310484027205193,0.0,-0.07312129617174794,0.0,0.0,0.0,0.01521599183567772,0.0
-0.09772846015606325,0.0,0.03165218003505287,0.0,0.0,0.0,-0.01375831615413789,0.0
0.22782514640565224,0.0,0.042490061345025684,0.0,0.0,0.0,-0.016116329699692455,0.0
0.12892847114639455,0.0,-0.023712752384488753,0.0,0.0,0.0,-0.001168600096982969,0.0
0.16962976917257497,0.0,0.0744161862045374,0.0,0.0,0.0,-0.010641647772141327,0.0
0.1294234008229141,0.0,0.05890272204253982,0.0,0.0,0.0,-0.008004639013839798,0.0
0.025556724698465646,0.0,0.08406054937254763,0.0,0.0,0.0,0.007519620633033089,0.0
0.06277925035459972,0.0,0.12106658788252703,2.79514427193317e-05,0.0,0.0,0.011619698871475084,0.0
-0.02805717549542544,0.0,-0.07293130348336362,-3.82693318702193e-05,0.0,0.0,-0.009153943526470202,0.0
-0.05445173993521891,0.0,-0.06618057386395182,0.0,0.0,0.0,-0.013565756725817335,0.0
0.09529590047352045,0.0,-0.05047518434564807,0.0,0.0,0.0,-0.015643826230344562,0.0
-0.07930049164377703,0.0,-0.018409241025889662,0.0,0.0,0.0,0.0005470379781899876,0.0
0.058534688982728456,0.0,-0.027893954303729502,4.12463715640278e-05,0.0,0.0,-0.010435178242573742,0.0
-0.06905283227524488,0.0,0.1300819159552851,4.0433233156098036e-05,0.0,0.0,-0.006391644015866868,0.0
-0.08991146292693777,0.0,0.08718713219840607,0.0,0.0,0.0,0.011006544179144845,0.0
-0.06671240085489351,0.0,0.0635243960215127,0.0,0.0,0.0,0.013898690326077684,0.0
0.19511987330298525,0.0,0.1123930441361011,0.0,0.0,0.0,-0.00889570442716342,0.0
0.010029343619727103,0.0,-0.060693148603059986,0.0,0.0,0.0,-0.000706965708357446,0.0
-0.0848811263992732,0.0,-0.0337842781417648,4.125358444406757e-05,0.0,0.0,0.0027801983019366816,0.0
-0.03576894115889259,0.0,-0.030241113033634998,0.0,0.0,0.0,-0.0034638988149891525,0.0
0.05836037890241136,0.0,-0.01683964149820483,3.932559059994373e-05,0.0,0.0,-0.0037815374027748774,0.0
0.14877261576077763,0.0,-0.058312492534665174,0.0,0.0,0.0,-0.00018102185321233755,0.0
-0.0595563299875725,0.0,-0.06487818811479194,0.0,0.0,0.0,-0.00991694497595308,0.0
-0.011226728127790492,0.0,-0.07104415962352416,0.0,0.0,0.0,-0.0013711191216348312,0.0
-0.06406950260308064,0.0,-0.05081847865433411,-3.579523769883797e-05,0.0,0.0,-0.012110620390576966,0.0
-0.05796356043067649,0.0,-0.0016043277433530673,-3.7757856711187476e-05,0.0,0.0,0.00042896165229810144,0.0
-0.07203409565519694,0.0,0.12622539000074037,4.1024714257861805e-05,0.0,0.0,0.00018949228357307912,0.0
0.23178209292318713,0.0,-0.03448903156616253,3.98450290865493e-05,0.0,0.0,0.001309733967272998,0.0
-0.057201363775800144,0.0,-0.05608727413268803,-3.443304075650966e-05,0.0,0.0,-0.011421211176047032,0.0
-0.04535136284929339,0.0,0.12571374917673186,0.0,0.0,0.0,0.006957642455587387,0.0
-0.032590199988810194,0.0,0.10267723909897915,0.0,0.0,0.0,0.014329826239781962,0.0
-0.09178689558188842,0.0,-0.01477196690116318,-3.1030666155978937e-05,0.0,0.0,-0.007159880113588707,0.0
-0.03249455887714335,0.0,-0.03947804357336994,-3.797153457285596e-05,0.0,0.0,0.015999402883697337,0.0
0.0359921049238353,0.0,0.015525732897482037,3.985041849177695e-05,0.0,0.0,-0.006527452948146769,0.0
0.05468875043197541,0.0,0.0736555918577555,1.6075649434232897e-05,0.0,0.0,0.0059404388906594136,0.0
0.03746968902521267,0.0,0.030711604169479684,0.0,0.0,0.0,-0.016005891505935288,0.0
-0.09400775036965256,0.0,-0.045780760507882705,-2.9528169090631273e-05,0.0,0.0,0.013358022320313377,0.0
0.056209355835730224,0.0,0.010317101214943026,3.0854373049102324e-05,0.0,0.0,-0.004440421230555503,0.0
0.12734237200641071,0.0,0.04165166954780295,0.0,0.0,0.0,0.00799739039844416,0.0
-0.05095091928174797,0.0,-0.06743233150354344,-3.672959377240548e-05,0.0,0.0,-0.016213874605038325,0.0
-0.01329068831139699,0.0,0.11235764473659392,0.0,0.0,0.0,-0.00870473637515752,0.0
-0.030838196623919414,0.0,0.014068352485770213,-2.7006867174564353e-05,0.0,0.0,-0.005716718348552231,0.0
0.11401866308301961,0.0,0.06885756512494863,0.0,0.0,0.0,-0.015487789982040756,0.0
-0.04165268501344375,0.0,0.024473900968271865,4.0520608726869745e-05,0.0,0.0,-0.016806701924968824,0.0
-0.048013860576302844,0.0,-0.07458569740492765,0.0,0.0,0.0,0.0056733041867417094,0.0
0.16145152686891406,0.0,0.052267959450905815,0.0,0.0,0.0,-0.014680594287968945,0.0
-0.08206902876237994,0.0,-0.006363059291170339,0.0,0.0,0.0,0.006636215843228974,0.0
0.02420231374897626,0.0,0.020877555395404625,2.703614541934435e-05,0.0,0.0,0.006091993503601611,0.0
-0.06096688635313899,0.0,-0.07163565423347788,0.0,0.0,0.0,0.016595047687857134,0.0
0.03463639568103664,0.0,0.10888982780741997,1.4846472993129689e-05,0.0,0.0,0.014814463162701595,0.0
0.11354550396093051,0.0,-0.048149051215160325,0.0,0.0,0.0,0.016461764017907526,0.0
-0.021190907930396706,0.0,-0.044203449948877184,0.0,0.0,0.0,0.0028901547992778998,0.0
-0.08629165306262879,0.0,0.05642546209457753,0.0,0.0,0.0,0.002055288612084809,0.0
-0.02173545402698403,0.0,-0.016545003103547562,0.0,0.0,0.0,0.001011966578764359,0.0
0.160744384472778,0.0,0.11081495998998397,0.0,0.0,0.0,-0.0031488713533353585,0.0
-0.09329178619063987,0.0,0.05843483049862606,0.0,0.0,0.0,0.01633504979410095,0.0
0.026721933019874394,0.0,-0.06796791456572272,3.906798237863357e-05,0.0,0.0,-0.004754825021821099,0.0
0.04121079854077581,0.0,-0.06292965944627316,-3.815468048343554e-05,0.0,0.0,-0.005272618888592237,0.0
0.08769825721991976,0.0,0.047103235866803754,0.0,0.0,0.0,0.01638535960796922,0.0
-0.08797869904927375,0.0,-0.075714789915587,-2.0678579369742822e-05,0.0,0.0,-0.010127652575445989,0.0
0.23050996811421692,0.0,-0.07334113380777642,3.593592093970033e-05,0.0,0.0,0.014385229211086936,0.0
-0.09861328936240889,0.0,0.019702399873678958,0.0,0.0,0.0,0.010966510875439262,0.0
0.011799800173486247,0.0,-0.06722680664016624,-3.821639881011751e-05,0.0,0.0,-0.007131397216230123,0.0
0.04204912225784331,0.0,0.01686434673625919,0.0,0.0,0.0,0.014840483033399673,0.0
0.06039995967621818,0.0,-0.061116000106841234,3.891319571320585e-05,0.0,0.0,0.009887325400031044,0.0
-0.0709170885317532,0.0,-0.07232324789818892,0.0,0.0,0.0,-0.01525108228821459,0.0
-0.02457408073195973,0.0,0.016751448535565892,0.0,0.0,0.0,0.0058575257102546595,0.0
0.03685716338757708,0.0,0.09124995079688819,0.0,0.0,0.0,0.010785535467243451,0.0
-0.05354524815322951,0.0,0.031521941091865874,0.0,0.0,0.0,-0.008413030885346832,0.0
0.052576869555167924,0.0,0.044481590733124375,0.0,0.0,0.0,0.004367305704053637,0.0
-0.05145007140516888,0.0,-0.03791839733779355,-3.400768866824999e-05,0.0,0.0,0.013057344677890477,0.0
0.14260361965727775,0.0,0.012490309508867902,3.018837079957204e-05,0.0,0.0,0.0008004997546866128,0.0
0.010826651728905401,0.0,-0.06403013233812159,0.0,0.0,0.0,0.011046038279037091,0.0
-0.061188823103461285,0.0,0.0709073342413791,-2.9856067262601718e-05,0.0,0.0,-0.013007800272156941,0.0
0.032054865452796615,0.0,0.05232711404857739,4.152361807464866e-05,0.0,0.0,-0.00995530863360297,0.0
-0.0596017681801175,0.0,-0.05262834641056626,-2.7291222384304148e-05,0.0,0.0,0.014730601247819688,0.0
0.029325171098693984,0.0,0.033437834828502495,0.0,0.0,0.0,0.012105493352960725,0.0
0.22879520145215346,0.0,-0.03203517684321917,0.0,0.0,0.0,-0.0034164159900167135,0.0
-0.05617239093525152,0.0,-0.050912397352139004,0.0,0.0,0.0,-0.01349864259774311,0.0
0.0026211907269576284,0.0,-0.0626316502302632,0.0,0.0,0.0,-0.012781088032409425,0.0
-0.05851162379352927,0.0,0.04303585851686213,0.0,0.0,0.0,0.012873991777359622,0.0
-0.08750091749159372,0.0,0.020212496445882848,4.141500241384988e-05,0.0,0.0,0.015945793972059575,0.0
-0.060730522077307024,0.0,0.0056216851483244295,0.0,0.0,0.0,0.003820261042437531,0.0
-0.08693733341253168,0.0,-0.0758545902236986,0.0,0.0,0.0,0.012702450151418632,0.0
-0.06514131475958494,0.0,-0.0651004234967511,-3.138180165031257e-05,0.0,0.0,0.009362444771874662,0.0
0.024726327607181003,0.0,-0.059493090499681274,-3.7149459796000095e-05,0.0,0.0,-0.008200273561562018,0.0
-0.011382123629979115,0.0,0.017444518985244722,0.0,0.0,0.0,0.013271592120310913,0.0
-0.022040571315084214,0.0,-0.03010921826951442,-3.883149445604861e-05,0.0,0.0,-0.01560391470167067,0.0
0.12362360323962013,0.0,-0.07576008179100159,0.0,0.0,0.0,0.006698331007655614,0.0
-0.09244101881305901,0.0,0.077422113315348,0.0,0.0,0.0,0.016015374996526666,0.0
-0.03376316675370649,0.0,-0.052166978289647926,-3.587625236406433e-05,0.0,0.0,0.0027053649400419428,0.0
-0.09089021173322903,0.0,0.07051240199889415,0.0,0.0,0.0,0.012310707541637475,0.0
-0.07759232622133343,0.0,-0.04230587799614867,0.0,0.0,0.0,0.014862406503430015,0.0
0.07113411044944566,0.0,-0.041081499714033444,0.0,0.0,0.0,0.016327431341833613,0.0
-0.10022883375724433,0.0,-0.006348743977738628,0.0,0.0,0.0,-0.0021150245406841156,0.0
-0.004562404125087341,0.0,0.05070362396951918,0.0,0.0,0.0,-0.0006592707523392083,0.0
-0.08931994049551974,0.0,0.09908952646887456,0.0,0.0,0.0,-0.009017197494894394,0.0
-0.07696947305845386,0.0,0.04820181990464229,-3.6883174653966344e-05,0.0,0.0,-0.011662309659626766,0.0
0.15170111039325224,0.0,-0.06495651576568721,0.0,0.0,0.0,0.010900597758289818,0.0
0.019224400319780777,0.0,0.038750231562419614,0.0,0.0,0.0,-0.011169519280738865,0.0
0.1924037184190209,0.0,-0.061866159175451574,3.969273229034731e-05,0.0,0.0,-0.0008725987116326319,0.0
-0.0051518518364300474,0.0,0.02179090094423482,0.0,0.0,0.0,0.0005083419741865394,0.0
-0.023184206568040558,0.0,0.10690473511141507,4.082668382786314e-05,0.0,0.0,-0.010317704980400886,0.0
0.04979287011823956,0.0,0.044409024155975606,0.0,0.0,0.0,-0.014907660712518034,0.0
0.159094627095068,0.0,0.09693106346521865,0.0,0.0,0.0,-0.009345282796624221,0.0
-0.05715526325076223,0.0,-0.00331628804152736,-1.6971839799748145e-05,0.0,0.0,-0.015499710909897007,0.0
0.07240167311646441,0.0,0.05153732470517452,0.0,0.0,0.0,0.011203685208670877,0.0
0.0533181326615709,0.0,0.039816624716704496,0.0,0.0,0.0,0.0012016619668079598,0.0
-0.0774461957938526,0.0,-0.00963504803525116,0.0,0.0,0.0,-0.008189212007011004,0.0
0.010096337486524372,0.0,-0.06584802687029875,0.0,0.0,0.0,-0.00045844202187468597,0.0
0.1184768533115896,0.0,0.11144850294869496,0.0,0.0,0.0,-0.0027584959171237933,0.0
0.005002195405257259,0.0,0.12089692508216643,0.0,0.0,0.0,0.005553230368584969,0.0
-0.09922638540743907,0.0,-0.05418827906259704,-3.7159315065038445e-05,0.0,0.0,0.016261764005161602,0.0
0.05572842297596425,0.0,-0.05359838706596408,0.0,0.0,0.0,-0.000854467662023746,0.0
-0.06053426667571316,0.0,-0.004058066423137649,0.0,0.0,0.0,0.012225449583674155,0.0
-0.0937344601430432,0.0,0.0582665541521873,0.0,0.0,0.0,0.006210786336381752,0.0
0.15952296430708698,0.0,0.04437337481987556,0.0,0.0,0.0,0.006483171038433322,0.0
0.08096436866742722,0.0,0.07421671300504402,0.0,0.0,0.0,0.006701139073750417,0.0
0.19951321909471867,0.0,-0.06670513649550328,0.0,0.0,0.0,0.002630209666857952,0.0
-0.062190041822210954,0.0,0.12162096044317544,4.172482429644353e-05,0.0,0.0,0.012546008756572918,0.0
-0.07222523157818755,0.0,-0.06027053320196929,0.0,0.0,0.0,-0.0069061637627526595,0.0
-0.054872992916472664,0.0,0.04882098803067275,-3.497104854039909e-05,0.0,0.0,-0.009876788016779946,0.0
0.03893677915396193,0.0,0.04204179610838833,0.0,0.0,0.0,-0.002059403927902284,0.0
0.05630698931568209,0.0,-0.021821250292522004,0.0,0.0,0.0,-0.0031266038711156713,0.0
-0.051555800013052364,0.0,-0.016733403121495738,0.0,0.0,0.0,-0.014460611613080945,0.0
0.027100916150101708,0.0,0.10872310235072435,0.0,0.0,0.0,0.010320400455158169,0.0
0.06184385375046872,0.0,-0.06124191080567165,3.338831611934996e-05,0.0,0.0,0.010763162030166083,0.0
0.07592489923632517,0.0,-0.05798066023273532,-3.49845370003557e-05,0.0,0.0,-0.013301697168701575,0.0
-0.0739582718822991,0.0,0.051384406953469144,0.0,0.0,0.0,0.010255729668429303,0.0
0.05968231240915063,0.0,-0.04282716039197052,2.5673371235261644e-05,0.0,0.0,0.010838045490939224,0.0
0.051787755903032674,0.0,-0.023043987510790696,-3.3412788687715855e-05,0.0,0.0,-0.014725020729219808,0.0
0.11377906160900289,0.0,-0.0001389089897408241,0.0,0.0,0.0,-0.00818427817507288,0.0
-0.036824049614035084,0.0,-0.02172149192857962,-3.652360339569116e-05,0.0,0.0,-0.0005480978071850615,0.0
-0.013434479057696442,0.0,0.11766570672001148,3.967607796995232e-05,0.0,0.0,-0.0076494509307698634,0.0
-0.09068517212819921,0.0,-0.07110073879835813,0.0,0.0,0.0,0.008428553187290105,0.0
0.014193094254341844,0.0,-0.07385050141963594,3.372713921886983e-05,0.0,0.0,0.009270241411411263,0.0
0.13409594259582933,0.0,0.0663613775185898,0.0,0.0,0.0,-0.007798270840746913,0.0
0.11917619231668337,0.0,-0.07440731231939253,4.0098482400705016e-05,0.0,0.0,0.007962201435917927,0.0
-0.08024009888176913,0.0,0.061900189678442144,4.0527520723396965e-05,0.0,0.0,0.012979666183860646,0.0
-0.09022618687396389,0.0,-0.06318404877997497,-3.658338675921469e-05,0.0,0.0,-0.0075998806013020245,0.0
-0.07099534632972465,0.0,-0.053149414444661786,0.0,0.0,0.0,-0.007982197356268733,0.0
0.058461395439235654,0.0,-0.04239356380762279,3.989782870241973e-05,0.0,0.0,0.011562772249804083,0.0
-0.035967814941220276,0.0,-0.05635365872872225,0.0,0.0,0.0,0.007142695141910349,0.0
-0.009588492768483153,0.0,-0.05192984302956503,4.103509675607714e-05,0.0,0.0,0.01522940021643466,0.0
0.00041920652270271974,0.0,-0.05542894567973534,0.0,0.0,0.0,-0.0020719313645222092,0.0
0.16131033906864684,0.0,0.006755050019497239,2.8891394105140522e-05,0.0,0.0,-0.007576529264225805,0.0
0.03278751793690399,0.0,0.008477036748414693,3.944219295533291e-05,0.0,0.0,0.005091363592679092,0.0
-0.058433140681496507,0.0,0.005958774541856907,0.0,0.0,0.0,0.007443532896450861,0.0
0.18505541936670947,0.0,-0.038686456276229214,-2.8507029924323968e-05,0.0,0.0,-0.011702952197039962,0.0
-0.08549757437086448,0.0,-0.02278601924897428,-3.407311727522677e-05,0.0,0.0,0.00541488084099404,0.0
0.13712135558677913,0.0,-0.03661883151090027,3.462278893755222e-05,0.0,0.0,0.012601140442150488,0.0
-0.06402729670467765,0.0,0.08102883517197378,4.09843187771583e-05,0.0,0.0,-0.009867376205195864,0.0
0.21439010932622005,0.0,0.047766404371516864,0.0,0.0,0.0,-0.01160251927941136,0.0
-0.09156434100570154,0.0,0.0842580536806557,4.086972086816097e-05,0.0,0.0,0.011053917675884576,0.0
-0.0063938355289260024,0.0,0.027126241689669085,0.0,0.0,0.0,-0.003037367602555477,0.0
0.1305958492843127,0.0,-0.0025637877202297453,-3.697939432545372e-05,0.0,0.0,-0.004360536127133868,0.0
-0.022990043386299425,0.0,-0.05309814839181874,0.0,0.0,0.0,0.0024168796855184166,0.0
-0.058733741165262296,0.0,0.024582808645091797,0.0,0.0,0.0,-0.015813466578044482,0.0
-0.03182334863700775,0.0,-0.037046810430314644,0.0,0.0,0.0,-0.008344455442078805,0.0
-0.01118831128436284,0.0,-0.04591424512521309,0.0,0.0,0.0,0.011042738381307232,0.0
0.03175366257466699,0.0,-0.029215207762983166,4.2586660589316594e-05,0.0,0.0,0.005786943062171789,0.0
-0.01827206631767798,0.0,-0.07331564101750873,0.0,0.0,0.0,-0.013094739143475656,0.0
0.20226794199302825,0.0,-0.04593420318117678,0.0,0.0,0.0,0.009866629832090523,0.0
0.010923794348526524,0.0,-0.05915693392245252,4.024977064324975e-05,0.0,0.0,0.0003121200748034787,0.0
0.025245611282643535,0.0,0.11675501075662831,2.113280908375148e-05,0.0,0.0,0.0010200635331352552,0.0
0.11245479695583589,0.0,-0.023351788771063642,0.0,0.0,0.0,0.016050581303438533,0.0
0.05562324966994925,0.0,-0.07242809069098713,0.0,0.0,0.0,0.014971460799852315,0.0
0.16269090495845237,0.0,0.016400453417231894,3.285401552738376e-05,0.0,0.0,0.013533763998854613,0.0
0.14758084665121857,0.0,-0.028323783598497895,-3.5873292244775756e-05,0.0,0.0,-0.016556541226473473,0.0
0.16537415049199894,0.0,0.02732457969575292,0.0,0.0,0.0,0.01648970036109737,0.0
0.08412893969881159,0.0,0.026381626729986035,3.1843190501160135e-05,0.0,0.0,0.002475535909866605,0.0
-0.09395246266330956,0.0,-0.05026616116517042,3.976675645533945e-05,0.0,0.0,0.004827160343499601,0.0
-0.08164520264034185,0.0,-0.05616467917941201,0.0,0.0,0.0,-0.014105699167041463,0.0
0.2013832145584013,0.0,-0.042942924582819474,0.0,0.0,0.0,0.0014538178441566851,0.0
-0.015797080497644275,0.0,0.043774095983858785,3.128936835301854e-05,0.0,0.0,0.004586017351157305,0.0
0.1634813254888981,0.0,-0.0037523543510843416,0.0,0.0,0.0,0.008507194148431697,0.0
0.01620092776831401,0.0,0.10386117902197019,0.0,0.0,0.0,-0.005199159086741373,0.0
0.15003614317265007,0.0,-0.02707300859707882,4.011901728451228e-05,0.0,0.0,0.013725836860473425,0.0
-0.0947518715654535,0.0,0.00992965642416016,0.0,0.0,0.0,0.010326570811449937,0.0
-0.013834850382649073,0.0,-0.04438634519517667,-1.1308939349349845e-05,0.0,0.0,-0.009197187988480083,0.0
0.16251939173099225,0.0,0.04933835319252594,0.0,0.0,0.0,-0.010347107877476586,0.0
0.04390305217107104,0.0,-0.06430480194845759,3.9695040497403355e-05,0.0,0.0,-0.008480753031751255,0.0
-0.0659581464867308,0.0,-0.0633016378803294,0.0,0.0,0.0,-5.595049508605454e-05,0.0
-0.009914029602553854,0.0,-0.02041930921754667,0.0,0.0,0.0,0.011691269958320476,0.0
-0.05977928486628591,0.0,-0.07394723175816889,0.0,0.0,0.0,0.0036181442949242137,0.0
0.17852587236530082,0.0,-0.02627009825085692,0.0,0.0,0.0,0.011714844373095501,0.0
-0.08574869820264498,0.0,-0.0687505546802268,-1.4761091542275784e-05,0.0,0.0,-0.013217495590758025,0.0
-0.0373982433519914,0.0,-0.04212444189848438,0.0,0.0,0.0,-0.015454932965857482,0.0
-0.0706822566216797,0.0,-0.04557907097070559,-3.8223668367837194e-05,0.0,0.0,-0.014001060949339282,0.0
0.23220589825415539,0.0,-0.04866163839885915,3.955438351893603e-05,0.0,0.0,0.002687584068212754,0.0
-0.055813002937607596,0.0,-0.024242086833475965,-3.635066827960276e-05,0.0,0.0,-0.013367779253639422,0.0
0.04323892764724665,0.0,0.062396354822010905,0.0,0.0,0.0,0.009801330137926029,0.0
0.09424363502552144,0.0,0.048423446773744286,0.0,0.0,0.0,0.0050686023582871,0.0
0.04580201211406199,0.0,-0.047869994691699544,-3.605480560164159e-05,0.0,0.0,-0.015110679050104573,0.0
0.0888511777094351,0.0,-0.06014947087153874,3.99447420688509e-05,0.0,0.0,0.010856931642605334,0.0
0.012534310573987767,0.0,0.12409628361971352,0.0,0.0,0.0,-0.008978963314117794,0.0
-0.05947280746109002,0.0,0.04617625416753254,0.0,0.0,0.0,-0.013363055546249912,0.0
0.13190581464762177,0.0,-0.05703002152792559,0.0,0.0,0.0,-0.015164158959473054,0.0
-0.07484505190636452,0.0,0.05510353907500205,0.0,0.0,0.0,0.00028759890541921185,0.0
0.06884048419211866,0.0,0.02871412070490177,4.1066210150167426e-05,0.0,0.0,-0.015677968908007045,0.0
-0.08778822563834837,0.0,-0.06368043829992794,-3.699641046550628e-05,0.0,0.0,-0.012092252200095755,0.0
0.21230395450683592,0.0,0.11775303172782614,0.0,0.0,0.0,-0.0027075330226963845,0.0
-0.009708673544568296,0.0,0.1272212518406598,4.156720240890144e-05,0.0,0.0,-0.01651959459213775,0.0
0.16176842105228648,0.0,0.10164405969464672,0.0,0.0,0.0,-0.00650349870730027,0.0
0.07766750412621845,0.0,0.07395668856848546,0.0,0.0,0.0,-0.004854759433604916,0.0
-0.07374380305609286,0.0,0.057055068595204095,0.0,0.0,0.0,-0.0003900237777223342,0.0
0.1385974089919576,0.0,0.09595614165985171,1.1372734374293092e-05,0.0,0.0,0.015914207598304045,0.0
-0.027331371937136306,0.0,-0.060474410651188165,0.0,0.0,0.0,-0.006129097071146922,0.0
-0.04434482659296198,0.0,0.09698216271416793,4.044875173375012e-05,0.0,0.0,-0.0038858706471800704,0.0
-0.040175362917725804,0.0,-0.012154547445099256,0.0,0.0,0.0,0.0010706897638318794,0.0
-0.0993599017792045,0.0,-0.04787879747525379,-3.633276361553195e-05,0.0,0.0,0.004955605125020874,0.0
-0.07952919569112321,0.0,-0.044986737355490386,0.0,0.0,0.0,-0.00853971015312574,0.0
-0.060344704350676744,0.0,-0.020632803810216326,-2.9556180470721727e-05,0.0,0.0,0.0,0.0
0.0505940631643774,0.0,0.09394328613499026,0.0,0.0,0.0,-0.008541992023223505,0.0
0.030714837842669478,0.0,-0.05644089478895651,0.0,0.0,0.0,0.010611361159992214,0.0
-0.09048217880386526,0.0,0.05986619546944152,3.986523381765972e-05,0.0,0.0,-0.005021743665074109,0.0
0.23566852467050242,0.0,-0.008858367855028823,3.905876638229944e-05,0.0,0.0,0.002004098580579768,0.0
-0.012617613159096206,0.0,-0.06421428085358505,0.0,0.0,0.0,-0.008941932585304846,0.0
-0.07813670748522922,0.0,0.011708765136716337,-3.6129226311201745e-05,0.0,0.0,-0.004349197800795691,0.0
-0.0905306686111056,0.0,-0.04236710286268698,0.0,0.0,0.0,-0.011453533056169835,0.0
-0.025159882375421095,0.0,0.1230682776373623,-3.755165098467961e-05,0.0,0.0,-0.0046880721655008645,0.0
0.024742872937332756,0.0,0.05770873316157713,0.0,0.0,0.0,-0.014645452561932004,0.0
-0.07321786436871715,0.0,0.008084901328003517,-3.763802548134576e-05,0.0,0.0,-0.014576301875327512,0.0
-0.07460461474182734,0.0,0.05082433029245572,0.0,0.0,0.0,0.015921291873907485,0.0
0.0009049250146468263,0.0,0.09796053706430839,0.0,0.0,0.0,0.004501716600692348,0.0
-0.09191742133958931,0.0,-0.041474632248582784,0.0,0.0,0.0,0.014112042173825529,0.0
-0.04389169592238959,0.0,0.00915645992714538,0.0,0.0,0.0,0.010680648155345265,0.0
0.017206156148359072,0.0,-0.06719851584553083,0.0,0.0,0.0,0.01655746108342332,0.0
-0.02751715528256814,0.0,-0.01370904984659292,0.0,0.0,0.0,-0.00505042479447812,0.0
-0.050770215989790965,0.0,-0.03720401446216466,0.0,0.0,0.0,0.001918965622501323,0.0
0.16450479706343585,0.0,0.11378468664417951,2.2202054507536317e-05,0.0,0.0,0.008435500661360125,0.0
0.025876596969258793,0.0,-0.03790352976914158,0.0,0.0,0.0,-0.009118173514595013,0.0
0.2245489220637638,0.0,0.10533741285134633,0.0,0.0,0.0,0.013829898101085258,0.0
-0.07810424685133976,0.0,-0.0011713113691119892,-3.6185942412919614e-05,0.0,0.0,0.004532933066854582,0.0
0.019428217227240734,0.0,-0.03642994444862242,3.4872212491987575e-05,0.0,0.0,0.010457073172561313,0.0
0.047299204239648826,0.0,0.007292735315952013,0.0,0.0,0.0,-0.0009182261088023919,0.0
-0.04763132176881146,0.0,-0.004685083059765482,-2.165798624303994e-05,0.0,0.0,-0.01540520972699852,0.0
0.10090053308607928,0.0,-0.07054139880382927,-3.1883852834018594e-05,0.0,0.0,-0.006769230790219478,0.0
0.005422535294687725,0.0,-0.0751909825256542,0.0,0.0,0.0,0.008868741583679222,0.0
-0.011453671637906886,0.0,-0.054529884995692744,-1.6067757130949767e-05,0.0,0.0,-0.006188813546824621,0.0
0.05902891490791279,0.0,0.040181793472967686,0.0,0.0,0.0,0.0,0.0
0.0682556964318817,0.0,-0.0006512428454891029,-3.477208272229665e-05,0.0,0.0,-0.013812998391344512,0.0
0.050328220247084096,0.0,-0.06919080191155176,0.0,0.0,0.0,-0.005743408744248418,0.0
0.03980367130435211,0.0,0.055238981618278796,4.0762580262129755e-05,0.0,0.0,-0.007786066287204209,0.0
0.22325176001105376,0.0,0.07604056842578943,0.0,0.0,0.0,-0.009725007850457323,0.0
0.013222757232117438,0.0,0.01443619413198783,2.858047468520808e-05,0.0,0.0,0.015424387565420684,0.0
-0.07457772034834025,0.0,-0.037317320246846745,-3.869002649513342e-05,0.0,0.0,-0.01167032955021756,0.0
-0.07806006760478156,0.0,0.06005215718500605,0.0,0.0,0.0,0.0009186021590391613,0.0
0.013593483636014661,0.0,0.05764297701997336,0.0,0.0,0.0,0.004417925865532718,0.0
0.1186104879685662,0.0,-0.030716639943892374,0.0,0.0,0.0,-0.016568219027643452,0.0
-0.05641496582252655,0.0,-0.05818663579789516,0.0,0.0,0.0,-0.003839534023356017,0.0
-0.09177193089265756,0.0,-0.07511047783989518,0.0,0.0,0.0,0.015620020146689728,0.0
0.1697996356786413,0.0,0.11997730020954268,3.5791546376617855e-05,0.0,0.0,-0.01373650096057099,0.0
-0.061731607951149674,0.0,0.022277430551181598,3.950761975277106e-05,0.0,0.0,-0.004819070548392131,0.0
0.05427970407403007,0.0,0.04215487340436752,3.2949425009615174e-05,0.0,0.0,0.0077057449921827436,0.0
-0.0800274588623791,0.0,0.0673656044757247,0.0,0.0,0.0,0.008737006784945142,0.0
-0.03781891595296277,0.0,-0.07611880055685792,-3.4373752448635386e-05,0.0,0.0,-0.012399428467712924,0.0
0.17519518001648243,0.0,-0.06362162294042217,0.0,0.0,0.0,0.01599167687092129,0.0
-0.04290360596046051,0.0,0.028612775399046584,0.0,0.0,0.0,0.006236453960376063,0.0
0.02754345608782701,0.0,-0.06966676521946462,0.0,0.0,0.0,0.004245778319555436,0.0
0.044084076816124904,0.0,-0.05462645657936408,-2.8823705295111246e-05,0.0,0.0,-0.0023513228898888257,0.0
-0.07962658102222882,0.0,0.09110398661388337,0.0,0.0,0.0,0.006500188785090788,0.0
-0.09596732703461035,0.0,-0.05064942285616834,-3.832164602399213e-05,0.0,0.0,0.0010563908033032793,0.0
0.183014858483393,0.0,-0.06268267277294935,0.0,0.0,0.0,-0.007891868793796566,0.0
-0.07425383347618328,0.0,0.025901468121687605,0.0,0.0,0.0,0.0012669898082216108,0.0
-0.0806675980661843,0.0,0.008251794813519722,4.065353853424658e-05,0.0,0.0,-0.0067203936692866745,0.0
-0.017799957739794068,0.0,-0.06288225655634497,0.0,0.0,0.0,0.0028655481710228026,0.0
0.12885652778063025,0.0,-0.03439149209537077,0.0,0.0,0.0,0.0103901729512057,0.0
-0.08497188131356567,0.0,-0.0701301851932391,4.025051466680085e-05,0.0,0.0,0.0015336164397832923,0.0
-0.07735285979304399,0.0,0.041104379958789766,0.0,0.0,0.0,-0.0021963381844777308,0.0
0.023441615944381683,0.0,0.06187353264432168,4.214064459120981e-05,0.0,0.0,0.01684804590806868,0.0
0.22742660425847355,0.0,0.04484914263354577,0.0,0.0,0.0,-0.005385073015075625,0.0
-0.0901006758289526,0.0,0.02028364436540951,-3.706322390073513e-05,0.0,0.0,-0.0064719188764846515,0.0
0.23689144353808034,0.0,0.023735221240283037,4.1401719327038844e-05,0.0,0.0,0.01668274570017613,0.0
0.03912217834287723,0.0,-0.052912246325583445,0.0,0.0,0.0,0.012646432710861473,0.0
-0.05442567012971391,0.0,-0.04484997379094316,-1.2829819577217516e-05,0.0,0.0,-0.010786956294221836,0.0
0.10813173123338694,0.0,0.12115992260761017,2.6379036712986803e-05,0.0,0.0,0.0025228448948024615,0.0
-0.002197895555619306,0.0,-0.05626642866544476,0.0,0.0,0.0,-0.003118599666961098,0.0
-0.015546722853426702,0.0,0.026015586972205195,-3.888044890897925e-05,0.0,0.0,-0.010080522590090724,0.0
0.011355509215132589,0.0,0.12711173896150552,0.0,0.0,0.0,-0.009199854586483341,0.0
0.09656654304514231,0.0,-0.062495870593077874,0.0,0.0,0.0,0.003160980524152951,0.0
-0.08228699692965635,0.0,0.022927473462283673,3.6388635164891214e-05,0.0,0.0,0.0005084592638084754,0.0
0.011531907598678948,0.0,-0.07535837536363733,0.0,0.0,0.0,-0.010921781049443123,0.0
-0.02358155413208035,0.0,0.015051142128050886,0.0,0.0,0.0,-0.010227885915062596,0.0
0.09650347804403157,0.0,-0.047294603537521636,-3.8789292570562406e-05,0.0,0.0,-0.016777971765615057,0.0
-0.10163267739529526,0.0,0.06891742517676336,0.0,0.0,0.0,0.01296942454480117,0.0
-0.05575584580064864,0.0,0.027979855374185673,0.0,0.0,0.0,0.016381011904343566,0.0
0.18934900752854356,0.0,-0.07528756158188804,0.0,0.0,0.0,-0.009461732620020036,0.0
-0.006834114547031416,0.0,-0.053914718300012945,0.0,0.0,0.0,-0.0005947783922076108,0.0
-0.0277868294816045,0.0,-0.06441669569044473,4.089856511098333e-05,0.0,0.0,0.008980767591654766,0.0
0.0673034748175839,0.0,0.016573755277708643,0.0,0.0,0.0,0.01482135517767777,0.0
-0.07345538665281073,0.0,-0.03570284147869108,0.0,0.0,0.0,-0.01678941216716026,0.0
-0.09136563479850657,0.0,-0.028372534992539514,0.0,0.0,0.0,0.006307862523084698,0.0
0.00603303480814357,0.0,0.0632172592125627,4.0149450872391246e-05,0.0,0.0,-0.010810420086349436,0.0
0.16746435415775593,0.0,-0.017587592089150474,2.6910573957594774e-05,0.0,0.0,0.009038757616369176,0.0
-0.0498229895182416,0.0,-0.07579215111856875,0.0,0.0,0.0,0.016722460469793476,0.0
-0.03336412106602519,0.0,-0.05854319128706603,0.0,0.0,0.0,0.01567076536097059,0.0
0.12774077807392595,0.0,-0.018966630369618348,-3.529593858304925e-05,0.0,0.0,-0.0003238451270163199,0.0
0.03903042637941089,0.0,-0.06399217461927632,0.0,0.0,0.0,0.0117655769572785,0.0
-0.05605885311628624,0.0,0.0653395891133319,0.0,0.0,0.0,0.016929869148590064,0.0
0.08393485058886242,0.0,0.0033910947344277377,0.0,0.0,0.0,-0.0006001748486749447,0.0
-0.05228948658574455,0.0,0.09071396260739147,0.0,0.0,0.0,-0.003791704766926106,0.0
0.1089181105371777,0.0,0.08615034920421981,0.0,0.0,0.0,0.005569326886553261,0.0
-0.006768996540451766,0.0,0.07979301447612801,0.0,0.0,0.0,0.014557824249525519,0.0
0.14504759039036366,0.0,0.0025134153223730932,3.809720065831024e-05,0.0,0.0,0.0028155418059100865,0.0
0.1112416045391731,0.0,0.014377958990934586,4.095503779699694e-05,0.0,0.0,-0.001974205891293622,0.0
0.01429958495307377,0.0,-0.0738365759038082,0.0,0.0,0.0,0.013982173275325228,0.0
0.23732645583199952,0.0,0.09337704793505987,0.0,0.0,0.0,0.01347806271089752,0.0
0.04598657525756459,0.0,-0.06993119538763655,-3.775091238422679e-05,0.0,0.0,-0.0018362162595704423,0.0
-0.09852120024116841,0.0,-0.008434335623605856,0.0,0.0,0.0,0.013051382399684591,0.0
-0.09110007704788191,0.0,0.10724265406185222,0.0,0.0,0.0,0.008838950554074465,0.0
-0.09521756952256359,0.0,0.027790125605534517,0.0,0.0,0.0,-0.007078437510554508,0.0
-0.08271730370860948,0.0,-0.04254806161274727,0.0,0.0,0.0,-0.00811233667526523,0.0
0.0475553027136841,0.0,-0.0022139758875045616,4.047097035107111e-05,0.0,0.0,0.0010262584637596554,0.0
-0.09325772567609537,0.0,0.007408963024043397,-3.84970224715786e-05,0.0,0.0,-0.008032659219109207,0.0
-0.08253472611627943,0.0,-0.030250526609360177,0.0,0.0,0.0,-0.015118150078553771,0.0
0.15257679809506922,0.0,0.04043700371446488,2.1801285432582196e-05,0.0,0.0,0.008931903553278293,0.0
-0.09383075709061438,0.0,-0.049306519158900636,0.0,0.0,0.0,-0.010929704588125644,0.0
0.035094984777201674,0.0,-0.06892686743978728,4.050826059980722e-05,0.0,0.0,0.015178333002211365,0.0
0.24013588693469987,0.0,-0.05462955905558871,4.148360089245573e-05,0.0,0.0,-0.0026133196060811313,0.0
-0.04558347098300812,0.0,-0.07201241880604942,0.0,0.0,0.0,-0.01587351395355137,0.0
0.004348150627741715,0.0,-0.052124024195964694,0.0,0.0,0.0,0.014532395271170711,0.0
0.06331198472121356,0.0,-0.00034450774633001946,0.0,0.0,0.0,0.012940765728735572,0.0
-0.0755980834500767,0.0,-0.0595034964993105,0.0,0.0,0.0,-0.015364371372987018,0.0
0.06159206134352369,0.0,0.0027618179362657222,1.0831634432356685e-05,0.0,0.0,0.002902408017729873,0.0
0.06698989888162242,0.0,0.039472868232317306,0.0,0.0,0.0,-0.0001322243099940723,0.0
0.008814647426214055,0.0,-0.03972445121900392,3.471746486731139e-05,0.0,0.0,0.009255795261934131,0.0
0.06378829520628754,0.0,-0.06525904192497683,4.1299798437183406e-05,0.0,0.0,0.006210483536758809,0.0
0.02988548842109992,0.0,0.041875056998801195,4.224466897538581e-05,0.0,0.0,0.00270945222945819,0.0
0.1141565556083054,0.0,0.05767640295530188,0.0,0.0,0.0,-0.01507444248924536,0.0
0.019089772253658367,0.0,0.038597542441440535,0.0,0.0,0.0,0.01479485302683077,0.0
-0.05476781894959525,0.0,-0.06872763922454157,3.9270671279317826e-05,0.0,0.0,0.009204632538019593,0.0
-0.020159354268763675,0.0,0.028328924142017108,0.0,0.0,0.0,0.006809046603940518,0.0
0.0014912179621782904,0.0,-0.009446946661700109,-3.35379569790812e-05,0.0,0.0,-0.004186562514498508,0.0
-0.09491554579099494,0.0,0.10789825970291247,0.0,0.0,0.0,0.013338219431197437,0.0
0.014009833960736125,0.0,-0.038738033282071156,3.48701013825406e-05,0.0,0.0,0.008445966368990926,0.0
0.15315811833441142,0.0,-0.03427539518492647,0.0,0.0,0.0,-0.01678089147377415,0.0
0.17942585350389734,0.0,-0.05867488769689609,-3.789420030934909e-05,0.0,0.0,-0.009599643489712182,0.0
-0.08997779018131814,0.0,-0.03515058837105071,0.0,0.0,0.0,-0.010638113694077633,0.0
-0.027948155734294794,0.0,-0.06440984750131945,4.004362606391254e-05,0.0,0.0,0.005984221879705405,0.0
0.1627535298286412,0.0,0.07068197093211778,0.0,0.0,0.0,0.012497285943485759,0.0
0.1065335676175684,0.0,-0.03681463912838903,0.0,0.0,0.0,0.012130884019585023,0.0
-0.007839972516280679,0.0,0.08288011846014398,0.0,0.0,0.0,-0.004904970714609408,0.0
-0.08706585411378563,0.0,0.11204685298090175,0.0,0.0,0.0,0.013566665061097119,0.0
-0.0024080284218184964,0.0,0.04097845234621,0.0,0.0,0.0,-0.0021545499188924955,0.0
-0.08345966818661499,0.0,-0.06552034846916263,0.0,0.0,0.0,0.0053615363321674325,0.0
-0.04677872539614126,0.0,-0.06356581804948146,-3.1685673973810835e-05,0.0,0.0,0.0026184958949090733,0.0
-0.06782697121853513,0.0,-0.014575760746753725,0.0,0.0,0.0,0.00040611131136403245,0.0
0.01550969690288574,0.0,-0.04945050762311435,0.0,0.0,0.0,-0.0012027444429735593,0.0
0.11606339563688414,0.0,0.031418833262031695,0.0,0.0,0.0,0.0016088052761846217,0.0
-0.09277073667422972,0.0,0.06859468464428373,-2.4968963538346545e-05,0.0,0.0,-0.012812063655420345,0.0
0.011926876979973699,0.0,0.007638532064578571,0.0,0.0,0.0,-0.009554452279196088,0.0
-0.09129550962050477,0.0,0.016122702534232963,0.0,0.0,0.0,0.009981268991932551,0.0
-0.0519245655646861,0.0,0.12413479392622584,0.0,0.0,0.0,0.008613221966514817,0.0
0.2257317025511861,0.0,0.07782018210415177,0.0,0.0,0.0,-0.0005682737857489184,0.0
-0.0925212641924635,0.0,0.10859754024982873,0.0,0.0,0.0,0.016122897155821145,0.0
-0.02213135760295985,0.0,0.06416137869045907,0.0,0.0,0.0,0.013610913857788606,0.0
-0.052103917287045165,0.0,0.0826203774584162,0.0,0.0,0.0,0.000820025215658729,0.0
0.07677414323279588,0.0,-0.056195620076768225,0.0,0.0,0.0,-0.007956406112351162,0.0
-0.033169742642366724,0.0,-0.042596656935241894,0.0,0.0,0.0,-0.005895570798224781,0.0
0.1686470123188425,0.0,0.007031325230135746,3.66206484324616e-05,0.0,0.0,0.006747643703824992,0.0
0.03925166020815427,0.0,0.06675056805964209,0.0,0.0,0.0,-0.0030169663495471233,0.0
0.15510813782691865,0.0,-0.013847287110282843,0.0,0.0,0.0,-0.00929217462526033,0.0
0.18679847217090706,0.0,-0.0390709064857115,3.249909029318099e-05,0.0,0.0,0.014630911416213248,0.0
0.022146858943190052,0.0,-0.014407390101844239,0.0,0.0,0.0,0.001143917056471917,0.0
-0.0026528035311454232,0.0,0.004632989214915873,0.0,0.0,0.0,0.0002219665695618071,0.0
-0.014794032187484003,0.0,0.010750600763535997,0.0,0.0,0.0,-0.01009458265305726,0.0
0.05553608277731743,0.0,0.03378557684838397,3.964838899175871e-05,0.0,0.0,0.0028423677333595464,0.0
0.011209029017686101,0.0,0.0569317715614033,0.0,0.0,0.0,0.009095284598513484,0.0
0.07723585343285524,0.0,0.08924743987175823,0.0,0.0,0.0,-0.01626507569216562,0.0
-0.08019590735028378,0.0,-0.04586639708655082,0.0,0.0,0.0,-0.016438409983302676,0.0
-0.07673646522916087,0.0,-0.04989224516138927,-3.542933882741406e-05,0.0,0.0,-0.015352599876344743,0.0
-0.06662798590787544,0.0,0.12492385718244856,3.931626316928949e-05,0.0,0.0,0.009212848085035657,0.0
-0.021444267165921026,0.0,-0.004877630196514982,-3.55180403954769e-05,0.0,0.0,0.007370682682637743,0.0
-0.07348674327399844,0.0,0.06127055388222637,0.0,0.0,0.0,-0.004726908675330238,0.0
-0.01823288663932398,0.0,0.03194340891304881,0.0,0.0,0.0,-0.008800292589667476,0.0
0.04160190464436286,0.0,0.031785615133900165,0.0,0.0,0.0,-0.0009553007486551301,0.0
-0.08052758337224736,0.0,0.04516979518103808,0.0,0.0,0.0,0.005639835225654206,0.0
-0.054517938008990116,0.0,-0.07432812038346887,0.0,0.0,0.0,-0.006812683557394783,0.0
-0.012671506594093756,0.0,-0.02887534965243163,-3.597742326489489e-05,0.0,0.0,-0.011857142067600116,0.0
-0.0521804680252114,0.0,-0.07389977087734251,0.0,0.0,0.0,0.004164793218302237,0.0
-0.05884312300531323,0.0,0.004232358707248203,0.0,0.0,0.0,0.011591319595144233,0.0
-0.07949083599335476,0.0,-0.04476732610563232,0.0,0.0,0.0,-0.010511218946173101,0.0
0.12395952077782224,0.0,0.052059960308331245,2.0811319806274264e-05,0.0,0.0,0.003940282679861522,0.0
0.027968142809028974,0.0,-0.060414064511018446,0.0,0.0,0.0,0.011519385619903025,0.0
-0.06623423208140906,0.0,-0.0013661676127275073,-3.340039536152417e-05,0.0,0.0,0.013417503656230626,0.0
-0.06324020655747106,0.0,-0.05970326243482192,-3.759307003509127e-05,0.0,0.0,-0.012204523316137464,0.0
-0.056305130143360804,0.0,-0.03588538212297659,0.0,0.0,0.0,0.004417679993035439,0.0
-0.0575008594216276,0.0,0.00013169554584421816,0.0,0.0,0.0,-0.012290785425754968,0.0
-0.028507238100062157,0.0,0.041611398225501965,4.006490721528144e-05,0.0,0.0,-0.004907013088847368,0.0
-0.06592620524039057,0.0,0.04659464285238172,3.327591230808599e-05,0.0,0.0,0.0045930447966904915,0.0
0.08594023853574086,0.0,-0.07389584438583477,3.931108131173533e-05,0.0,0.0,0.011330756621037162,0.0
-0.051679032093193925,0.0,-0.018780688662983148,0.0,0.0,0.0,0.0032639466789429195,0.0
-0.08949905967175234,0.0,0.0806676197944055,0.0,0.0,0.0,0.015527782346743554,0.0
0.1204451909299651,0.0,0.019633961470720485,0.0,0.0,0.0,-0.01367284136439434,0.0
-0.03983893776592194,0.0,0.023873333786382574,4.124076354872913e-05,0.0,0.0,0.015874443373451924,0.0
-0.04410615973740957,0.0,-0.056848824895298654,0.0,0.0,0.0,-0.001272882969458794,0.0
-0.06602831620570383,0.0,-0.07508448144950883,0.0,0.0,0.0,0.014078058042814645,0.0
-0.02242882803174473,0.0,0.027391624925509724,0.0,0.0,0.0,0.009537879739297487,0.0
0.11758656859741543,0.0,0.017476710175974054,0.0,0.0,0.0,0.007897328279594884,0.0
0.19919901041301677,0.0,0.09774126827591552,3.624294194809474e-05,0.0,0.0,0.00846673451000982,0.0
-0.04173651386437216,0.0,-0.05247796563621611,0.0,0.0,0.0,0.0015341584043492978,0.0
0.05186967507032406,0.0,-0.00792286972089351,0.0,0.0,0.0,0.014599766621690397,0.0
-0.05922690007622526,0.0,-0.021333063926232677,0.0,0.0,0.0,0.007251033248931366,0.0
0.10778315049629793,0.0,-0.04926241402908118,0.0,0.0,0.0,-0.005437168608339447,0.0
-0.08201765139392685,0.0,-0.01402872920477115,0.0,0.0,0.0,-0.010752224484586265,0.0
-0.0015839791727098212,0.0,0.006491308848670933,-3.795514094313726e-05,0.0,0.0,-0.0030485727989586673,0.0
0.026792550415035827,0.0,-0.04127735058421799,0.0,0.0,0.0,0.015019035647764665,0.0
-0.07501898623175492,0.0,0.006139682867708445,-3.6579332377773e-05,0.0,0.0,-0.0026701161952248733,0.0
0.002764276054903546,0.0,0.06244091077938382,0.0,0.0,0.0,0.002395956526985571,0.0
0.050759178065492835,0.0,0.010259032190025535,0.0,0.0,0.0,-0.0038093453270915123,0.0
-0.021430183904046506,0.0,-0.06758854120734355,-3.044194694787339e-05,0.0,0.0,-0.01608246002335179,0.0
0.004878944480024031,0.0,0.05596986622567919,0.0,0.0,0.0,0.011501720158240003,0.0
0.12283589564143432,0.0,0.019782854338365657,1.3386448923818905e-05,0.0,0.0,0.002510239041618946,0.0
-0.021325798794778132,0.0,0.021748590753935943,0.0,0.0,0.0,0.008196932792495979,0.0
0.18419374685471337,0.0,0.09449591496971252,0.0,0.0,0.0,0.006276716627102774,0.0
-0.08832987838085861,0.0,0.010163615094253403,0.0,0.0,0.0,-0.0010876347368188183,0.0
-0.08089658116641878,0.0,0.0457207726866995,4.001286453097705e-05,0.0,0.0,0.006643671774083909,0.0
-0.0376593998803275,0.0,-0.06651551246833755,0.0,0.0,0.0,0.00997367443285363,0.0
0.06663497558989194,0.0,0.03465539078384034,0.0,0.0,0.0,0.013863511600959222,0.0
-0.06160208993129314,0.0,-0.04607003994897199,-1.6702563809534166e-05,0.0,0.0,-0.014764753775531622,0.0
-0.08084625593336459,0.0,-0.06797127540739376,0.0,0.0,0.0,0.011810085291249411,0.0
-0.00753402746920391,0.0,-0.05748668418994325,-3.720224213990542e-05,0.0,0.0,-0.006621887800077328,0.0
0.03623967858393834,0.0,0.09493472772214963,0.0,0.0,0.0,0.009340055927636759,0.0
-0.07150043492024175,0.0,0.0830980614004558,0.0,0.0,0.0,0.015379792420457075,0.0
0.01484174106572088,0.0,0.010039428447718653,0.0,0.0,0.0,0.010577483699289085,0.0
-0.07848490094588537,0.0,0.053513546183714886,3.22175612066794e-05,0.0,0.0,0.009139882069423623,0.0
0.06395566633440714,0.0,0.008154857631293394,4.014141811305161e-05,0.0,0.0,-0.016377586941058713,0.0
0.014119449553645254,0.0,0.10052940682855319,0.0,0.0,0.0,-0.0056310381685542865,0.0
-0.014084988944234628,0.0,0.08157066469778992,0.0,0.0,0.0,0.012021316587667592,0.0
-0.08713892677798796,0.0,-0.06220570305461678,0.0,0.0,0.0,-0.00017153637643482766,0.0
-0.0063053028510826545,0.0,0.005737934907443927,4.155329218843984e-05,0.0,0.0,0.00637410223498274,0.0
0.1718652006933984,0.0,0.014371528077208685,3.581807272834414e-05,0.0,0.0,-0.01430772359619823,0.0
-0.07291312468941444,0.0,-0.0025982070257488526,0.0,0.0,0.0,-0.0072227772085674425,0.0
-0.08126607327425325,0.0,0.008788797432427898,-3.8623178518853996e-05,0.0,0.0,-0.013274914901402885,0.0
-0.015358989973847853,0.0,0.04062980279807937,0.0,0.0,0.0,0.013504540847023707,0.0
-0.01648860667571907,0.0,-0.04200001565345909,-2.646771689233246e-05,0.0,0.0,0.00617484980710844,0.0
0.060074144598178704,0.0,-0.0020109412125889903,0.0,0.0,0.0,-0.015464927007730481,0.0
-0.03245263231579503,0.0,0.07471532740058505,0.0,0.0,0.0,-0.005965881357229856,0.0
0.07260706499141333,0.0,0.008882313182325604,0.0,0.0,0.0,-0.001702571827617974,0.0
-0.06177537794902603,0.0,-0.06519900620682995,-2.9108019494752946e-05,0.0,0.0,0.01601721376175948,0.0
0.017373685361450425,0.0,-0.014696468524411846,0.0,0.0,0.0,-0.0009522593697780992,0.0
-0.04305168489185362,0.0,0.0863765639100553,3.617023084531712e-05,0.0,0.0,0.014933156656094954,0.0
-0.08423278096763706,0.0,-0.009863718927240219,-3.6375555536219406e-05,0.0,0.0,-0.008319299331204497,0.0
-0.09134812766812418,0.0,0.06290183933811423,-3.8453158588244024e-05,0.0,0.0,-0.0012115451885810241,0.0
-0.08296107701121175,0.0,-0.059649786293332285,0.0,0.0,0.0,-0.008266702793487846,0.0
-0.07334363775346528,0.0,-0.0661123980610128,-3.916427207611983e-05,0.0,0.0,0.00036317627634884143,0.0
-0.10050062076015136,0.0,-0.051075759381878506,-2.4405484506523356e-05,0.0,0.0,-0.014317058906248898,0.0
0.005499135153018139,0.0,0.009252682080115787,3.964683413954992e-05,0.0,0.0,-0.005573845123877741,0.0
-0.09901112296853706,0.0,0.05428880122818083,0.0,0.0,0.0,-0.0071229019237462055,0.0
-0.022910827343298336,0.0,-0.015222555612051991,0.0,0.0,0.0,0.005428462426166104,0.0
-0.011673049298114378,0.0,-0.03614031057674235,-3.1425756676944916e-05,0.0,0.0,-0.0020379849056614166,0.0
0.16817757630925909,0.0,0.052214675799616105,0.0,0.0,0.0,-0.003941412826658053,0.0
0.19747999723244852,0.0,0.024711884298122308,0.0,0.0,0.0,0.01221259201373126,0.0
-0.07775064998051293,0.0,-0.04532501837750915,-3.644397790167342e-05,0.0,0.0,0.015552251630729408,0.0
-0.011559439966228992,0.0,0.017285216936110563,-3.4935150333923956e-05,0.0,0.0,-0.0055277644639815035,0.0
-0.0569847763123717,0.0,0.10756594901377144,4.1381426987202596e-05,0.0,0.0,0.009713408883536011,0.0
0.05364414135186899,0.0,-0.06512687288986395,-2.755267134122233e-05,0.0,0.0,-0.010823696349831564,0.0
-0.09187634746562297,0.0,0.021147467203560654,3.936907819945823e-05,0.0,0.0,-0.004729245180778212,0.0
0.21938527206569106,0.0,0.0518505161383809,2.985180198894488e-05,0.0,0.0,-0.012628123267941684,0.0
0.21729224070692393,0.0,-0.06573690309995363,0.0,0.0,0.0,-0.006998458562256227,0.0
0.0488181402014424,0.0,0.01285307659367391,0.0,0.0,0.0,-0.0013075078210504076,0.0
-0.040750271324929,0.0,0.12098567276304156,0.0,0.0,0.0,-0.004829923913173856,0.0
-0.09210638845170314,0.0,-0.035636917031435025,-3.755555786785769e-05,0.0,0.0,-0.011205503918529452,0.0
0.13506159691529382,0.0,-0.07375589509062537,3.882549254122236e-05,0.0,0.0,0.0012004434347340385,0.0
-0.010821228145143658,0.0,-0.05881330473513717,0.0,0.0,0.0,-0.006941134738289376,0.0
-0.08058774764067779,0.0,0.05317436691921498,0.0,0.0,0.0,0.007544290642336568,0.0
0.12960557251700833,0.0,0.12634432682326086,3.847490713643209e-05,0.0,0.0,0.005774571644155988,0.0
-0.08075204585598131,0.0,-0.044167574798528154,0.0,0.0,0.0,-0.0025443618072385488,0.0
-0.07924682932406313,0.0,-0.026585377409183333,-3.847619332709995e-05,0.0,0.0,0.00729483661327831,0.0
-0.10131766956826942,0.0,-0.017353453159249892,0.0,0.0,0.0,0.01363501208908216,0.0
-0.053302161232900665,0.0,-0.04683822579499512,0.0,0.0,0.0,-0.0008177973324270393,0.0
0.17318462292675355,0.0,-0.06506922223293422,-3.267014201474572e-05,0.0,0.0,-0.012723793525599391,0.0
-0.06633594495897174,0.0,0.1104319857105119,0.0,0.0,0.0,0.00021145841989818337,0.0
-0.054718317372260634,0.0,-0.06084462561489261,0.0,0.0,0.0,0.010716539031874972,0.0
0.18116507668562234,0.0,0.060293566742315785,4.0200214046326455e-05,0.0,0.0,-0.0007941591449235606,0.0
-0.09408118684237234,0.0,0.07620918627145447,-2.487636480426325e-05,0.0,0.0,-0.01369948660760699,0.0
-0.09770205719456733,0.0,0.001840043333785013,0.0,0.0,0.0,-0.0024082245375883133,0.0
0.027031451426032856,0.0,0.027932303461586205,0.0,0.0,0.0,-0.014292735093927311,0.0
-0.017001985844471844,0.0,0.04697460990512343,0.0,0.0,0.0,0.004736023906868295,0.0
0.022266375998317784,0.0,-0.06514499954814988,4.1784644677009264e-05,0.0,0.0,-0.006616390759466143,0.0
-0.08489925104062493,0.0,-0.07370826668607194,0.0,0.0,0.0,-0.017009075394650436,0.0
0.02521072273881019,0.0,-0.07589296799815762,0.0,0.0,0.0,0.00026163221002160203,0.0
0.014794880009788625,0.0,-0.06446519587605655,0.0,0.0,0.0,-0.009298616522810103,0.0
-0.08798674784023815,0.0,0.0021773970985251856,0.0,0.0,0.0,-0.002344206200091808,0.0
-0.09571912237099242,0.0,-0.04143623041731323,0.0,0.0,0.0,-0.012515338462314118,0.0
-0.06671919756589344,0.0,0.004014320169195232,0.0,0.0,0.0,0.0006402883742431115,0.0
-0.03865161092634596,0.0,0.11925065367130366,0.0,0.0,0.0,0.010541494756558759,0.0
-0.017864359681162994,0.0,0.12257805542467835,-3.7360936306740644e-05,0.0,0.0,-0.0015006062465796062,0.0
0.0399113635704379,0.0,-0.07457213918309796,0.0,0.0,0.0,0.002644437742243544,0.0
-0.049393351942100455,0.0,0.07984972304030212,3.552184911446293e-05,0.0,0.0,0.011861885177674452,0.0
-0.07431097370299074,0.0,-0.07368945773958807,-3.902765936680819e-05,0.0,0.0,-0.006372796541717674,0.0
-0.06363585791369597,0.0,-0.06520853647510483,0.0,0.0,0.0,-0.008363993819407167,0.0
-0.06766246991641205,0.0,0.02255800952843112,0.0,0.0,0.0,-0.005079432814619436,0.0
0.2181792825790414,0.0,-0.05871402274236152,0.0,0.0,0.0,-0.0060550346825755386,0.0
0.025127407350081406,0.0,0.05926606153060862,0.0,0.0,0.0,-0.016253648542259497,0.0
0.1742335641607357,0.0,0.05608204382540056,0.0,0.0,0.0,0.0068196523585503654,0.0
-0.04604196536761863,0.0,0.0989299329953458,0.0,0.0,0.0,-0.009969584505101707,0.0
-0.0891898190779623,0.0,0.1013385123904324,0.0,0.0,0.0,-0.0041244487644448435,0.0
-0.033079102667484775,0.0,0.10930656144432487,-3.30432878036524e-05,0.0,0.0,-0.007487248339311356,0.0
0.12864505538510396,0.0,0.017063165243814158,0.0,0.0,0.0,-0.00134723224925834,0.0
0.10736656683190249,0.0,0.041691919625048764,4.07053083436304e-05,0.0,0.0,0.01020685662908962,0.0
-0.10055730371905212,0.0,-0.04290922113335907,0.0,0.0,0.0,-0.005215414748352021,0.0
0.136430615211667,0.0,-0.07348348492401509,0.0,0.0,0.0,0.01050349370258831,0.0
-0.09911992680183683,0.0,-0.03976918026189139,-3.845486223558181e-05,0.0,0.0,-0.00046268410656972596,0.0
0.005124463445255985,0.0,-0.03061081256853582,3.4873573407302044e-05,0.0,0.0,0.011550479342816609,0.0
-0.018736423353098955,0.0,-0.05158403408394786,-3.7012353704846124e-05,0.0,0.0,-0.011685836201193487,0.0
-0.06932456211585693,0.0,0.12546160862948366,-3.4959347439814104e-05,0.0,0.0,-0.014399251366788376,0.0
0.1748161310311627,0.0,0.049219681880498585,0.0,0.0,0.0,-0.01378069763991166,0.0
-0.04860165358673999,0.0,-0.05020449117871486,0.0,0.0,0.0,-0.00030767817042187673,0.0
-0.08223849445548206,0.0,-0.0463705762136061,-3.37396041634741e-05,0.0,0.0,-0.0011101991641280869,0.0
-0.09733419437260286,0.0,0.07986018531640549,0.0,0.0,0.0,0.000249040623952243,0.0
0.05322406519978807,0.0,-0.0684827494204071,0.0,0.0,0.0,-0.01007531731938368,0.0
0.033435452706205064,0.0,-0.03916771661788956,0.0,0.0,0.0,0.0068688937326894794,0.0
0.14928557705555479,0.0,-0.07439227559445588,0.0,0.0,0.0,0.014023595360104446,0.0
-0.008517058615361606,0.0,-0.05124068566369457,0.0,0.0,0.0,0.013202701059671154,0.0
0.0376990446236345,0.0,0.061660008960235727,0.0,0.0,0.0,-0.016115416259355725,0.0
0.00713480922571437,0.0,-0.06075946710098247,0.0,0.0,0.0,0.01023366761913991,0.0
-0.05736763444307857,0.0,0.1056502746142999,0.0,0.0,0.0,0.013907176304828205,0.0
-0.02520427744483094,0.0,-0.06920874056406523,0.0,0.0,0.0,0.009448711893927042,0.0
0.07983199455023784,0.0,0.09366808106994982,0.0,0.0,0.0,0.015569581945110544,0.0
0.20051081485078392,0.0,0.0711066491736936,4.099851527822329e-05,0.0,0.0,0.006655858740905028,0.0
-0.05138936299549054,0.0,0.03820542347783493,0.0,0.0,0.0,0.011980371775489211,0.0
-0.058013062766198345,0.0,0.09345833306373001,-3.552795690825797e-05,0.0,0.0,-0.005702251895305068,0.0
-0.026514582946612793,0.0,-0.03290649560189352,-3.5777724452373816e-05,0.0,0.0,-0.011979922390495251,0.0
-0.09294768377377653,0.0,0.07017092893152013,0.0,0.0,0.0,0.002628178583778354,0.0
-0.09282957895217944,0.0,0.025864903720964744,4.037568325669649e-05,0.0,0.0,-0.0064646355400183346,0.0
0.04790308344683485,0.0,-0.05961611970427053,0.0,0.0,0.0,0.006273187597147942,0.0
0.06931846946417813,0.0,-0.067805678702746,4.047030665873218e-05,0.0,0.0,-0.008442247654480295,0.0
0.18089093216675625,0.0,-0.04035129784511676,0.0,0.0,0.0,0.011302571442358661,0.0
-0.10065501547103405,0.0,-0.0556479903068345,0.0,0.0,0.0,-0.016890688335681525,0.0
-0.05270167125423632,0.0,-0.05449384656712732,-3.8534300156156664e-05,0.0,0.0,0.0050150209079407315,0.0
0.17397900613164502,0.0,-0.026146662418867518,0.0,0.0,0.0,-0.014539133205203308,0.0
0.014623037889498276,0.0,0.04347983689173813,0.0,0.0,0.0,0.011027902578907373,0.0
0.02921497303473414,0.0,0.07209182541540692,4.165627656632642e-05,0.0,0.0,0.005656246411970335,0.0
0.210962982817407,0.0,0.014781010950757161,2.585714849265286e-05,0.0,0.0,-0.0018995446620885784,0.0
0.134582279068636,0.0,-0.03282332499199827,0.0,0.0,0.0,0.007103772851300844,0.0
0.05396811282999445,0.0,-0.04001254886241602,0.0,0.0,0.0,-0.016871215526273145,0.0
-0.006097261341877466,0.0,-0.02557400171256765,3.975921783181194e-05,0.0,0.0,0.010625544565363652,0.0
-0.0444292037541368,0.0,0.10579755088978232,0.0,0.0,0.0,0.010390250001033295,0.0
0.05683070219734358,0.0,0.06744921141899886,0.0,0.0,0.0,-0.0096189958562658,0.0
-0.09211604534483461,0.0,-0.059990271571154795,-3.780761866323257e-05,0.0,0.0,0.01450466063426786,0.0
0.09046590678453317,0.0,0.09833375198870609,0.0,0.0,0.0,-0.0004684431520633747,0.0
-0.08535635918699314,0.0,-0.06939000198305785,0.0,0.0,0.0,0.009430325662076466,0.0
0.1860983979900089,0.0,-0.07478952506710333,0.0,0.0,0.0,0.016903011815244187,0.0
-0.09026766645562403,0.0,-0.04274441888520643,0.0,0.0,0.0,-0.00625570294901201,0.0
0.20314907006885244,0.0,0.09534215280147597,3.7952488677162055e-05,0.0,0.0,0.002156736059136856,0.0
-0.04885214845758384,0.0,0.004610463685878752,0.0,0.0,0.0,-0.014084411523470348,0.0
-0.05079963398660524,0.0,-0.05071174179374913,-3.7610947124816496e-05,0.0,0.0,-0.012331588928276689,0.0
-0.018928757212407832,0.0,0.002299189307447283,0.0,0.0,0.0,-0.0008095302136401777,0.0
0.002005700560902067,0.0,0.06916998101579733,0.0,0.0,0.0,-0.011447238906649606,0.0
-0.04499894895373808,0.0,0.10320037990696061,0.0,0.0,0.0,-0.005586057579055927,0.0
-0.08220185186752302,0.0,0.13019176477354685,-2.628236904274328e-05,0.0,0.0,-0.016265255549197537,0.0
0.09791342088370082,0.0,0.09567840157384609,1.3678829672930659e-05,0.0,0.0,0.00810010255188207,0.0
0.10686559922151989,0.0,0.0757542441464517,0.0,0.0,0.0,-0.01590639794180304,0.0
0.07574160626052673,0.0,0.015312513045604239,0.0,0.0,0.0,-0.01166594882426783,0.0
0.19349045411067275,0.0,0.028221263978547937,3.632061381064755e-05,0.0,0.0,0.0002161110116199036,0.0
0.23401453999431993,0.0,0.059636902965531126,0.0,0.0,0.0,0.0027205226880276934,0.0
-0.009861107848714235,0.0,0.02480019394240656,3.9897061558939045e-05,0.0,0.0,0.0052764623262304055,0.0
0.16579580072748024,0.0,-0.07245235611169192,0.0,0.0,0.0,0.004710158796067496,0.0
0.11527392287176547,0.0,0.053125419112214474,0.0,0.0,0.0,-0.0030156761827503376,0.0
-0.057602758200104194,0.0,-0.06710793785972231,0.0,0.0,0.0,-0.01110429946630595,0.0
0.055891896338206855,0.0,0.10738301175786864,0.0,0.0,0.0,0.005939488620223671,0.0
-0.0023542832524258393,0.0,-0.012119339873217746,-3.607383014181745e-05,0.0,0.0,-0.010573518041324845,0.0
0.07298203585027972,0.0,-0.046589705000467475,3.186754037608902e-05,0.0,0.0,0.0,0.0
0.037234159057619405,0.0,0.08794297558212957,4.0227327477687647e-05,0.0,0.0,0.005313232859652952,0.0
-0.07450342034155326,0.0,-0.016254192638428904,0.0,0.0,0.0,0.016542140282905488,0.0
0.14843648294153083,0.0,-0.04343666146609714,0.0,0.0,0.0,-0.0016040623686163213,0.0
0.12599819132292486,0.0,0.02496821369102222,2.681342600951986e-05,0.0,0.0,0.003114947302145166,0.0
-0.05695092257949658,0.0,-0.02768316247017677,-2.5696898807006652e-05,0.0,0.0,0.0048891116548536815,0.0
0.018491804176511667,0.0,-0.030066638639955928,-3.3059037467975116e-05,0.0,0.0,-0.004809700215527844,0.0
-0.04366426388933116,0.0,0.08962872038507454,-3.377192596820677e-05,0.0,0.0,-0.012642027857061812,0.0
-0.03570678094238544,0.0,0.02522204983563369,0.0,0.0,0.0,-0.01500746116048484,0.0
-0.0833355024327114,0.0,-0.0010229691986530203,-2.3152424959163587e-05,0.0,0.0,-0.007380263969732583,0.0
-0.09826515520278156,0.0,-0.07334968139179175,0.0,0.0,0.0,0.005490670583898016,0.0
-0.03285506202961413,0.0,-0.014151845298984568,0.0,0.0,0.0,0.014945955381567795,0.0
-0.061108987919255245,0.0,-0.05623369856680146,-2.4551468645300778e-05,0.0,0.0,-0.016287163704128516,0.0
-0.08510018454066046,0.0,-0.020526161615397553,3.985935500544491e-05,0.0,0.0,0.01272766469487249,0.0
-0.087818386921802,0.0,0.07706464110506045,0.0,0.0,0.0,-0.0075957536461584985,0.0
0.05880084102718048,0.0,0.04425176816246225,4.211667559836374e-05,0.0,0.0,-0.013215750472718172,0.0
-0.051063128580581804,0.0,-0.03492186013108632,0.0,0.0,0.0,0.0011927761073267373,0.0
-0.08653002737800405,0.0,0.0046818888556135335,0.0,0.0,0.0,0.01008812387031964,0.0
-0.03204021235754938,0.0,0.02561658452795276,0.0,0.0,0.0,0.011204902864682415,0.0
-0.09492962051695064,0.0,0.12702842293178704,0.0,0.0,0.0,0.003108080778360972,0.0
0.015765235524521665,0.0,-0.01488201037278259,3.805671273447069e-05,0.0,0.0,0.0024164282787970666,0.0
-0.006060719347429687,0.0,-0.03919824907510545,-3.9437592245054887e-05,0.0,0.0,0.01579154289869716,0.0
-0.006185564263333867,0.0,0.035269679414867416,-3.666463157315711e-05,0.0,0.0,-0.00039615438006197334,0.0
-0.05741904631812307,0.0,0.07183791823523081,0.0,0.0,0.0,0.007572141610943758,0.0
-0.0991591244727079,0.0,-0.041628704953343504,-1.888030649616068e-05,0.0,0.0,-0.007172178181928723,0.0
0.12154529461763099,0.0,-0.06846430402711515,0.0,0.0,0.0,0.010346873962163342,0.0
-0.08792418207048104,0.0,0.03219048889961283,0.0,0.0,0.0,0.015366178323294094,0.0
-0.0899554359913467,0.0,0.05360621649143198,0.0,0.0,0.0,0.013380270659954743,0.0
-0.0004727268321721334,0.0,-0.0038746294159212906,-3.457659433045088e-05,0.0,0.0,-0.011782132517464083,0.0
-0.04833736834762211,0.0,0.11669548194390345,0.0,0.0,0.0,0.006280520371299586,0.0
-0.08886751406887626,0.0,-0.059018205935126064,0.0,0.0,0.0,0.013775313010317675,0.0
0.0016670313736629493,0.0,0.011060935882630296,4.04606010895414e-05,0.0,0.0,-0.013795476444046868,0.0
0.12768823323219364,0.0,-0.05144736672854463,0.0,0.0,0.0,-0.0037140549027825653,0.0
0.021393354110420214,0.0,-0.020077021325922213,0.0,0.0,0.0,0.005388235125877713,0.0
0.23735391991663796,0.0,0.09933781969319623,0.0,0.0,0.0,-0.010117087175303796,0.0
0.23379214268586515,0.0,0.09925372004203775,0.0,0.0,0.0,0.013970619864861089,0.0
-0.054912834683450526,0.0,-0.010602790276217364,0.0,0.0,0.0,0.0063165590371120905,0.0
-0.034729747030148674,0.0,-0.02232671749815835,-2.9315421888012616e-05,0.0,0.0,0.00411080984901985,0.0
-0.029385679858497642,0.0,-0.026939112150262037,-3.721796396155552e-05,0.0,0.0,-0.01693547668900846,0.0
0.08017040880318688,0.0,-0.03158805973133661,0.0,0.0,0.0,-0.009401326188253727,0.0
0.002909399353588285,0.0,0.06373887867548488,4.1107955381335104e-05,0.0,0.0,-0.008508250090451459,0.0
0.04822179758065207,0.0,-0.06335058344364888,2.4721514554794724e-05,0.0,0.0,0.0011581560415478327,0.0
-0.03910799725880381,0.0,0.052414164663949846,4.197689441386154e-05,0.0,0.0,0.008751051658758934,0.0
0.04829713951000482,0.0,0.051437544181992735,0.0,0.0,0.0,-0.0037075487955378628,0.0
0.05892924210037814,0.0,0.030790400621506543,2.490258083884256e-05,0.0,0.0,-0.012323924144896019,0.0
0.21499364514757338,0.0,0.12574274113091807,0.0,0.0,0.0,0.004474671624025983,0.0
0.008929687289653855,0.0,-0.037099342678151855,0.0,0.0,0.0,-0.011186249427948186,0.0
0.10345383106882172,0.0,0.045576425925630853,4.006753350249692e-05,0.0,0.0,-0.016586276875529184,0.0
-0.0667753756965579,0.0,-0.052416882068427054,0.0,0.0,0.0,0.00984434712349605,0.0
0.08046436548030732,0.0,-0.0683324307793021,3.97682075639165e-05,0.0,0.0,-0.010828781411996526,0.0
-0.09929600058446404,0.0,0.05452476337784583,0.0,0.0,0.0,0.0008855880034990549,0.0
0.051968220583371354,0.0,-0.07150452445299617,0.0,0.0,0.0,0.014671729438386759,0.0
-0.06799521014774194,0.0,0.031553899682225904,4.033948632010259e-05,0.0,0.0,-0.0008023418935094009,0.0
0.1438364837238697,0.0,0.074624503482251,0.0,0.0,0.0,0.016806680803818613,0.0
0.020518025628868983,0.0,0.09095190049270846,0.0,0.0,0.0,0.016099986790018977,0.0
0.013133368662167848,0.0,0.08131292266960453,3.9473362882277985e-05,0.0,0.0,-0.00112707014014442,0.0
0.11314663655395772,0.0,-0.0718863212150176,0.0,0.0,0.0,-0.011508479037908886,0.0
0.06508271984570332,0.0,0.10523454328399282,0.0,0.0,0.0,-0.0026102678797665924,0.0
-0.08475104385496814,0.0,0.024204864663865004,-3.5972362588843065e-05,0.0,0.0,-0.013098607875104681,0.0
0.07701475808377405,0.0,-0.017670788041314,0.0,0.0,0.0,-0.0036794018555187796,0.0
0.10713930572932383,0.0,-0.06946558588588113,4.138951655698053e-05,0.0,0.0,-0.0004963309870537723,0.0
-0.07693105158555831,0.0,-0.04524155229651432,-2.893756465439934e-05,0.0,0.0,0.007918440723641739,0.0
-0.08753851338394489,0.0,0.12044689833275782,0.0,0.0,0.0,-0.014049059061905234,0.0
0.12999753295060412,0.0,0.007522129665856517,2.4164228555001444e-05,0.0,0.0,0.01400619695029353,0.0
0.11633987939605445,0.0,-0.01250955320068238,0.0,0.0,0.0,-0.013872791881035169,0.0
0.0059631979557714515,0.0,0.04028734613063616,0.0,0.0,0.0,0.0017295250751888022,0.0
-0.08413959721254836,0.0,0.039434703385123754,0.0,0.0,0.0,0.015030094624686921,0.0
0.01669423346399433,0.0,-0.009293002638883779,4.103924944056682e-05,0.0,0.0,-0.002818083080770861,0.0
0.18736963707351498,0.0,0.1259535058244553,0.0,0.0,0.0,0.01142814384823615,0.0
0.044731285549920924,0.0,0.11439296463915254,0.0,0.0,0.0,0.011844996676380393,0.0
-0.06470589473628784,0.0,0.06742853542719819,-3.838229792825325e-05,0.0,0.0,-0.013247781922807194,0.0
0.04422242537613012,0.0,0.06360092782115903,0.0,0.0,0.0,-0.00807456388569884,0.0
-0.029594414303674915,0.0,0.038340480858412136,0.0,0.0,0.0,-0.003188530428419125,0.0
0.03021963437865432,0.0,0.06391655796809873,3.9148435934097114e-05,0.0,0.0,-0.00356957615409549,0.0
-0.04959969410743033,0.0,0.10884468489622272,3.3355856967884345e-05,0.0,0.0,0.0033211325538305228,0.0
